fixture_id,kickoff_utc,team_id,team_name,opponent_id,opponent_name,side,predicted_sot,actual_sot,error,abs_error,source_predicted,source_actual,data_quality,confidence,reason
1489389,,6,Brazil,2386,Haiti,home,,5.0,,,none,fixture_statistics,actual_only_no_prediction,baja,SOT real disponible pero sin XI/props logueados -> no evaluable (no se empareja a posteriori)
1489389,,2386,Haiti,6,Brazil,away,,3.0,,,none,fixture_statistics,actual_only_no_prediction,baja,SOT real disponible pero sin XI/props logueados -> no evaluable (no se empareja a posteriori)
1489390,,31,Morocco,1108,Scotland,away,,2.0,,,none,fixture_statistics,actual_only_no_prediction,baja,SOT real disponible pero sin XI/props logueados -> no evaluable (no se empareja a posteriori)
1489390,,1108,Scotland,31,Morocco,home,,0.0,,,none,fixture_statistics,actual_only_no_prediction,baja,SOT real disponible pero sin XI/props logueados -> no evaluable (no se empareja a posteriori)
1489392,,2382,Ecuador,5530,Curaçao,home,,15.0,,,none,fixture_statistics,actual_only_no_prediction,baja,SOT real disponible pero sin XI/props logueados -> no evaluable (no se empareja a posteriori)
1489392,,5530,Curaçao,2382,Ecuador,away,,3.0,,,none,fixture_statistics,actual_only_no_prediction,baja,SOT real disponible pero sin XI/props logueados -> no evaluable (no se empareja a posteriori)
1489393,,25,Germany,1501,Ivory Coast,home,,7.0,,,none,fixture_statistics,actual_only_no_prediction,baja,SOT real disponible pero sin XI/props logueados -> no evaluable (no se empareja a posteriori)
1489393,,1501,Ivory Coast,25,Germany,away,,2.0,,,none,fixture_statistics,actual_only_no_prediction,baja,SOT real disponible pero sin XI/props logueados -> no evaluable (no se empareja a posteriori)
1489394,,12,Japan,28,Tunisia,away,,5.0,,,none,fixture_statistics,actual_only_no_prediction,baja,SOT real disponible pero sin XI/props logueados -> no evaluable (no se empareja a posteriori)
1489394,,28,Tunisia,12,Japan,home,,0.0,,,none,fixture_statistics,actual_only_no_prediction,baja,SOT real disponible pero sin XI/props logueados -> no evaluable (no se empareja a posteriori)
1489395,,1,Belgium,22,Iran,home,,7.0,,,none,fixture_statistics,actual_only_no_prediction,baja,SOT real disponible pero sin XI/props logueados -> no evaluable (no se empareja a posteriori)
1489395,,22,Iran,1,Belgium,away,,3.0,,,none,fixture_statistics,actual_only_no_prediction,baja,SOT real disponible pero sin XI/props logueados -> no evaluable (no se empareja a posteriori)
1489396,,32,Egypt,4673,New Zealand,away,,7.0,,,none,fixture_statistics,actual_only_no_prediction,baja,SOT real disponible pero sin XI/props logueados -> no evaluable (no se empareja a posteriori)
1489396,,4673,New Zealand,32,Egypt,home,,5.0,,,none,fixture_statistics,actual_only_no_prediction,baja,SOT real disponible pero sin XI/props logueados -> no evaluable (no se empareja a posteriori)
1489397,,9,Spain,23,Saudi Arabia,home,,8.0,,,none,fixture_statistics,actual_only_no_prediction,baja,SOT real disponible pero sin XI/props logueados -> no evaluable (no se empareja a posteriori)
1489397,,23,Saudi Arabia,9,Spain,away,,1.0,,,none,fixture_statistics,actual_only_no_prediction,baja,SOT real disponible pero sin XI/props logueados -> no evaluable (no se empareja a posteriori)
1489398,,7,Uruguay,1533,Cape Verde Islands,home,,2.0,,,none,fixture_statistics,actual_only_no_prediction,baja,SOT real disponible pero sin XI/props logueados -> no evaluable (no se empareja a posteriori)
1489398,,1533,Cape Verde Islands,7,Uruguay,away,,4.0,,,none,fixture_statistics,actual_only_no_prediction,baja,SOT real disponible pero sin XI/props logueados -> no evaluable (no se empareja a posteriori)
1489399,,26,Argentina,775,Austria,home,,5.0,,,none,fixture_statistics,actual_only_no_prediction,baja,SOT real disponible pero sin XI/props logueados -> no evaluable (no se empareja a posteriori)
1489399,,775,Austria,26,Argentina,away,,1.0,,,none,fixture_statistics,actual_only_no_prediction,baja,SOT real disponible pero sin XI/props logueados -> no evaluable (no se empareja a posteriori)
1489400,,1532,Algeria,1548,Jordan,away,,8.0,,,none,fixture_statistics,actual_only_no_prediction,baja,SOT real disponible pero sin XI/props logueados -> no evaluable (no se empareja a posteriori)
1489400,,1548,Jordan,1532,Algeria,home,,4.0,,,none,fixture_statistics,actual_only_no_prediction,baja,SOT real disponible pero sin XI/props logueados -> no evaluable (no se empareja a posteriori)
1489401,,13,Senegal,1090,Norway,away,,4.0,,,none,fixture_statistics,actual_only_no_prediction,baja,SOT real disponible pero sin XI/props logueados -> no evaluable (no se empareja a posteriori)
1489401,,1090,Norway,13,Senegal,home,,7.0,,,none,fixture_statistics,actual_only_no_prediction,baja,SOT real disponible pero sin XI/props logueados -> no evaluable (no se empareja a posteriori)
1489402,,10,England,1504,Ghana,home,,3.0,,,none,fixture_statistics,actual_only_no_prediction,baja,SOT real disponible pero sin XI/props logueados -> no evaluable (no se empareja a posteriori)
1489402,,1504,Ghana,10,England,away,,1.0,,,none,fixture_statistics,actual_only_no_prediction,baja,SOT real disponible pero sin XI/props logueados -> no evaluable (no se empareja a posteriori)
1489403,,3,Croatia,11,Panama,away,,2.0,,,none,fixture_statistics,actual_only_no_prediction,baja,SOT real disponible pero sin XI/props logueados -> no evaluable (no se empareja a posteriori)
1489403,,11,Panama,3,Croatia,home,,1.0,,,none,fixture_statistics,actual_only_no_prediction,baja,SOT real disponible pero sin XI/props logueados -> no evaluable (no se empareja a posteriori)
1489404,,27,Portugal,1568,Uzbekistan,home,,9.0,,,none,fixture_statistics,actual_only_no_prediction,baja,SOT real disponible pero sin XI/props logueados -> no evaluable (no se empareja a posteriori)
1489404,,1568,Uzbekistan,27,Portugal,away,,2.0,,,none,fixture_statistics,actual_only_no_prediction,baja,SOT real disponible pero sin XI/props logueados -> no evaluable (no se empareja a posteriori)
1489405,,31,Morocco,2386,Haiti,home,,11.0,,,none,fixture_statistics,actual_only_no_prediction,baja,SOT real disponible pero sin XI/props logueados -> no evaluable (no se empareja a posteriori)
1489405,,2386,Haiti,31,Morocco,away,,2.0,,,none,fixture_statistics,actual_only_no_prediction,baja,SOT real disponible pero sin XI/props logueados -> no evaluable (no se empareja a posteriori)
1489406,,6,Brazil,1108,Scotland,away,,9.0,,,none,fixture_statistics,actual_only_no_prediction,baja,SOT real disponible pero sin XI/props logueados -> no evaluable (no se empareja a posteriori)
1489406,,1108,Scotland,6,Brazil,home,,5.0,,,none,fixture_statistics,actual_only_no_prediction,baja,SOT real disponible pero sin XI/props logueados -> no evaluable (no se empareja a posteriori)
1489407,,17,South Korea,1531,South Africa,away,,3.0,,,none,fixture_statistics,actual_only_no_prediction,baja,SOT real disponible pero sin XI/props logueados -> no evaluable (no se empareja a posteriori)
1489407,,1531,South Africa,17,South Korea,home,,4.0,,,none,fixture_statistics,actual_only_no_prediction,baja,SOT real disponible pero sin XI/props logueados -> no evaluable (no se empareja a posteriori)
1489408,,15,Switzerland,5529,Canada,home,,4.0,,,none,fixture_statistics,actual_only_no_prediction,baja,SOT real disponible pero sin XI/props logueados -> no evaluable (no se empareja a posteriori)
1489408,,5529,Canada,15,Switzerland,away,,7.0,,,none,fixture_statistics,actual_only_no_prediction,baja,SOT real disponible pero sin XI/props logueados -> no evaluable (no se empareja a posteriori)
1489409,2026-06-25 20:00,1501,Ivory Coast,5530,Curaçao,away,4.213,3.0,1.213,1.213,player_sot_sum,fixture_statistics,evaluable,alta,pred=Σλ_sot 11 jugadores (XI 11); real=SOG /fixtures/statistics
1489409,2026-06-25 20:00,5530,Curaçao,1501,Ivory Coast,home,3.119,2.0,1.1193,1.1193,player_sot_sum,fixture_statistics,evaluable,alta,pred=Σλ_sot 11 jugadores (XI 11); real=SOG /fixtures/statistics
1489410,2026-06-25 20:00,25,Germany,2382,Ecuador,away,5.385,3.0,2.3851,2.3851,player_sot_sum,fixture_statistics,evaluable,alta,pred=Σλ_sot 11 jugadores (XI 11); real=SOG /fixtures/statistics
1489410,2026-06-25 20:00,2382,Ecuador,25,Germany,home,3.272,3.0,0.2716,0.2716,player_sot_sum,fixture_statistics,evaluable,alta,pred=Σλ_sot 11 jugadores (XI 11); real=SOG /fixtures/statistics
1489411,2026-06-26 02:00,20,Australia,2380,Paraguay,away,3.219,5.0,-1.781,1.781,player_sot_sum,fixture_statistics,evaluable,alta,pred=Σλ_sot 11 jugadores (XI 11); real=SOG /fixtures/statistics
1489411,2026-06-26 02:00,2380,Paraguay,20,Australia,home,4.233,2.0,2.2326,2.2326,player_sot_sum,fixture_statistics,evaluable,alta,pred=Σλ_sot 11 jugadores (XI 11); real=SOG /fixtures/statistics
1489412,2026-06-25 23:00,28,Tunisia,1118,Netherlands,home,2.426,4.0,-1.5741,1.5741,player_sot_sum,fixture_statistics,evaluable,alta,pred=Σλ_sot 11 jugadores (XI 11); real=SOG /fixtures/statistics
1489412,2026-06-25 23:00,1118,Netherlands,28,Tunisia,away,6.235,7.0,-0.7649,0.7649,player_sot_sum,fixture_statistics,evaluable,alta,pred=Σλ_sot 11 jugadores (XI 11); real=SOG /fixtures/statistics
1489413,2026-06-27 00:00,23,Saudi Arabia,1533,Cape Verde Islands,away,3.995,3.0,0.9951,0.9951,player_sot_sum,fixture_statistics,evaluable,alta,pred=Σλ_sot 11 jugadores (XI 11); real=SOG /fixtures/statistics
1489413,2026-06-27 00:00,1533,Cape Verde Islands,23,Saudi Arabia,home,4.517,2.0,2.5171,2.5171,player_sot_sum,fixture_statistics,evaluable,alta,pred=Σλ_sot 11 jugadores (XI 11); real=SOG /fixtures/statistics
1489414,2026-06-27 03:00,22,Iran,32,Egypt,away,4.027,4.0,0.0273,0.0273,player_sot_sum,fixture_statistics,evaluable,alta,pred=Σλ_sot 11 jugadores (XI 11); real=SOG /fixtures/statistics
1489414,2026-06-27 03:00,32,Egypt,22,Iran,home,4.47,3.0,1.4695,1.4695,player_sot_sum,fixture_statistics,evaluable,alta,pred=Σλ_sot 11 jugadores (XI 11); real=SOG /fixtures/statistics
1489415,2026-06-27 03:00,1,Belgium,4673,New Zealand,away,8.046,10.0,-1.9541,1.9541,player_sot_sum,fixture_statistics,evaluable,alta,pred=Σλ_sot 11 jugadores (XI 11); real=SOG /fixtures/statistics
1489415,2026-06-27 03:00,4673,New Zealand,1,Belgium,home,3.952,2.0,1.9516,1.9516,player_sot_sum,fixture_statistics,evaluable,alta,pred=Σλ_sot 11 jugadores (XI 11); real=SOG /fixtures/statistics
1489416,2026-06-26 19:00,2,France,1090,Norway,away,4.908,9.0,-4.0918,4.0918,player_sot_sum,fixture_statistics,evaluable,alta,pred=Σλ_sot 11 jugadores (XI 11); real=SOG /fixtures/statistics
1489416,2026-06-26 19:00,1090,Norway,2,France,home,3.318,4.0,-0.6821,0.6821,player_sot_sum,fixture_statistics,evaluable,alta,pred=Σλ_sot 11 jugadores (XI 11); real=SOG /fixtures/statistics
1489417,2026-06-27 00:00,7,Uruguay,9,Spain,home,2.804,1.0,1.8044,1.8044,player_sot_sum,fixture_statistics,evaluable,alta,pred=Σλ_sot 11 jugadores (XI 11); real=SOG /fixtures/statistics
1489417,2026-06-27 00:00,9,Spain,7,Uruguay,away,7.339,1.0,6.3392,6.3392,player_sot_sum,fixture_statistics,evaluable,alta,pred=Σλ_sot 11 jugadores (XI 11); real=SOG /fixtures/statistics
1489418,2026-06-28 02:00,775,Austria,1532,Algeria,away,4.009,3.0,1.0089,1.0089,player_sot_sum,fixture_statistics,evaluable,alta,pred=Σλ_sot 11 jugadores (XI 11); real=SOG /fixtures/statistics
1489418,2026-06-28 02:00,1532,Algeria,775,Austria,home,4.594,5.0,-0.4065,0.4065,player_sot_sum,fixture_statistics,evaluable,alta,pred=Σλ_sot 11 jugadores (XI 11); real=SOG /fixtures/statistics
1489419,2026-06-27 23:30,8,Colombia,27,Portugal,home,4.389,6.0,-1.6108,1.6108,player_sot_sum,fixture_statistics,evaluable,alta,pred=Σλ_sot 11 jugadores (XI 11); real=SOG /fixtures/statistics
1489419,2026-06-27 23:30,27,Portugal,8,Colombia,away,4.801,2.0,2.8009,2.8009,player_sot_sum,fixture_statistics,evaluable,alta,pred=Σλ_sot 11 jugadores (XI 11); real=SOG /fixtures/statistics
1489420,2026-06-27 21:00,3,Croatia,1504,Ghana,home,6.504,4.0,2.5038,2.5038,player_sot_sum,fixture_statistics,evaluable,alta,pred=Σλ_sot 11 jugadores (XI 11); real=SOG /fixtures/statistics
1489420,2026-06-27 21:00,1504,Ghana,3,Croatia,away,3.473,1.0,2.4726,2.4726,player_sot_sum,fixture_statistics,evaluable,alta,pred=Σλ_sot 11 jugadores (XI 11); real=SOG /fixtures/statistics
1489421,2026-06-28 02:00,26,Argentina,1548,Jordan,away,6.605,4.0,2.6055,2.6055,player_sot_sum,fixture_statistics,evaluable,alta,pred=Σλ_sot 11 jugadores (XI 11); real=SOG /fixtures/statistics
1489421,2026-06-28 02:00,1548,Jordan,26,Argentina,home,1.977,1.0,0.9772,0.9772,player_sot_sum,fixture_statistics,evaluable,alta,pred=Σλ_sot 11 jugadores (XI 11); real=SOG /fixtures/statistics
1489422,2026-06-27 21:00,10,England,11,Panama,away,7.435,6.0,1.4348,1.4348,player_sot_sum,fixture_statistics,evaluable,alta,pred=Σλ_sot 11 jugadores (XI 11); real=SOG /fixtures/statistics
1489422,2026-06-27 21:00,11,Panama,10,England,home,2.917,2.0,0.9173,0.9173,player_sot_sum,fixture_statistics,evaluable,alta,pred=Σλ_sot 11 jugadores (XI 11); real=SOG /fixtures/statistics
1539006,,777,Türkiye,2380,Paraguay,home,,5.0,,,none,fixture_statistics,actual_only_no_prediction,baja,SOT real disponible pero sin XI/props logueados -> no evaluable (no se empareja a posteriori)
1539006,,2380,Paraguay,777,Türkiye,away,,2.0,,,none,fixture_statistics,actual_only_no_prediction,baja,SOT real disponible pero sin XI/props logueados -> no evaluable (no se empareja a posteriori)
1539007,,5,Sweden,1118,Netherlands,away,,8.0,,,none,fixture_statistics,actual_only_no_prediction,baja,SOT real disponible pero sin XI/props logueados -> no evaluable (no se empareja a posteriori)
1539007,,1118,Netherlands,5,Sweden,home,,7.0,,,none,fixture_statistics,actual_only_no_prediction,baja,SOT real disponible pero sin XI/props logueados -> no evaluable (no se empareja a posteriori)
1539008,,8,Colombia,1508,Congo DR,home,,9.0,,,none,fixture_statistics,actual_only_no_prediction,baja,SOT real disponible pero sin XI/props logueados -> no evaluable (no se empareja a posteriori)
1539008,,1508,Congo DR,8,Colombia,away,,1.0,,,none,fixture_statistics,actual_only_no_prediction,baja,SOT real disponible pero sin XI/props logueados -> no evaluable (no se empareja a posteriori)
1539009,,1113,Bosnia & Herzegovina,1569,Qatar,home,,5.0,,,none,fixture_statistics,actual_only_no_prediction,baja,SOT real disponible pero sin XI/props logueados -> no evaluable (no se empareja a posteriori)
1539009,,1569,Qatar,1113,Bosnia & Herzegovina,away,,3.0,,,none,fixture_statistics,actual_only_no_prediction,baja,SOT real disponible pero sin XI/props logueados -> no evaluable (no se empareja a posteriori)
1539010,,16,Mexico,770,Czechia,away,,5.0,,,none,fixture_statistics,actual_only_no_prediction,baja,SOT real disponible pero sin XI/props logueados -> no evaluable (no se empareja a posteriori)
1539010,,770,Czechia,16,Mexico,home,,1.0,,,none,fixture_statistics,actual_only_no_prediction,baja,SOT real disponible pero sin XI/props logueados -> no evaluable (no se empareja a posteriori)
1539011,2026-06-25 23:00,5,Sweden,12,Japan,away,3.029,5.0,-1.9711,1.9711,player_sot_sum,fixture_statistics,evaluable,alta,pred=Σλ_sot 11 jugadores (XI 11); real=SOG /fixtures/statistics
1539011,2026-06-25 23:00,12,Japan,5,Sweden,home,5.366,3.0,2.3658,2.3658,player_sot_sum,fixture_statistics,evaluable,alta,pred=Σλ_sot 11 jugadores (XI 11); real=SOG /fixtures/statistics
1539012,2026-06-26 02:00,777,Türkiye,2384,USA,home,5.149,3.0,2.1487,2.1487,player_sot_sum,fixture_statistics,evaluable,alta,pred=Σλ_sot 11 jugadores (XI 11); real=SOG /fixtures/statistics
1539012,2026-06-26 02:00,2384,USA,777,Türkiye,away,4.257,7.0,-2.7433,2.7433,player_sot_sum,fixture_statistics,evaluable,alta,pred=Σλ_sot 11 jugadores (XI 11); real=SOG /fixtures/statistics
1539013,2026-06-27 23:30,1508,Congo DR,1568,Uzbekistan,home,4.37,4.0,0.37,0.37,player_sot_sum,fixture_statistics,evaluable,alta,pred=Σλ_sot 11 jugadores (XI 11); real=SOG /fixtures/statistics
1539013,2026-06-27 23:30,1568,Uzbekistan,1508,Congo DR,away,2.987,1.0,1.987,1.987,player_sot_sum,fixture_statistics,evaluable,alta,pred=Σλ_sot 11 jugadores (XI 11); real=SOG /fixtures/statistics
1539017,,2,France,1567,Iraq,home,,5.0,,,none,fixture_statistics,actual_only_no_prediction,baja,SOT real disponible pero sin XI/props logueados -> no evaluable (no se empareja a posteriori)
1539017,,1567,Iraq,2,France,away,,0.0,,,none,fixture_statistics,actual_only_no_prediction,baja,SOT real disponible pero sin XI/props logueados -> no evaluable (no se empareja a posteriori)
1539074,2026-06-26 19:00,13,Senegal,1567,Iraq,home,6.71,12.0,-5.29,5.29,player_sot_sum,fixture_statistics,evaluable,alta,pred=Σλ_sot 11 jugadores (XI 11); real=SOG /fixtures/statistics
1539074,2026-06-26 19:00,1567,Iraq,13,Senegal,away,2.063,1.0,1.0631,1.0631,player_sot_sum,fixture_statistics,evaluable,alta,pred=Σλ_sot 11 jugadores (XI 11); real=SOG /fixtures/statistics
1561329,2026-06-28 19:00,1531,South Africa,5529,Canada,home,3.439,1.0,2.4388,2.4388,player_sot_sum,fixture_statistics,evaluable,alta,pred=Σλ_sot 11 jugadores (XI 11); real=SOG /fixtures/statistics
1561329,2026-06-28 19:00,5529,Canada,1531,South Africa,away,3.803,7.0,-3.1969,3.1969,player_sot_sum,fixture_statistics,evaluable,alta,pred=Σλ_sot 11 jugadores (XI 11); real=SOG /fixtures/statistics
1562344,2026-06-29 17:00,6,Brazil,12,Japan,home,3.737,7.0,-3.2634,3.2634,player_sot_sum,fixture_statistics,evaluable,alta,pred=Σλ_sot 11 jugadores (XI 11); real=SOG /fixtures/statistics
1562344,2026-06-29 17:00,12,Japan,6,Brazil,away,5.215,2.0,3.2148,3.2148,player_sot_sum,fixture_statistics,evaluable,alta,pred=Σλ_sot 11 jugadores (XI 11); real=SOG /fixtures/statistics
1562345,2026-06-30 01:00,31,Morocco,1118,Netherlands,away,4.923,5.0,-0.077,0.077,player_sot_sum,fixture_statistics,evaluable,alta,pred=Σλ_sot 11 jugadores (XI 11); real=SOG /fixtures/statistics
1562345,2026-06-30 01:00,1118,Netherlands,31,Morocco,home,3.828,2.0,1.8281,1.8281,player_sot_sum,fixture_statistics,evaluable,alta,pred=Σλ_sot 11 jugadores (XI 11); real=SOG /fixtures/statistics
1562586,2026-07-02 00:00,1113,Bosnia & Herzegovina,2384,USA,away,3.795,3.0,0.7953,0.7953,player_sot_sum,fixture_statistics,evaluable,alta,pred=Σλ_sot 11 jugadores (XI 11); real=SOG /fixtures/statistics
1562586,2026-07-02 00:00,2384,USA,1113,Bosnia & Herzegovina,home,6.161,2.0,4.1612,4.1612,player_sot_sum,fixture_statistics,evaluable,alta,pred=Σλ_sot 11 jugadores (XI 11); real=SOG /fixtures/statistics
1564789,2026-06-30 17:00,1090,Norway,1501,Ivory Coast,away,5.082,4.0,1.0821,1.0821,player_sot_sum,fixture_statistics,evaluable,alta,pred=Σλ_sot 11 jugadores (XI 11); real=SOG /fixtures/statistics
1564789,2026-06-30 17:00,1501,Ivory Coast,1090,Norway,home,3.761,5.0,-1.2392,1.2392,player_sot_sum,fixture_statistics,evaluable,alta,pred=Σλ_sot 11 jugadores (XI 11); real=SOG /fixtures/statistics
1565176,2026-06-29 20:30,25,Germany,2380,Paraguay,home,6.423,6.0,0.4232,0.4232,player_sot_sum,fixture_statistics,evaluable,alta,pred=Σλ_sot 11 jugadores (XI 11); real=SOG /fixtures/statistics
1565176,2026-06-29 20:30,2380,Paraguay,25,Germany,away,3.521,3.0,0.5208,0.5208,player_sot_sum,fixture_statistics,evaluable,alta,pred=Σλ_sot 11 jugadores (XI 11); real=SOG /fixtures/statistics
1565177,2026-06-30 21:00,2,France,5,Sweden,home,6.831,12.0,-5.1688,5.1688,player_sot_sum,fixture_statistics,evaluable,alta,pred=Σλ_sot 11 jugadores (XI 11); real=SOG /fixtures/statistics
1565177,2026-06-30 21:00,5,Sweden,2,France,away,3.282,3.0,0.2821,0.2821,player_sot_sum,fixture_statistics,evaluable,alta,pred=Σλ_sot 11 jugadores (XI 11); real=SOG /fixtures/statistics
1565178,2026-07-03 18:00,20,Australia,32,Egypt,home,3.541,1.0,2.5405,2.5405,player_sot_sum,fixture_statistics,evaluable,alta,pred=Σλ_sot 11 jugadores (XI 11); real=SOG /fixtures/statistics
1565178,2026-07-03 18:00,32,Egypt,20,Australia,away,4.942,4.0,0.9417,0.9417,player_sot_sum,fixture_statistics,evaluable,alta,pred=Σλ_sot 11 jugadores (XI 11); real=SOG /fixtures/statistics
1565179,2026-07-03 22:00,26,Argentina,1533,Cape Verde Islands,home,7.168,10.0,-2.8322,2.8322,player_sot_sum,fixture_statistics,evaluable,alta,pred=Σλ_sot 11 jugadores (XI 11); real=SOG /fixtures/statistics
1565179,2026-07-03 22:00,1533,Cape Verde Islands,26,Argentina,away,2.826,5.0,-2.1737,2.1737,player_sot_sum,fixture_statistics,evaluable,alta,pred=Σλ_sot 11 jugadores (XI 11); real=SOG /fixtures/statistics
1567306,2026-07-01 01:00,16,Mexico,2382,Ecuador,home,3.879,3.0,0.8786,0.8786,player_sot_sum,fixture_statistics,evaluable,alta,pred=Σλ_sot 11 jugadores (XI 11); real=SOG /fixtures/statistics
1567306,2026-07-01 01:00,2382,Ecuador,16,Mexico,away,3.332,1.0,2.332,2.332,player_sot_sum,fixture_statistics,evaluable,alta,pred=Σλ_sot 11 jugadores (XI 11); real=SOG /fixtures/statistics
1567307,2026-07-01 16:00,10,England,1508,Congo DR,home,6.137,7.0,-0.8633,0.8633,player_sot_sum,fixture_statistics,evaluable,alta,pred=Σλ_sot 11 jugadores (XI 11); real=SOG /fixtures/statistics
1567307,2026-07-01 16:00,1508,Congo DR,10,England,away,3.406,2.0,1.4056,1.4056,player_sot_sum,fixture_statistics,evaluable,alta,pred=Σλ_sot 11 jugadores (XI 11); real=SOG /fixtures/statistics
1567308,2026-07-01 20:00,1,Belgium,13,Senegal,home,5.952,5.0,0.9523,0.9523,player_sot_sum,fixture_statistics,evaluable,alta,pred=Σλ_sot 11 jugadores (XI 11); real=SOG /fixtures/statistics
1567308,2026-07-01 20:00,13,Senegal,1,Belgium,away,5.815,5.0,0.8153,0.8153,player_sot_sum,fixture_statistics,evaluable,alta,pred=Σλ_sot 11 jugadores (XI 11); real=SOG /fixtures/statistics
1567309,2026-07-02 23:00,3,Croatia,27,Portugal,away,4.694,6.0,-1.3062,1.3062,player_sot_sum,fixture_statistics,evaluable,alta,pred=Σλ_sot 11 jugadores (XI 11); real=SOG /fixtures/statistics
1567309,2026-07-02 23:00,27,Portugal,3,Croatia,home,5.5,3.0,2.4995,2.4995,player_sot_sum,fixture_statistics,evaluable,alta,pred=Σλ_sot 11 jugadores (XI 11); real=SOG /fixtures/statistics
1567310,2026-07-04 01:30,8,Colombia,1504,Ghana,home,6.402,8.0,-1.5981,1.5981,player_sot_sum,fixture_statistics,evaluable,alta,pred=Σλ_sot 11 jugadores (XI 11); real=SOG /fixtures/statistics
1567310,2026-07-04 01:30,1504,Ghana,8,Colombia,away,2.931,0.0,2.9306,2.9306,player_sot_sum,fixture_statistics,evaluable,alta,pred=Σλ_sot 11 jugadores (XI 11); real=SOG /fixtures/statistics
1567311,2026-07-02 19:00,9,Spain,775,Austria,home,9.217,10.0,-0.7827,0.7827,player_sot_sum,fixture_statistics,evaluable,alta,pred=Σλ_sot 11 jugadores (XI 11); real=SOG /fixtures/statistics
1567311,2026-07-02 19:00,775,Austria,9,Spain,away,3.16,0.0,3.1602,3.1602,player_sot_sum,fixture_statistics,evaluable,alta,pred=Σλ_sot 11 jugadores (XI 11); real=SOG /fixtures/statistics
1567312,2026-07-03 03:00,15,Switzerland,1532,Algeria,home,5.164,5.0,0.1636,0.1636,player_sot_sum,fixture_statistics,evaluable,alta,pred=Σλ_sot 11 jugadores (XI 11); real=SOG /fixtures/statistics
1567312,2026-07-03 03:00,1532,Algeria,15,Switzerland,away,3.775,2.0,1.775,1.775,player_sot_sum,fixture_statistics,evaluable,alta,pred=Σλ_sot 11 jugadores (XI 11); real=SOG /fixtures/statistics
1567824,2026-07-04 17:00,31,Morocco,5529,Canada,away,4.726,4.0,0.7255,0.7255,player_sot_sum,fixture_statistics,evaluable,alta,pred=Σλ_sot 11 jugadores (XI 11); real=SOG /fixtures/statistics
1567824,2026-07-04 17:00,5529,Canada,31,Morocco,home,2.658,3.0,-0.3417,0.3417,player_sot_sum,fixture_statistics,evaluable,alta,pred=Σλ_sot 11 jugadores (XI 11); real=SOG /fixtures/statistics
1568100,2026-07-05 20:00,6,Brazil,1090,Norway,home,4.688,4.0,0.6883,0.6883,player_sot_sum,fixture_statistics,evaluable,alta,pred=Σλ_sot 11 jugadores (XI 11); real=SOG /fixtures/statistics
1568100,2026-07-05 20:00,1090,Norway,6,Brazil,away,4.296,5.0,-0.7042,0.7042,player_sot_sum,fixture_statistics,evaluable,alta,pred=Σλ_sot 11 jugadores (XI 11); real=SOG /fixtures/statistics
1569870,2026-07-04 21:00,2,France,2380,Paraguay,away,5.392,5.0,0.3921,0.3921,player_sot_sum,fixture_statistics,evaluable,alta,pred=Σλ_sot 11 jugadores (XI 11); real=SOG /fixtures/statistics
1569870,2026-07-04 21:00,2380,Paraguay,2,France,home,2.814,1.0,1.8143,1.8143,player_sot_sum,fixture_statistics,evaluable,alta,pred=Σλ_sot 11 jugadores (XI 11); real=SOG /fixtures/statistics
1570714,2026-07-06 00:00,10,England,16,Mexico,away,5.084,5.0,0.0837,0.0837,player_sot_sum,fixture_statistics,evaluable,alta,pred=Σλ_sot 11 jugadores (XI 11); real=SOG /fixtures/statistics
1570714,2026-07-06 00:00,16,Mexico,10,England,home,3.616,5.0,-1.3841,1.3841,player_sot_sum,fixture_statistics,evaluable,alta,pred=Σλ_sot 11 jugadores (XI 11); real=SOG /fixtures/statistics
1570715,2026-07-07 00:00,1,Belgium,2384,USA,away,5.794,7.0,-1.2063,1.2063,player_sot_sum,fixture_statistics,evaluable,alta,pred=Σλ_sot 11 jugadores (XI 11); real=SOG /fixtures/statistics
1570715,2026-07-07 00:00,2384,USA,1,Belgium,home,4.781,2.0,2.7813,2.7813,player_sot_sum,fixture_statistics,evaluable,alta,pred=Σλ_sot 11 jugadores (XI 11); real=SOG /fixtures/statistics
1576756,2026-07-06 19:00,9,Spain,27,Portugal,away,7.788,6.0,1.7879,1.7879,player_sot_sum,fixture_statistics,evaluable,alta,pred=Σλ_sot 11 jugadores (XI 11); real=SOG /fixtures/statistics
1576756,2026-07-06 19:00,27,Portugal,9,Spain,home,4.226,2.0,2.2261,2.2261,player_sot_sum,fixture_statistics,evaluable,alta,pred=Σλ_sot 11 jugadores (XI 11); real=SOG /fixtures/statistics
1576804,2026-07-07 16:00,26,Argentina,32,Egypt,home,5.535,7.0,-1.4652,1.4652,player_sot_sum,fixture_statistics,evaluable,alta,pred=Σλ_sot 11 jugadores (XI 11); real=SOG /fixtures/statistics
1576804,2026-07-07 16:00,32,Egypt,26,Argentina,away,3.113,2.0,1.1134,1.1134,player_sot_sum,fixture_statistics,evaluable,alta,pred=Σλ_sot 11 jugadores (XI 11); real=SOG /fixtures/statistics
1576805,2026-07-07 20:00,8,Colombia,15,Switzerland,away,4.472,3.0,1.4724,1.4724,player_sot_sum,fixture_statistics,evaluable,alta,pred=Σλ_sot 11 jugadores (XI 11); real=SOG /fixtures/statistics
1576805,2026-07-07 20:00,15,Switzerland,8,Colombia,home,4.232,2.0,2.232,2.232,player_sot_sum,fixture_statistics,evaluable,alta,pred=Σλ_sot 11 jugadores (XI 11); real=SOG /fixtures/statistics
1578539,2026-07-09 20:00,2,France,31,Morocco,home,3.886,8.0,-4.1144,4.1144,player_sot_sum,fixture_statistics,evaluable,alta,pred=Σλ_sot 11 jugadores (XI 11); real=SOG /fixtures/statistics
1578539,2026-07-09 20:00,31,Morocco,2,France,away,3.87,1.0,2.8696,2.8696,player_sot_sum,fixture_statistics,evaluable,alta,pred=Σλ_sot 11 jugadores (XI 11); real=SOG /fixtures/statistics
1581037,2026-07-11 21:00,10,England,1090,Norway,away,5.566,8.0,-2.4335,2.4335,player_sot_sum,fixture_statistics,evaluable,alta,pred=Σλ_sot 11 jugadores (XI 11); real=SOG /fixtures/statistics
1581037,2026-07-11 21:00,1090,Norway,10,England,home,4.288,4.0,0.2876,0.2876,player_sot_sum,fixture_statistics,evaluable,alta,pred=Σλ_sot 11 jugadores (XI 11); real=SOG /fixtures/statistics
1581821,2026-07-10 19:00,1,Belgium,9,Spain,away,4.811,2.0,2.8111,2.8111,player_sot_sum,fixture_statistics,evaluable,alta,pred=Σλ_sot 11 jugadores (XI 11); real=SOG /fixtures/statistics
1581821,2026-07-10 19:00,9,Spain,1,Belgium,home,7.759,8.0,-0.2407,0.2407,player_sot_sum,fixture_statistics,evaluable,alta,pred=Σλ_sot 11 jugadores (XI 11); real=SOG /fixtures/statistics
1582681,2026-07-12 01:00,15,Switzerland,26,Argentina,away,3.844,5.0,-1.1557,1.1557,player_sot_sum,fixture_statistics,evaluable,alta,pred=Σλ_sot 11 jugadores (XI 11); real=SOG /fixtures/statistics
1582681,2026-07-12 01:00,26,Argentina,15,Switzerland,home,5.307,7.0,-1.6931,1.6931,player_sot_sum,fixture_statistics,evaluable,alta,pred=Σλ_sot 11 jugadores (XI 11); real=SOG /fixtures/statistics
1585131,2026-07-14 19:00,2,France,9,Spain,home,4.402,3.0,1.4025,1.4025,player_sot_sum,fixture_statistics,evaluable,alta,pred=Σλ_sot 11 jugadores (XI 11); real=SOG /fixtures/statistics
1585131,2026-07-14 19:00,9,Spain,2,France,away,5.822,2.0,3.8224,3.8224,player_sot_sum,fixture_statistics,evaluable,alta,pred=Σλ_sot 11 jugadores (XI 11); real=SOG /fixtures/statistics
1586077,2026-07-15 19:00,10,England,26,Argentina,home,4.103,2.0,2.103,2.103,player_sot_sum,fixture_statistics,evaluable,alta,pred=Σλ_sot 11 jugadores (XI 11); real=SOG /fixtures/statistics
1586077,2026-07-15 19:00,26,Argentina,10,England,away,3.694,5.0,-1.3062,1.3062,player_sot_sum,fixture_statistics,evaluable,alta,pred=Σλ_sot 11 jugadores (XI 11); real=SOG /fixtures/statistics
1591865,2026-07-18 21:00,2,France,10,England,home,6.116,9.0,-2.8836,2.8836,player_sot_sum,fixture_statistics,evaluable,alta,pred=Σλ_sot 11 jugadores (XI 11); real=SOG /fixtures/statistics
1591865,2026-07-18 21:00,10,England,2,France,away,4.173,11.0,-6.8273,6.8273,player_sot_sum,fixture_statistics,evaluable,alta,pred=Σλ_sot 11 jugadores (XI 11); real=SOG /fixtures/statistics
1591866,2026-07-19 19:00,9,Spain,26,Argentina,home,5.695,12.0,-6.3052,6.3052,player_sot_sum,fixture_statistics,evaluable,alta,pred=Σλ_sot 11 jugadores (XI 11); real=SOG /fixtures/statistics
1591866,2026-07-19 19:00,26,Argentina,9,Spain,away,3.936,0.0,3.936,3.936,player_sot_sum,fixture_statistics,evaluable,alta,pred=Σλ_sot 11 jugadores (XI 11); real=SOG /fixtures/statistics
