player_id,player_name,goals,assists,goals_per90,pens_taken,pens_scored,pens_missed,yellows,reds,goal_involvement,set_piece_goals,sample_fixtures,data_quality,confidence,reason
154,Lionel Messi,4,4,0.619,1,0,1,0,0,8,,4,alta,media,4 partidos con eventos reales
278,Kylian Mbappé,5,2,0.849,1,0,1,1,0,7,,4,alta,media,4 partidos con eventos reales
1460,Bukayo Saka,3,1,1.765,1,1,0,0,0,4,,2,media,baja,muestra pequeña (2 partidos con eventos) — orientativo
129718,Jude Bellingham,4,0,0.774,0,0,0,0,0,4,,3,media,baja,muestra pequeña (3 partidos con eventos) — orientativo
2489,L. Díaz,2,1,0.602,1,1,0,0,0,3,,2,media,baja,muestra pequeña (2 partidos con eventos) — orientativo
19617,Michael Olise,0,3,0.0,0,0,0,0,0,3,,3,media,baja,muestra pequeña (3 partidos con eventos) — orientativo
2864,A. Isak,1,2,0.503,0,0,0,0,0,3,,1,media,baja,muestra pequeña (1 partidos con eventos) — orientativo
48471,R. Vargas,2,1,2.25,1,1,0,0,0,3,,3,media,baja,muestra pequeña (3 partidos con eventos) — orientativo
2937,Declan Rice,1,2,0.22,0,0,0,0,0,3,,4,alta,media,4 partidos con eventos reales
8489,J. David,3,0,1.444,0,0,0,0,0,3,,2,media,baja,muestra pequeña (2 partidos con eventos) — orientativo
26475,D. Undav,1,2,,0,0,0,0,0,3,,1,media,baja,muestra pequeña (1 partidos con eventos) — orientativo
217,Lautaro Martínez,2,1,0.928,0,0,0,1,0,3,,4,alta,media,4 partidos con eventos reales
18979,V. Gyokeres,1,1,0.5,0,0,0,0,0,2,,1,media,baja,muestra pequeña (1 partidos con eventos) — orientativo
1100,Erling Haaland,2,0,0.632,0,0,0,0,0,2,,2,media,baja,muestra pequeña (2 partidos con eventos) — orientativo
138787,Anthony Gordon,1,1,0.327,0,0,0,0,0,2,,3,media,baja,muestra pequeña (3 partidos con eventos) — orientativo
153,Ousmane Dembélé,2,0,0.446,0,0,0,0,0,2,,3,media,baja,muestra pequeña (3 partidos con eventos) — orientativo
294824,N. Saliba,1,1,,0,0,0,0,0,2,,1,media,baja,muestra pequeña (1 partidos con eventos) — orientativo
421,B. Embolo,1,1,0.372,1,1,0,2,1,2,,4,alta,media,4 partidos con eventos reales
1464,G. Xhaka,2,0,0.545,2,2,0,1,0,2,,2,media,baja,muestra pequeña (2 partidos con eventos) — orientativo
406244,J. Manzambi,2,0,,0,0,0,0,0,2,,1,media,baja,muestra pequeña (1 partidos con eventos) — orientativo
502,J. Kimmich,0,2,0.0,0,0,0,0,0,2,,1,media,baja,muestra pequeña (1 partidos con eventos) — orientativo
978,K. Havertz,2,0,1.0,1,1,0,0,0,2,,1,media,baja,muestra pequeña (1 partidos con eventos) — orientativo
2901,Hwang In-Beom,1,1,,0,0,0,0,0,2,,1,media,baja,muestra pequeña (1 partidos con eventos) — orientativo
2001,C. Larin,2,0,6.667,0,0,0,0,0,2,,2,media,baja,muestra pequeña (2 partidos con eventos) — orientativo
5996,Enzo Fernández,2,0,0.364,0,0,0,2,1,2,,4,alta,media,4 partidos con eventos reales
138835,F. Balogun,2,0,1.176,0,0,0,1,0,2,,2,media,baja,muestra pequeña (2 partidos con eventos) — orientativo
355994,A. Freeman,1,1,0.5,0,0,0,0,0,2,,2,media,baja,muestra pequeña (2 partidos con eventos) — orientativo
909,Marcus Rashford,1,1,0.667,0,0,0,0,0,2,,2,media,baja,muestra pequeña (2 partidos con eventos) — orientativo
542,R. Gravenberch,0,2,0.0,0,0,0,0,0,2,,1,media,baja,muestra pequeña (1 partidos con eventos) — orientativo
280074,N. Brown,1,1,0.75,0,0,0,0,0,2,,1,media,baja,muestra pequeña (1 partidos con eventos) — orientativo
37127,Martin Ødegaard,0,2,0.0,0,0,0,0,0,2,,2,media,baja,muestra pequeña (2 partidos con eventos) — orientativo
184,H. Kane,2,0,0.38,1,1,0,0,0,2,,1,media,baja,muestra pequeña (1 partidos con eventos) — orientativo
18931,C. Wood,0,2,0.0,0,0,0,0,0,2,,1,media,baja,muestra pequeña (1 partidos con eventos) — orientativo
2691,R. Rezaeian,1,1,,0,0,0,0,0,2,,1,media,baja,muestra pequeña (1 partidos con eventos) — orientativo
13376,J. Campaz,2,0,,1,1,0,0,0,2,,2,media,baja,muestra pequeña (2 partidos con eventos) — orientativo
161904,Bradley Barcola,2,0,0.865,0,0,0,0,0,2,,3,media,baja,muestra pequeña (3 partidos con eventos) — orientativo
265820,Y. Ayari,2,0,1.047,0,0,0,0,0,2,,1,media,baja,muestra pequeña (1 partidos con eventos) — orientativo
94333,E. Just,2,0,1.875,0,0,0,0,0,2,,1,media,baja,muestra pequeña (1 partidos con eventos) — orientativo
475575,Caleb Yirenkyi,1,0,1.139,0,0,0,1,0,1,,1,media,baja,muestra pequeña (1 partidos con eventos) — orientativo
1864,P. Neto,0,1,0.0,0,0,0,0,0,1,,1,media,baja,muestra pequeña (1 partidos con eventos) — orientativo
335051,J. Neves,1,0,0.5,0,0,0,0,0,1,,1,media,baja,muestra pequeña (1 partidos con eventos) — orientativo
20649,Y. Wissa,1,0,0.476,0,0,0,0,0,1,,1,media,baja,muestra pequeña (1 partidos con eventos) — orientativo
82090,B. Thomas-Asante,0,1,,0,0,0,0,0,1,,1,media,baja,muestra pequeña (1 partidos con eventos) — orientativo
13736,D. Munoz,1,0,0.429,0,0,0,0,0,1,,1,media,baja,muestra pequeña (1 partidos con eventos) — orientativo
1631,R. Rodríguez,0,1,0.0,0,0,0,0,0,1,,3,media,baja,muestra pequeña (3 partidos con eventos) — orientativo
6005,J. Quintero,1,0,,1,1,0,0,0,1,,1,media,baja,muestra pequeña (1 partidos con eventos) — orientativo
48648,D. Ndoye,1,0,0.344,0,0,0,0,0,1,,4,alta,media,4 partidos con eventos reales
263676,A. Fayzullaev,1,0,1.233,0,0,0,0,0,1,,1,media,baja,muestra pequeña (1 partidos con eventos) — orientativo
324034,G. Puerta,0,1,0.0,0,0,0,0,0,1,,1,media,baja,muestra pequeña (1 partidos con eventos) — orientativo
241,M. Sadilek,1,0,,0,0,0,0,0,1,,1,media,baja,muestra pequeña (1 partidos con eventos) — orientativo
18816,A. Masuaku,0,1,0.0,0,0,0,0,0,1,,1,media,baja,muestra pequeña (1 partidos con eventos) — orientativo
744,Brahim Díaz,0,1,0.0,0,0,0,0,0,1,,2,media,baja,muestra pequeña (2 partidos con eventos) — orientativo
207,I. Perisic,0,1,0.0,0,0,0,0,0,1,,1,media,baja,muestra pequeña (1 partidos con eventos) — orientativo
18592,I. Ndiaye,0,1,0.0,0,0,0,0,0,1,,1,media,baja,muestra pequeña (1 partidos con eventos) — orientativo
446249,I. Mbaye,1,0,1.579,0,0,0,0,0,1,,1,media,baja,muestra pequeña (1 partidos con eventos) — orientativo
47792,A. Al Ammari,0,1,0.0,0,0,0,0,0,1,,1,media,baja,muestra pequeña (1 partidos con eventos) — orientativo
1095,X. Schlager,0,1,0.0,0,0,0,0,0,1,,1,media,baja,muestra pequeña (1 partidos con eventos) — orientativo
7562,R. Schmid,1,0,0.857,0,0,0,0,0,1,,1,media,baja,muestra pequeña (1 partidos con eventos) — orientativo
18967,L. Ostigard,1,0,1.0,0,0,0,0,0,1,,1,media,baja,muestra pequeña (1 partidos con eventos) — orientativo
147859,Charles De Ketelaere,1,0,0.314,0,0,0,0,0,1,,2,media,baja,muestra pequeña (2 partidos con eventos) — orientativo
2920,Timothy Castagne,0,1,0.0,0,0,0,1,0,1,,2,media,baja,muestra pequeña (2 partidos con eventos) — orientativo
306,M. Salah,0,1,0.0,0,0,0,0,0,1,,1,media,baja,muestra pequeña (1 partidos con eventos) — orientativo
44475,A. Al Amri,1,0,1.0,0,0,0,1,0,1,,1,media,baja,muestra pequeña (1 partidos con eventos) — orientativo
265782,David Møller Wolfe,0,1,0.0,0,0,0,0,0,1,,2,media,baja,muestra pequeña (2 partidos con eventos) — orientativo
301528,Andreas Schjelderup,1,0,0.596,0,0,0,0,0,1,,1,media,baja,muestra pequeña (1 partidos con eventos) — orientativo
51776,M. Araujo,1,0,1.0,0,0,0,0,0,1,,1,media,baja,muestra pequeña (1 partidos con eventos) — orientativo
19354,Ezri Konsa,1,0,0.195,0,0,0,0,0,1,,2,media,baja,muestra pequeña (2 partidos con eventos) — orientativo
134217,M. Mohebi,1,0,1.011,0,0,0,0,0,1,,1,media,baja,muestra pequeña (1 partidos con eventos) — orientativo
49451,A. Hussein,1,0,,0,0,0,0,0,1,,1,media,baja,muestra pequeña (1 partidos con eventos) — orientativo
47311,Mikel Merino,1,0,1.5,0,0,0,0,0,1,,1,media,baja,muestra pequeña (1 partidos con eventos) — orientativo
164026,A. Olwan,1,0,1.011,0,0,0,0,0,1,,1,media,baja,muestra pequeña (1 partidos con eventos) — orientativo
328,Fabián Ruiz,1,0,0.462,0,0,0,0,0,1,,4,alta,media,4 partidos con eventos reales
47323,Mikel Oyarzabal,1,0,0.191,1,1,0,0,0,1,,3,media,baja,muestra pequeña (3 partidos con eventos) — orientativo
140609,N. Al Rawabdeh,0,1,0.0,0,0,0,0,0,1,,1,media,baja,muestra pequeña (1 partidos con eventos) — orientativo
1323,Dani Olmo,0,1,0.0,0,0,0,0,0,1,,3,media,baja,muestra pequeña (3 partidos con eventos) — orientativo
123469,Z. Amdouni,1,0,,1,1,0,0,0,1,,1,media,baja,muestra pequeña (1 partidos con eventos) — orientativo
66055,P. Musa,1,0,,0,0,0,0,0,1,,1,media,baja,muestra pequeña (1 partidos con eventos) — orientativo
348205,P. Sucic,0,1,0.0,0,0,0,0,0,1,,1,media,baja,muestra pequeña (1 partidos con eventos) — orientativo
295026,M. Baturina,1,0,0.577,0,0,0,0,0,1,,1,media,baja,muestra pequeña (1 partidos con eventos) — orientativo
18830,Marko Arnautović,1,0,2.0,1,1,0,0,0,1,,1,media,baja,muestra pequeña (1 partidos con eventos) — orientativo
343027,Désiré Doué,0,1,0.0,0,0,0,0,0,1,,3,media,baja,muestra pequeña (3 partidos con eventos) — orientativo
47582,C. Hernández,0,1,,1,0,1,0,0,1,,2,media,baja,muestra pequeña (2 partidos con eventos) — orientativo
48497,C. Itten,1,0,,1,1,0,0,0,1,,1,media,baja,muestra pequeña (1 partidos con eventos) — orientativo
1149,Dayot Upamecano,0,1,0.0,0,0,0,0,0,1,,1,media,baja,muestra pequeña (1 partidos con eventos) — orientativo
26315,Nicolás González,0,1,0.0,0,0,0,0,0,1,,2,media,baja,muestra pequeña (2 partidos con eventos) — orientativo
2601,D. Kamada,1,0,0.536,0,0,0,0,0,1,,1,media,baja,muestra pequeña (1 partidos con eventos) — orientativo
33289,K. Ogawa,0,1,,0,0,0,0,0,1,,1,media,baja,muestra pequeña (1 partidos con eventos) — orientativo
157997,A. Diallo,1,0,,0,0,0,0,0,1,,1,media,baja,muestra pequeña (1 partidos con eventos) — orientativo
30504,W. Singo,0,1,,0,0,0,0,0,1,,1,media,baja,muestra pequeña (1 partidos con eventos) — orientativo
6716,A. Mac Allister,1,0,0.155,0,0,0,1,0,1,,2,media,baja,muestra pequeña (2 partidos con eventos) — orientativo
295513,J. Lopez,0,1,,0,0,0,1,0,1,,1,media,baja,muestra pequeña (1 partidos con eventos) — orientativo
272,Adrien Rabiot,0,1,0.0,0,0,0,1,0,1,,2,media,baja,muestra pequeña (2 partidos con eventos) — orientativo
47519,Pedro Porro,1,0,0.19,0,0,0,0,0,1,,1,media,baja,muestra pequeña (1 partidos con eventos) — orientativo
19170,Morgan Rogers,0,1,0.0,0,0,0,0,0,1,,1,media,baja,muestra pequeña (1 partidos con eventos) — orientativo
138908,Elliot Anderson,0,1,0.0,0,0,0,1,0,1,,2,media,baja,muestra pequeña (2 partidos con eventos) — orientativo
347316,L. Bergvall,0,1,0.0,0,0,0,0,0,1,,1,media,baja,muestra pequeña (1 partidos con eventos) — orientativo
30484,M. Svanberg,1,0,,0,0,0,0,0,1,,1,media,baja,muestra pequeña (1 partidos con eventos) — orientativo
180560,H. Mejbri,0,1,0.0,0,0,0,0,0,1,,1,media,baja,muestra pequeña (1 partidos con eventos) — orientativo
163068,O. Rekik,1,0,,0,0,0,0,0,1,,1,media,baja,muestra pequeña (1 partidos con eventos) — orientativo
637,F. Nmecha,1,0,2.0,0,0,0,0,0,1,,1,media,baja,muestra pequeña (1 partidos con eventos) — orientativo
6904,C. Metcalfe,1,0,0.5,0,0,0,0,0,1,,1,media,baja,muestra pequeña (1 partidos con eventos) — orientativo
2879,R. Alvarado,0,1,0.0,0,0,0,0,0,1,,2,media,baja,muestra pequeña (2 partidos con eventos) — orientativo
2887,R. Jimenez,1,0,0.508,0,0,0,0,0,1,,2,media,baja,muestra pequeña (2 partidos con eventos) — orientativo
3287,Teboho Mokoena,1,0,0.928,1,1,0,2,0,1,,2,media,baja,muestra pequeña (2 partidos con eventos) — orientativo
266345,E. Lira,0,1,0.0,0,0,0,0,0,1,,1,media,baja,muestra pequeña (1 partidos con eventos) — orientativo
35532,J. Quinones,1,0,0.559,0,0,0,0,0,1,,2,media,baja,muestra pequeña (2 partidos con eventos) — orientativo
19586,Eberechi Eze,0,1,0.0,0,0,0,0,0,1,,1,media,baja,muestra pequeña (1 partidos con eventos) — orientativo
290,V. van Dijk,1,0,0.429,0,0,0,0,0,1,,1,media,baja,muestra pequeña (1 partidos con eventos) — orientativo
33321,K. Nakamura,1,0,0.638,0,0,0,0,0,1,,1,media,baja,muestra pequeña (1 partidos con eventos) — orientativo
32862,T. Kubo,0,1,,0,0,0,0,0,1,,1,media,baja,muestra pequeña (1 partidos con eventos) — orientativo
37724,Crysencio Summerville,1,0,,0,0,0,1,0,1,,1,media,baja,muestra pequeña (1 partidos con eventos) — orientativo
181812,J. Musiala,1,0,0.612,0,0,0,0,0,1,,1,media,baja,muestra pequeña (1 partidos con eventos) — orientativo
26243,N. Schlotterbeck,1,0,,0,0,0,0,0,1,,1,media,baja,muestra pequeña (1 partidos con eventos) — orientativo
309763,L. Comenencia,1,0,1.475,0,0,0,0,0,1,,1,media,baja,muestra pequeña (1 partidos con eventos) — orientativo
203224,F. Wirtz,0,1,0.0,0,0,0,0,0,1,,1,media,baja,muestra pequeña (1 partidos con eventos) — orientativo
386837,A. Sojka,0,1,,0,0,0,0,0,1,,2,media,baja,muestra pequeña (2 partidos con eventos) — orientativo
161897,I. Saibari,1,0,0.634,0,0,0,0,0,1,,1,media,baja,muestra pequeña (1 partidos con eventos) — orientativo
762,Vinicius Junior,1,0,0.5,0,0,0,0,0,1,,1,media,baja,muestra pequeña (1 partidos con eventos) — orientativo
10135,Bruno Guimaraes,0,1,0.0,0,0,0,0,0,1,,1,media,baja,muestra pequeña (1 partidos con eventos) — orientativo
19191,J. McGinn,1,0,,0,0,0,0,0,1,,1,media,baja,muestra pequeña (1 partidos con eventos) — orientativo
338014,N. Irankunda,1,0,0.57,0,0,0,0,0,1,,1,media,baja,muestra pequeña (1 partidos con eventos) — orientativo
441269,P. Okon-Engstler,0,1,,0,0,0,0,0,1,,2,media,baja,muestra pequeña (2 partidos con eventos) — orientativo
931,Ferran Torres,1,0,,0,0,0,0,0,1,,2,media,baja,muestra pequeña (2 partidos con eventos) — orientativo
183799,Nico Williams,0,1,,0,0,0,0,0,1,,1,media,baja,muestra pequeña (1 partidos con eventos) — orientativo
161921,G. Reyna,1,0,,0,0,0,0,0,1,,1,media,baja,muestra pequeña (1 partidos con eventos) — orientativo
66407,L. Krejci,1,0,,0,0,0,1,0,1,,2,media,baja,muestra pequeña (2 partidos con eventos) — orientativo
106485,Mauricio,1,0,,0,0,0,0,0,1,,1,media,baja,muestra pequeña (1 partidos con eventos) — orientativo
70747,J. Enciso,0,1,0.0,0,0,0,0,0,1,,1,media,baja,muestra pequeña (1 partidos con eventos) — orientativo
1231,V. Coufal,0,1,,0,0,0,0,0,1,,1,media,baja,muestra pequeña (1 partidos con eventos) — orientativo
927,Lee Kang-In,0,1,,0,0,0,1,0,1,,2,media,baja,muestra pequeña (2 partidos con eventos) — orientativo
34710,Oh Hyeon-Gyu,1,0,,0,0,0,0,0,1,,1,media,baja,muestra pequeña (1 partidos con eventos) — orientativo
1442,S. Kolasinac,0,1,0.0,0,0,0,0,0,1,,1,media,baja,muestra pequeña (1 partidos con eventos) — orientativo
313353,P. David,0,1,,0,0,0,0,0,1,,1,media,baja,muestra pequeña (1 partidos con eventos) — orientativo
162037,M. Tillman,0,1,0.0,0,0,0,0,0,1,,1,media,baja,muestra pequeña (1 partidos con eventos) — orientativo
17,C. Pulisic,0,1,0.0,0,0,0,0,0,1,,1,media,baja,muestra pequeña (1 partidos con eventos) — orientativo
340173,E. Mahmic,1,0,,0,0,0,0,0,1,,1,media,baja,muestra pequeña (1 partidos con eventos) — orientativo
35970,L. Romo,1,0,1.475,0,0,0,0,0,1,,1,media,baja,muestra pequeña (1 partidos con eventos) — orientativo
6009,Julián Alvarez,1,0,0.469,0,0,0,0,0,1,,3,media,baja,muestra pequeña (3 partidos con eventos) — orientativo
77037,J. Lukic,1,0,,0,0,0,1,0,1,,1,media,baja,muestra pequeña (1 partidos con eventos) — orientativo
2468,Gonzalo Montiel,0,1,0.0,0,0,0,0,0,1,,3,media,baja,muestra pequeña (3 partidos con eventos) — orientativo
30776,Cristian Romero,1,0,0.188,0,0,0,2,0,1,,5,alta,media,5 partidos con eventos reales
2472,Rodrigo De Paul,0,1,0.0,0,0,0,1,0,1,,5,alta,media,5 partidos con eventos reales
20844,Haissem Hassan,0,1,,0,0,0,0,0,1,,1,media,baja,muestra pequeña (1 partidos con eventos) — orientativo
395075,Mostafa Ziko,1,0,1.125,0,0,0,0,0,1,,2,media,baja,muestra pequeña (2 partidos con eventos) — orientativo
17269,Emam Ashour,1,0,0.429,0,0,0,0,0,1,,2,media,baja,muestra pequeña (2 partidos con eventos) — orientativo
190575,Marwan Attia,0,1,0.0,0,0,0,2,0,1,,2,media,baja,muestra pequeña (2 partidos con eventos) — orientativo
16804,Yasser Ibrahim,1,0,0.302,0,0,0,0,0,1,,1,media,baja,muestra pequeña (1 partidos con eventos) — orientativo
415,W. McKennie,0,0,0.0,0,0,0,0,0,0,,1,media,baja,muestra pequeña (1 partidos con eventos) — orientativo
529,Nicolás Tagliafico,0,0,0.0,0,0,0,0,0,0,,3,media,baja,muestra pequeña (3 partidos con eventos) — orientativo
6503,Nahuel Molina,0,0,0.0,0,0,0,0,0,0,,3,media,baja,muestra pequeña (3 partidos con eventos) — orientativo
16813,Hamdy Fathy,0,0,0.0,0,0,0,1,0,0,,2,media,baja,muestra pequeña (2 partidos con eventos) — orientativo
269174,Mostafa Shobeir,0,0,0.0,0,0,0,1,0,0,,1,media,baja,muestra pequeña (1 partidos con eventos) — orientativo
194430,Thalente Mbatha,0,0,,0,0,0,1,0,0,,1,media,baja,muestra pequeña (1 partidos con eventos) — orientativo
25348,V. Darida,0,0,,0,0,0,0,0,0,,1,media,baja,muestra pequeña (1 partidos con eventos) — orientativo
66019,A. Hlozek,0,0,,0,0,0,0,0,0,,1,media,baja,muestra pequeña (1 partidos con eventos) — orientativo
175439,Homam Al-Amin,0,0,,0,0,0,0,1,0,,1,media,baja,muestra pequeña (1 partidos con eventos) — orientativo
51295,Derek Cornelius,0,0,0.0,0,0,0,1,0,0,,1,media,baja,muestra pequeña (1 partidos con eventos) — orientativo
53535,E. Shomurodov,0,0,0.0,0,0,0,0,0,0,,1,media,baja,muestra pequeña (1 partidos con eventos) — orientativo
34121,R. Ashurmatov,0,0,0.0,0,0,0,0,0,0,,1,media,baja,muestra pequeña (1 partidos con eventos) — orientativo
73514,S. Nasrullaev,0,0,0.0,0,0,0,0,0,0,,1,media,baja,muestra pequeña (1 partidos con eventos) — orientativo
72127,O. Urunov,0,0,,0,0,0,0,0,0,,1,media,baja,muestra pequeña (1 partidos con eventos) — orientativo
1929,J. Lucumí,0,0,0.0,0,0,0,0,0,0,,1,media,baja,muestra pequeña (1 partidos con eventos) — orientativo
48489,M. Muheim,0,0,,0,0,0,1,0,0,,2,media,baja,muestra pequeña (2 partidos con eventos) — orientativo
163032,F. Rieder,0,0,0.0,0,0,0,0,0,0,,3,media,baja,muestra pequeña (3 partidos con eventos) — orientativo
168,D. Sánchez,0,0,0.0,1,0,1,1,0,0,,1,media,baja,muestra pequeña (1 partidos con eventos) — orientativo
2490,J. Lerma,0,0,0.0,0,0,0,0,0,0,,1,media,baja,muestra pequeña (1 partidos con eventos) — orientativo
517,J. Rodríguez,0,0,0.0,0,0,0,0,0,0,,2,media,baja,muestra pequeña (2 partidos con eventos) — orientativo
47237,L. Suárez,0,0,0.0,0,0,0,1,0,0,,2,media,baja,muestra pequeña (2 partidos con eventos) — orientativo
2810,D. Zakaria,0,0,0.0,0,0,0,2,0,0,,3,media,baja,muestra pequeña (3 partidos con eventos) — orientativo
264705,A. Jashari,0,0,0.0,0,0,0,0,0,0,,1,media,baja,muestra pequeña (1 partidos con eventos) — orientativo
13708,J. Arias,0,0,0.0,0,0,0,0,0,0,,2,media,baja,muestra pequeña (2 partidos con eventos) — orientativo
66387,P. Sulc,0,0,,0,0,0,0,0,0,,1,media,baja,muestra pequeña (1 partidos con eventos) — orientativo
2906,Lee Jae-Sung,0,0,,0,0,0,0,0,0,,2,media,baja,muestra pequeña (2 partidos con eventos) — orientativo
2873,César Montes,0,0,0.0,0,0,0,0,1,0,,1,media,baja,muestra pequeña (1 partidos con eventos) — orientativo
42207,Mahmud Abunada,0,0,,0,0,0,1,0,0,,1,media,baja,muestra pequeña (1 partidos con eventos) — orientativo
2499,Junior Alonso,0,0,0.0,0,0,0,1,0,0,,1,media,baja,muestra pequeña (1 partidos con eventos) — orientativo
95460,Alex Arce,0,0,,0,0,0,1,0,0,,1,media,baja,muestra pequeña (1 partidos con eventos) — orientativo
278370,Diego Gómez,0,0,0.0,0,0,0,1,0,0,,1,media,baja,muestra pequeña (1 partidos con eventos) — orientativo
38735,S. Dest,0,0,0.0,0,0,0,0,0,0,,2,media,baja,muestra pequeña (2 partidos con eventos) — orientativo
2522,A. Sanabria,0,0,0.0,0,0,0,0,0,0,,1,media,baja,muestra pequeña (1 partidos con eventos) — orientativo
1150,Tyler Adams,0,0,0.0,0,0,0,1,0,0,,1,media,baja,muestra pequeña (1 partidos con eventos) — orientativo
2507,Miguel Almirón,0,0,0.0,0,0,0,1,0,0,,1,media,baja,muestra pequeña (1 partidos con eventos) — orientativo
195992,Juan Cáceres,0,0,0.0,0,0,0,1,0,0,,1,media,baja,muestra pequeña (1 partidos con eventos) — orientativo
195107,D. Bobadilla,0,0,0.0,0,0,0,0,0,0,,1,media,baja,muestra pequeña (1 partidos con eventos) — orientativo
35570,S. Eustaquio,0,0,0.0,0,0,0,0,0,0,,1,media,baja,muestra pequeña (1 partidos con eventos) — orientativo
1741,Nikola Katić,0,0,0.0,0,0,0,1,0,0,,1,media,baja,muestra pequeña (1 partidos con eventos) — orientativo
351587,T. Oluwaseyi,0,0,,0,0,0,0,0,0,,1,media,baja,muestra pequeña (1 partidos con eventos) — orientativo
1646,Lucas Paqueta,0,0,0.0,0,0,0,0,0,0,,1,media,baja,muestra pequeña (1 partidos con eventos) — orientativo
30424,Roger Ibañez,0,0,,0,0,0,1,0,0,,1,media,baja,muestra pequeña (1 partidos con eventos) — orientativo
747,Casemiro,0,0,0.0,0,0,0,1,0,0,,1,media,baja,muestra pequeña (1 partidos con eventos) — orientativo
42075,Edmilson Junior,0,0,,0,0,0,0,0,0,,2,media,baja,muestra pequeña (2 partidos con eventos) — orientativo
2535,A. O. Madibo,0,0,,0,0,0,0,1,0,,2,media,baja,muestra pequeña (2 partidos con eventos) — orientativo
951,M. Aebischer,0,0,0.0,0,0,0,0,0,0,,2,media,baja,muestra pequeña (2 partidos con eventos) — orientativo
542541,Y. Abdurisag,0,0,,0,0,0,0,0,0,,2,media,baja,muestra pequeña (2 partidos con eventos) — orientativo
377930,A. Al Oui,0,0,,0,0,0,0,0,0,,1,media,baja,muestra pequeña (1 partidos con eventos) — orientativo
200981,Jassem Gaber Abdulsallam,0,0,,0,0,0,1,0,0,,2,media,baja,muestra pequeña (2 partidos con eventos) — orientativo
78547,Alistair Johnston,0,0,0.0,0,0,0,1,0,0,,1,media,baja,muestra pequeña (1 partidos con eventos) — orientativo
304951,Gi-Hyuk Lee,0,0,,0,0,0,1,0,0,,1,media,baja,muestra pequeña (1 partidos con eventos) — orientativo
2909,Paik Seung-Ho,0,0,,0,0,0,1,0,0,,2,media,baja,muestra pequeña (2 partidos con eventos) — orientativo
237220,Lee Tae-Seok,0,0,,0,0,0,0,0,0,,1,media,baja,muestra pequeña (1 partidos con eventos) — orientativo
186,Son Heung-Min,0,0,,0,0,0,0,0,0,,2,media,baja,muestra pequeña (2 partidos con eventos) — orientativo
66353,L. Provod,0,0,,0,0,0,0,0,0,,1,media,baja,muestra pequeña (1 partidos con eventos) — orientativo
794,P. Schick,0,0,,0,0,0,0,0,0,,1,media,baja,muestra pequeña (1 partidos con eventos) — orientativo
6808,J. Italiano,0,0,,0,0,0,1,0,0,,2,media,baja,muestra pequeña (2 partidos con eventos) — orientativo
37155,O. Kokcu,0,0,0.0,0,0,0,0,0,0,,1,media,baja,muestra pequeña (1 partidos con eventos) — orientativo
63274,B. Yilmaz,0,0,0.0,0,0,0,0,0,0,,1,media,baja,muestra pequeña (1 partidos con eventos) — orientativo
433272,Findlay Curtis,0,0,,0,0,0,1,0,0,,1,media,baja,muestra pequeña (1 partidos con eventos) — orientativo
19077,Kenny McLean,0,0,,0,0,0,1,0,0,,1,media,baja,muestra pequeña (1 partidos con eventos) — orientativo
162733,R. Providence,0,0,,0,0,0,0,0,0,,1,media,baja,muestra pequeña (1 partidos con eventos) — orientativo
45175,L. Shankland,0,0,,0,0,0,0,0,0,,1,media,baja,muestra pequeña (1 partidos con eventos) — orientativo
84087,W. Isidor,0,0,,0,0,0,0,0,0,,1,media,baja,muestra pequeña (1 partidos con eventos) — orientativo
19524,C. Adams,0,0,,0,0,0,0,0,0,,1,media,baja,muestra pequeña (1 partidos con eventos) — orientativo
343576,B. Gannon-Doak,0,0,,0,0,0,0,0,0,,1,media,baja,muestra pequeña (1 partidos con eventos) — orientativo
128766,L. Deedson,0,0,,0,0,0,0,0,0,,1,media,baja,muestra pequeña (1 partidos con eventos) — orientativo
44871,Aaron Hickey,0,0,,0,0,0,1,0,0,,1,media,baja,muestra pequeña (1 partidos con eventos) — orientativo
20665,Jean-Ricner Bellegarde,0,0,,0,0,0,1,0,0,,1,media,baja,muestra pequeña (1 partidos con eventos) — orientativo
545,N. Mazraoui,0,0,0.0,0,0,0,0,0,0,,1,media,baja,muestra pequeña (1 partidos con eventos) — orientativo
129678,A. Ounahi,0,0,0.0,0,0,0,0,0,0,,1,media,baja,muestra pequeña (1 partidos con eventos) — orientativo
196156,I. Thiago,0,0,,0,0,0,0,0,0,,1,media,baja,muestra pequeña (1 partidos con eventos) — orientativo
161884,S. Hansen,0,0,,0,0,0,0,0,0,,1,media,baja,muestra pequeña (1 partidos con eventos) — orientativo
454,Yunus Akgün,0,0,,0,0,0,1,0,0,,1,media,baja,muestra pequeña (1 partidos con eventos) — orientativo
142959,K. Akturkoglu,0,0,,0,0,0,0,0,0,,1,media,baja,muestra pequeña (1 partidos con eventos) — orientativo
337587,J. Bos,0,0,0.0,0,0,0,1,0,0,,2,media,baja,muestra pequeña (2 partidos con eventos) — orientativo
214463,I. Yuksek,0,0,,0,0,0,0,0,0,,1,media,baja,muestra pequeña (1 partidos con eventos) — orientativo
22222,Z. Celik,0,0,,0,0,0,0,0,0,,1,media,baja,muestra pequeña (1 partidos con eventos) — orientativo
3289,Themba Zwane,0,0,,0,0,0,0,1,0,,1,media,baja,muestra pequeña (1 partidos con eventos) — orientativo
46334,A. Modiba,0,0,0.0,0,0,0,0,0,0,,1,media,baja,muestra pequeña (1 partidos con eventos) — orientativo
127429,I. Rayners,0,0,,0,0,0,0,0,0,,2,media,baja,muestra pequeña (2 partidos con eventos) — orientativo
46458,Nkosinathi Sibisi,0,0,,0,0,0,1,0,0,,1,media,baja,muestra pequeña (1 partidos con eventos) — orientativo
750,A. Fidalgo,0,0,,0,0,0,0,0,0,,1,media,baja,muestra pequeña (1 partidos con eventos) — orientativo
268710,J. Adams,0,0,,0,0,0,0,0,0,,2,media,baja,muestra pequeña (2 partidos con eventos) — orientativo
98936,L. Foster,0,0,,0,0,0,0,0,0,,1,media,baja,muestra pequeña (1 partidos con eventos) — orientativo
158433,Siphephelo Sithole,0,0,0.0,0,0,0,0,1,0,,1,media,baja,muestra pequeña (1 partidos con eventos) — orientativo
212233,Brian Gutiérrez,0,0,0.0,0,0,0,1,0,0,,2,media,baja,muestra pequeña (2 partidos con eventos) — orientativo
198352,M. Toure,0,0,0.0,0,0,0,0,0,0,,2,media,baja,muestra pequeña (2 partidos con eventos) — orientativo
1145,Ibrahima Konaté,0,0,0.0,0,0,0,0,0,0,,1,media,baja,muestra pequeña (1 partidos con eventos) — orientativo
156477,Rayan Cherki,0,0,0.0,0,0,0,0,0,0,,1,media,baja,muestra pequeña (1 partidos con eventos) — orientativo
626,John Stones,0,0,0.0,0,0,0,0,0,0,,2,media,baja,muestra pequeña (2 partidos con eventos) — orientativo
19545,Reece James,0,0,0.0,0,0,0,0,0,0,,1,media,baja,muestra pequeña (1 partidos con eventos) — orientativo
323935,Giuliano Simeone,0,0,0.0,0,0,0,0,0,0,,1,media,baja,muestra pequeña (1 partidos con eventos) — orientativo
247,C. Gakpo,0,0,0.0,0,0,0,0,0,0,,1,media,baja,muestra pequeña (1 partidos con eventos) — orientativo
72155,A. Ueda,0,0,0.0,0,0,0,0,0,0,,1,media,baja,muestra pequeña (1 partidos con eventos) — orientativo
667,Memphis Depay,0,0,,0,0,0,1,0,0,,1,media,baja,muestra pequeña (1 partidos con eventos) — orientativo
2598,R. Doan,0,0,0.0,0,0,0,0,0,0,,1,media,baja,muestra pequeña (1 partidos con eventos) — orientativo
32858,T. Watanabe,0,0,,0,0,0,0,0,0,,1,media,baja,muestra pequeña (1 partidos con eventos) — orientativo
36902,T. Reijnders,0,0,0.0,0,0,0,0,0,0,,1,media,baja,muestra pequeña (1 partidos con eventos) — orientativo
249,D. Malen,0,0,0.0,0,0,0,0,0,0,,1,media,baja,muestra pequeña (1 partidos con eventos) — orientativo
33224,D. Maeda,0,0,0.0,0,0,0,0,0,0,,1,media,baja,muestra pequeña (1 partidos con eventos) — orientativo
906,T. Chong,0,0,,0,0,0,0,0,0,,1,media,baja,muestra pequeña (1 partidos con eventos) — orientativo
972,J. Tah,0,0,0.0,0,0,0,0,0,0,,1,media,baja,muestra pequeña (1 partidos con eventos) — orientativo
18981,J. Locadia,0,0,,0,0,0,0,0,0,,1,media,baja,muestra pequeña (1 partidos con eventos) — orientativo
2575,Jackson Porozo,0,0,,0,0,0,1,0,0,,1,media,baja,muestra pequeña (1 partidos con eventos) — orientativo
16360,A. Franco,0,0,0.0,0,0,0,0,0,0,,1,media,baja,muestra pequeña (1 partidos con eventos) — orientativo
25414,J. Yeboah,0,0,0.0,0,0,0,0,0,0,,1,media,baja,muestra pequeña (1 partidos con eventos) — orientativo
280695,A. Minda,0,0,,0,0,0,0,0,0,,1,media,baja,muestra pequeña (1 partidos con eventos) — orientativo
162707,E. Wahi,0,0,,0,0,0,0,0,0,,1,media,baja,muestra pequeña (1 partidos con eventos) — orientativo
387643,B. Toure,0,0,,0,0,0,0,0,0,,1,media,baja,muestra pequeña (1 partidos con eventos) — orientativo
161747,Guéla Doué,0,0,0.0,0,0,0,1,0,0,,1,media,baja,muestra pequeña (1 partidos con eventos) — orientativo
1642,Franck Kessié,0,0,0.0,0,0,0,1,0,0,,1,media,baja,muestra pequeña (1 partidos con eventos) — orientativo
30807,Seko Fofana,0,0,,0,0,0,1,0,0,,1,media,baja,muestra pequeña (1 partidos con eventos) — orientativo
152849,Micky van de Ven,0,0,0.0,0,0,0,1,0,0,,1,media,baja,muestra pequeña (1 partidos con eventos) — orientativo
44,Rodri,0,0,0.0,0,0,0,0,0,0,,2,media,baja,muestra pequeña (2 partidos con eventos) — orientativo
67971,Marc Guéhi,0,0,0.0,0,0,0,0,0,0,,1,media,baja,muestra pequeña (1 partidos con eventos) — orientativo
161907,Malo Gusto,0,0,0.0,0,0,0,0,0,0,,1,media,baja,muestra pequeña (1 partidos con eventos) — orientativo
158698,Jarell Quansah,0,0,0.0,0,0,0,0,0,0,,1,media,baja,muestra pequeña (1 partidos con eventos) — orientativo
19974,Ivan Toney,0,0,0.0,0,0,0,0,0,0,,1,media,baja,muestra pequeña (1 partidos con eventos) — orientativo
47300,Theo Hernández,0,0,0.0,0,0,0,0,0,0,,1,media,baja,muestra pequeña (1 partidos con eventos) — orientativo
18942,Y. Valery,0,0,0.0,0,0,0,0,0,0,,1,media,baja,muestra pequeña (1 partidos con eventos) — orientativo
21587,E. Skhiri,0,0,0.0,0,0,0,0,0,0,,1,media,baja,muestra pequeña (1 partidos con eventos) — orientativo
323974,E. Saad,0,0,,0,0,0,0,0,0,,1,media,baja,muestra pequeña (1 partidos con eventos) — orientativo
48002,B. Nygren,0,0,,0,0,0,0,0,0,,1,media,baja,muestra pequeña (1 partidos con eventos) — orientativo
47969,G. Gudmundsson,0,0,0.0,0,0,0,0,0,0,,1,media,baja,muestra pequeña (1 partidos con eventos) — orientativo
25300,Rani Khedira,0,0,0.0,0,0,0,1,0,0,,1,media,baja,muestra pequeña (1 partidos con eventos) — orientativo
2467,Lisandro Martínez,0,0,0.0,0,0,0,2,0,0,,2,media,baja,muestra pequeña (2 partidos con eventos) — orientativo
2724,Lucas Digne,0,0,0.0,0,0,0,0,0,0,,1,media,baja,muestra pequeña (1 partidos con eventos) — orientativo
47380,Marc Cucurella,0,0,0.0,0,0,0,1,0,0,,1,media,baja,muestra pequeña (1 partidos con eventos) — orientativo
22090,William Saliba,0,0,0.0,0,0,0,0,0,0,,1,media,baja,muestra pequeña (1 partidos con eventos) — orientativo
2807,R. Freuler,0,0,0.0,0,0,0,0,0,0,,2,media,baja,muestra pequeña (2 partidos con eventos) — orientativo
271,L. Paredes,0,0,0.0,0,0,0,1,0,0,,3,media,baja,muestra pequeña (3 partidos con eventos) — orientativo
6067,T. Almada,0,0,0.0,0,0,0,1,0,0,,2,media,baja,muestra pequeña (2 partidos con eventos) — orientativo
957,D. Sow,0,0,,0,0,0,0,0,0,,1,media,baja,muestra pequeña (1 partidos con eventos) — orientativo
35533,E. Valencia,0,0,0.0,0,0,0,0,0,0,,1,media,baja,muestra pequeña (1 partidos con eventos) — orientativo
3246,N. Pepe,0,0,0.0,0,0,0,0,0,0,,1,media,baja,muestra pequeña (1 partidos con eventos) — orientativo
51572,M. Vina,0,0,,0,0,0,0,0,0,,1,media,baja,muestra pequeña (1 partidos con eventos) — orientativo
51617,D. Nunez,0,0,0.0,0,0,0,0,0,0,,1,media,baja,muestra pequeña (1 partidos con eventos) — orientativo
1422,J. Doku,0,0,0.0,0,0,0,0,0,0,,1,media,baja,muestra pequeña (1 partidos con eventos) — orientativo
2654,M. Hany,0,0,0.0,0,0,0,0,0,0,,1,media,baja,muestra pequeña (1 partidos con eventos) — orientativo
162714,A. Onana,0,0,0.0,0,0,0,0,0,0,,1,media,baja,muestra pequeña (1 partidos con eventos) — orientativo
2649,Ahmed Fatouh,0,0,0.0,0,0,0,1,0,0,,1,media,baja,muestra pequeña (1 partidos con eventos) — orientativo
133609,Pedri,0,0,0.0,0,0,0,1,0,0,,1,media,baja,muestra pequeña (1 partidos con eventos) — orientativo
50745,J. Monteiro,0,0,0.0,0,0,0,0,0,0,,1,media,baja,muestra pequeña (1 partidos con eventos) — orientativo
296667,Gavi,0,0,,0,0,0,0,0,0,,1,media,baja,muestra pequeña (1 partidos con eventos) — orientativo
1494,J. Cabral,0,0,,0,0,0,0,0,0,,1,media,baja,muestra pequeña (1 partidos con eventos) — orientativo
343287,D. Livramento,0,0,0.0,0,0,0,0,0,0,,1,media,baja,muestra pequeña (1 partidos con eventos) — orientativo
37436,L. Duarte,0,0,0.0,0,0,0,0,0,0,,1,media,baja,muestra pequeña (1 partidos con eventos) — orientativo
308689,Sidny Lopes Cabral,0,0,0.0,0,0,0,1,0,0,,1,media,baja,muestra pequeña (1 partidos con eventos) — orientativo
47696,A. Bernhardsson,0,0,0.0,0,0,0,0,0,0,,1,media,baja,muestra pequeña (1 partidos con eventos) — orientativo
199310,A. Slimane,0,0,0.0,0,0,0,0,0,0,,1,media,baja,muestra pequeña (1 partidos con eventos) — orientativo
48047,J. Karlstrom,0,0,,0,0,0,0,0,0,,1,media,baja,muestra pequeña (1 partidos con eventos) — orientativo
343405,A. Yousefi,0,0,,0,0,0,0,0,0,,1,media,baja,muestra pequeña (1 partidos con eventos) — orientativo
51530,F. Vinas,0,0,,0,0,0,0,0,0,,1,media,baja,muestra pequeña (1 partidos con eventos) — orientativo
44324,F. Al Buraikan,0,0,0.0,0,0,0,0,0,0,,1,media,baja,muestra pequeña (1 partidos con eventos) — orientativo
202381,M. Al Harbi,0,0,,0,0,0,0,0,0,,1,media,baja,muestra pequeña (1 partidos con eventos) — orientativo
44594,S. Abdulhamid,0,0,0.0,0,0,0,0,0,0,,1,media,baja,muestra pequeña (1 partidos con eventos) — orientativo
403087,M. Abu Al Shamat,0,0,,0,0,0,0,0,0,,1,media,baja,muestra pequeña (1 partidos con eventos) — orientativo
51494,M. Ugarte,0,0,0.0,0,0,0,0,0,0,,1,media,baja,muestra pequeña (1 partidos con eventos) — orientativo
1119,Kristoffer Ajer,0,0,0.0,0,0,0,1,0,0,,1,media,baja,muestra pequeña (1 partidos con eventos) — orientativo
19235,Djed Spence,0,0,0.0,0,0,0,0,0,0,,2,media,baja,muestra pequeña (2 partidos con eventos) — orientativo
307123,Nico O'Reilly,0,0,0.0,0,0,0,0,0,0,,1,media,baja,muestra pequeña (1 partidos con eventos) — orientativo
8492,Alexander Sørloth,0,0,0.0,0,0,0,0,0,0,,2,media,baja,muestra pequeña (2 partidos con eventos) — orientativo
24845,Julian Ryerson,0,0,0.0,0,0,0,0,0,0,,1,media,baja,muestra pequeña (1 partidos con eventos) — orientativo
39254,Torbjørn Heggem,0,0,0.0,0,0,0,0,0,0,,1,media,baja,muestra pequeña (1 partidos con eventos) — orientativo
136723,Noni Madueke,0,0,0.0,0,0,0,0,0,0,,2,media,baja,muestra pequeña (2 partidos con eventos) — orientativo
20,Axel Witsel,0,0,,0,0,0,1,0,0,,1,media,baja,muestra pequeña (1 partidos con eventos) — orientativo
306380,M. Al Juwayr,0,0,,0,0,0,0,0,0,,1,media,baja,muestra pequeña (1 partidos con eventos) — orientativo
299813,A. Al Hamadi,0,0,0.0,0,0,0,0,0,0,,1,media,baja,muestra pequeña (1 partidos con eventos) — orientativo
626479,Z. Ismaeel,0,0,,0,0,0,0,0,0,,1,media,baja,muestra pequeña (1 partidos con eventos) — orientativo
2990,I. Gueye,0,0,0.0,0,0,0,0,0,0,,1,media,baja,muestra pequeña (1 partidos con eventos) — orientativo
20696,P. Gueye,0,0,0.0,0,0,0,0,0,0,,1,media,baja,muestra pequeña (1 partidos con eventos) — orientativo
283058,N. Jackson,0,0,,0,0,0,0,0,0,,1,media,baja,muestra pequeña (1 partidos con eventos) — orientativo
374058,L. Camara,0,0,0.0,0,0,0,0,0,0,,1,media,baja,muestra pequeña (1 partidos con eventos) — orientativo
2218,I. Sarr,0,0,0.0,0,0,0,0,0,0,,1,media,baja,muestra pequeña (1 partidos con eventos) — orientativo
179862,M. Stamenic,0,0,0.0,0,0,0,0,0,0,,1,media,baja,muestra pequeña (1 partidos con eventos) — orientativo
6935,S. Singh,0,0,0.0,0,0,0,0,0,0,,1,media,baja,muestra pequeña (1 partidos con eventos) — orientativo
2685,Ehsan Hajsafi,0,0,,0,0,0,1,0,0,,1,media,baja,muestra pequeña (1 partidos con eventos) — orientativo
42315,M. Taremi,0,0,0.0,0,0,0,0,0,0,,1,media,baja,muestra pequeña (1 partidos con eventos) — orientativo
94346,T. Payne,0,0,0.0,0,0,0,0,0,0,,1,media,baja,muestra pequeña (1 partidos con eventos) — orientativo
6931,L. Cacace,0,0,0.0,0,0,0,0,0,0,,1,media,baja,muestra pequeña (1 partidos con eventos) — orientativo
94322,C. McCowatt,0,0,,0,0,0,0,0,0,,1,media,baja,muestra pequeña (1 partidos con eventos) — orientativo
2699,S. Ghoddos,0,0,0.0,0,0,0,0,0,0,,1,media,baja,muestra pequeña (1 partidos con eventos) — orientativo
89982,S. Moghanlou,0,0,,0,0,0,0,0,0,,1,media,baja,muestra pequeña (1 partidos con eventos) — orientativo
396623,Pau Cubarsí,0,0,0.0,0,0,0,1,0,0,,1,media,baja,muestra pequeña (1 partidos con eventos) — orientativo
1257,Jules Koundé,0,0,0.0,0,0,0,0,0,0,,1,media,baja,muestra pequeña (1 partidos con eventos) — orientativo
336659,Chemsdine Talbi,0,0,,0,0,0,0,0,0,,1,media,baja,muestra pequeña (1 partidos con eventos) — orientativo
7722,S. Kalajdzic,0,0,,0,0,0,0,0,0,,1,media,baja,muestra pequeña (1 partidos con eventos) — orientativo
409,N. Bentaleb,0,0,,0,0,0,0,0,0,,1,media,baja,muestra pequeña (1 partidos con eventos) — orientativo
380587,I. Maza,0,0,0.0,0,0,0,0,0,0,,1,media,baja,muestra pequeña (1 partidos con eventos) — orientativo
85041,A. Gouiri,0,0,0.0,0,0,0,0,0,0,,1,media,baja,muestra pequeña (1 partidos con eventos) — orientativo
4399,H. Boudaoui,0,0,0.0,0,0,0,0,0,0,,1,media,baja,muestra pequeña (1 partidos con eventos) — orientativo
326067,A. Hadj Moussa,0,0,,0,0,0,0,0,0,,1,media,baja,muestra pequeña (1 partidos con eventos) — orientativo
276670,Farès Chaïbi,0,0,0.0,0,0,0,0,0,0,,1,media,baja,muestra pequeña (1 partidos con eventos) — orientativo
296373,Zaid Tahseen,0,0,,0,0,0,1,0,0,,1,media,baja,muestra pequeña (1 partidos con eventos) — orientativo
140747,I. Bayesh,0,0,0.0,0,0,0,0,0,0,,1,media,baja,muestra pequeña (1 partidos con eventos) — orientativo
314511,A. Nusa,0,0,0.0,0,0,0,0,0,0,,1,media,baja,muestra pequeña (1 partidos con eventos) — orientativo
39043,F. Aursnes,0,0,0.0,0,0,0,0,0,0,,1,media,baja,muestra pequeña (1 partidos con eventos) — orientativo
145465,H. Ali,0,0,,0,0,0,0,0,0,,1,media,baja,muestra pequeña (1 partidos con eventos) — orientativo
542644,A. Jasim,0,0,0.0,0,0,0,0,0,0,,1,media,baja,muestra pequeña (1 partidos con eventos) — orientativo
568556,O. Al Fakhouri,0,0,,0,0,0,0,0,0,,1,media,baja,muestra pequeña (1 partidos con eventos) — orientativo
15286,M. Tamari,0,0,0.0,0,0,0,0,0,0,,1,media,baja,muestra pequeña (1 partidos con eventos) — orientativo
53902,E. Haddad,0,0,0.0,0,0,0,0,0,0,,1,media,baja,muestra pequeña (1 partidos con eventos) — orientativo
310835,A. Nasib,0,0,0.0,0,0,0,0,0,0,,1,media,baja,muestra pequeña (1 partidos con eventos) — orientativo
1159,Marcel Sabitzer,0,0,0.0,0,0,0,1,0,0,,1,media,baja,muestra pequeña (1 partidos con eventos) — orientativo
53900,Y. Al Arab,0,0,0.0,0,0,0,0,0,0,,1,media,baja,muestra pequeña (1 partidos con eventos) — orientativo
102538,M. Abualnadi,0,0,,0,0,0,0,0,0,,1,media,baja,muestra pequeña (1 partidos con eventos) — orientativo
505,D. Alaba,0,0,0.0,0,0,0,0,0,0,,1,media,baja,muestra pequeña (1 partidos con eventos) — orientativo
25915,P. Mwene,0,0,0.0,0,0,0,0,0,0,,1,media,baja,muestra pequeña (1 partidos con eventos) — orientativo
622,Aymeric Laporte,0,0,0.0,0,0,0,1,0,0,,2,media,baja,muestra pequeña (2 partidos con eventos) — orientativo
629,Kevin De Bruyne,0,0,0.0,0,0,0,1,0,0,,2,media,baja,muestra pequeña (2 partidos con eventos) — orientativo
730,Thibaut Courtois,0,0,0.0,0,0,0,0,0,0,,1,media,baja,muestra pequeña (1 partidos con eventos) — orientativo
162007,Maxim De Cuyper,0,0,0.0,0,0,0,1,0,0,,2,media,baja,muestra pequeña (2 partidos con eventos) — orientativo
1946,Leandro Trossard,0,0,0.0,0,0,0,0,0,0,,1,media,baja,muestra pequeña (1 partidos con eventos) — orientativo
78,Hans Vanaken,0,0,0.0,0,0,0,0,0,0,,1,media,baja,muestra pequeña (1 partidos con eventos) — orientativo
182219,Alex Baena,0,0,0.0,0,0,0,0,0,0,,3,media,baja,muestra pequeña (3 partidos con eventos) — orientativo
2979,J. Rodriguez,0,0,0.0,0,0,0,0,0,0,,1,media,baja,muestra pequeña (1 partidos con eventos) — orientativo
2975,César Blackman,0,0,,0,0,0,1,0,0,,1,media,baja,muestra pequeña (1 partidos con eventos) — orientativo
554208,C. Martinez,0,0,,0,0,0,0,0,0,,1,media,baja,muestra pequeña (1 partidos con eventos) — orientativo
51648,C. Waterman,0,0,,0,0,0,0,0,0,,1,media,baja,muestra pequeña (1 partidos con eventos) — orientativo
350856,E. Nuamah,0,0,,0,0,0,0,0,0,,1,media,baja,muestra pequeña (1 partidos con eventos) — orientativo
199837,K. Sulemana,0,0,0.0,0,0,0,0,0,0,,1,media,baja,muestra pequeña (1 partidos con eventos) — orientativo
3412,L. Ati Zigi,0,0,,0,0,0,0,0,0,,1,media,baja,muestra pequeña (1 partidos con eventos) — orientativo
2763,M. Pasalic,0,0,,0,0,0,0,0,0,,1,media,baja,muestra pequeña (1 partidos con eventos) — orientativo
387521,L. Vuskovic,0,0,,0,0,0,0,0,0,,1,media,baja,muestra pequeña (1 partidos con eventos) — orientativo
754,L. Modric,0,0,0.0,0,0,0,0,0,0,,1,media,baja,muestra pequeña (1 partidos con eventos) — orientativo
162451,Anass Salah-Eddine,0,0,,0,0,0,0,0,0,,1,media,baja,muestra pequeña (1 partidos con eventos) — orientativo
22147,Manu Koné,0,0,0.0,0,0,0,0,0,0,,1,media,baja,muestra pequeña (1 partidos con eventos) — orientativo
18814,Issa Diop,0,0,0.0,0,0,0,1,0,0,,1,media,baja,muestra pequeña (1 partidos con eventos) — orientativo
438688,Ayyoub Bouaddi,0,0,0.0,0,0,0,0,0,0,,1,media,baja,muestra pequeña (1 partidos con eventos) — orientativo
340573,Bilal El Khannouss,0,0,0.0,0,0,0,0,0,0,,2,media,baja,muestra pequeña (2 partidos con eventos) — orientativo
5,M. Akanji,0,0,0.0,1,0,1,0,0,0,,1,media,baja,muestra pequeña (1 partidos con eventos) — orientativo
16841,Mohanad Lasheen,0,0,0.0,0,0,0,0,0,0,,1,media,baja,muestra pequeña (1 partidos con eventos) — orientativo
360114,Abdukodir Khusanov,0,0,0.0,0,0,0,1,0,0,,1,media,baja,muestra pequeña (1 partidos con eventos) — orientativo
64268,Johan Mojica,0,0,0.0,0,0,0,1,0,0,,1,media,baja,muestra pequeña (1 partidos con eventos) — orientativo
161939,Tomás Araújo,0,0,,0,0,0,1,0,0,,1,media,baja,muestra pequeña (1 partidos con eventos) — orientativo
130,Nélson Semedo,0,0,,0,0,0,1,0,0,,1,media,baja,muestra pequeña (1 partidos con eventos) — orientativo
3033,C. Bakambu,0,0,0.0,0,0,0,0,0,0,,1,media,baja,muestra pequeña (1 partidos con eventos) — orientativo
18846,A. Wan-Bissaka,0,0,0.0,0,0,0,0,0,0,,1,media,baja,muestra pequeña (1 partidos con eventos) — orientativo
128384,Vitinha,0,0,0.0,0,0,0,0,0,0,,1,media,baja,muestra pequeña (1 partidos con eventos) — orientativo
1424,E. Kayembe,0,0,0.0,0,0,0,0,0,0,,1,media,baja,muestra pequeña (1 partidos con eventos) — orientativo
263482,N. Mendes,0,0,0.0,0,0,0,0,0,0,,1,media,baja,muestra pequeña (1 partidos con eventos) — orientativo
375598,N. Mukau,0,0,0.0,0,0,0,0,0,0,,1,media,baja,muestra pequeña (1 partidos con eventos) — orientativo
375,Chancel Mbemba,0,0,0.0,0,0,0,1,0,0,,1,media,baja,muestra pequeña (1 partidos con eventos) — orientativo
636,Bernardo Silva,0,0,,0,0,0,1,0,0,,1,media,baja,muestra pequeña (1 partidos con eventos) — orientativo
71230,Carlos Harvey,0,0,0.0,0,0,0,1,0,0,,1,media,baja,muestra pequeña (1 partidos con eventos) — orientativo
3428,J. Ayew,0,0,0.0,0,0,0,0,0,0,,1,media,baja,muestra pequeña (1 partidos con eventos) — orientativo
21010,E. Owusu,0,0,0.0,0,0,0,0,0,0,,1,media,baja,muestra pequeña (1 partidos con eventos) — orientativo
162194,L. Cerv,0,0,,0,0,0,0,0,0,,1,media,baja,muestra pequeña (1 partidos con eventos) — orientativo
126949,Chris Richards,0,0,0.0,0,0,0,1,0,0,,1,media,baja,muestra pequeña (1 partidos con eventos) — orientativo
20079,Harry Souttar,0,0,0.0,0,0,0,1,0,0,,1,media,baja,muestra pequeña (1 partidos con eventos) — orientativo
73868,R. Pepi,0,0,,0,0,0,0,0,0,,1,media,baja,muestra pequeña (1 partidos con eventos) — orientativo
2751,M. Leckie,0,0,,0,0,0,0,0,0,,1,media,baja,muestra pequeña (1 partidos con eventos) — orientativo
19549,Antonee Robinson,0,0,0.0,0,0,0,1,0,0,,1,media,baja,muestra pequeña (1 partidos con eventos) — orientativo
312459,N. Velupillay,0,0,,0,0,0,0,0,0,,1,media,baja,muestra pequeña (1 partidos con eventos) — orientativo
348568,Alessandro Circati,0,0,0.0,0,0,0,1,0,0,,1,media,baja,muestra pequeña (1 partidos con eventos) — orientativo
20457,C. Burgess,0,0,,0,0,0,0,0,0,,1,media,baja,muestra pequeña (1 partidos con eventos) — orientativo
197985,Seol Young-Woo,0,0,,0,0,0,0,0,0,,1,media,baja,muestra pequeña (1 partidos con eventos) — orientativo
2912,Kim Moon-Hwan,0,0,,0,0,0,0,0,0,,1,media,baja,muestra pequeña (1 partidos con eventos) — orientativo
283174,M. Al Mannai,0,0,,0,0,0,0,0,0,,1,media,baja,muestra pequeña (1 partidos con eventos) — orientativo
362145,A. Ahmed,0,0,,0,0,0,0,0,0,,1,media,baja,muestra pequeña (1 partidos con eventos) — orientativo
2539,Ahmed Fathi,0,0,,0,0,0,1,0,0,,1,media,baja,muestra pequeña (1 partidos con eventos) — orientativo
2544,A. Afif,0,0,,0,0,0,0,0,0,,1,media,baja,muestra pequeña (1 partidos con eventos) — orientativo
328046,I. Kone,0,0,,0,0,0,0,0,0,,1,media,baja,muestra pequeña (1 partidos con eventos) — orientativo
322101,A. Memic,0,0,,0,0,0,0,0,0,,1,media,baja,muestra pequeña (1 partidos con eventos) — orientativo
329409,E. Bajraktarevic,0,0,,0,0,0,0,0,0,,1,media,baja,muestra pequeña (1 partidos con eventos) — orientativo
162222,I. Basic,0,0,,0,0,0,0,0,0,,1,media,baja,muestra pequeña (1 partidos con eventos) — orientativo
51016,T. Buchanan,0,0,0.0,0,0,0,0,0,0,,2,media,baja,muestra pequeña (2 partidos con eventos) — orientativo
44798,L. Millar,0,0,0.0,0,0,0,0,0,0,,1,media,baja,muestra pequeña (1 partidos con eventos) — orientativo
327738,Luc De Fougerolles,0,0,0.0,0,0,0,1,0,0,,2,media,baja,muestra pequeña (2 partidos con eventos) — orientativo
46930,Ermedin Demirović,0,0,0.0,0,0,0,1,0,0,,2,media,baja,muestra pequeña (2 partidos con eventos) — orientativo
395559,K. Alajbegovic,0,0,0.0,0,0,0,0,0,0,,1,media,baja,muestra pequeña (1 partidos con eventos) — orientativo
1324,I. Sunjic,0,0,0.0,0,0,0,0,0,0,,1,media,baja,muestra pequeña (1 partidos con eventos) — orientativo
48378,S. Widmer,0,0,0.0,0,0,0,0,0,0,,1,media,baja,muestra pequeña (1 partidos con eventos) — orientativo
271350,Tarik Muharemović,0,0,0.0,0,0,0,0,1,0,,1,media,baja,muestra pequeña (1 partidos con eventos) — orientativo
2803,Nico Elvedi,0,0,0.0,0,0,0,1,0,0,,1,media,baja,muestra pequeña (1 partidos con eventos) — orientativo
264094,B. Tahirovic,0,0,,0,0,0,0,0,0,,1,media,baja,muestra pequeña (1 partidos con eventos) — orientativo
790,Edin Džeko,0,0,0.0,0,0,0,1,0,0,,1,media,baja,muestra pequeña (1 partidos con eventos) — orientativo
7318,Amar Dedić,0,0,0.0,0,0,0,1,0,0,,1,media,baja,muestra pequeña (1 partidos con eventos) — orientativo
354831,T. Maseko,0,0,,0,0,0,0,0,0,,1,media,baja,muestra pequeña (1 partidos con eventos) — orientativo
