target_date,generated_at,issue_number,title,url,lifecycle_status,recommended_action,reason,auto_close,production_change,guardrail_status
2026-09-04,2026-09-04T05:21:20+01:00,842,vSIGMA DATA_QUALITY_REVIEW_REQUIRED 2026-08-25,https://github.com/jorgemaganescobar94-lgtm/vsigma/issues/842,STALE_CONSOLIDATED_REVIEW,REVIEW_FOR_MANUAL_CLOSE,Consolidated alert from another date; keep unless a newer category issue supersedes it.,NO,NO,LIFECYCLE_REPORT_ONLY_NO_AUTO_CLOSE
2026-09-04,2026-09-04T05:21:20+01:00,841,vSIGMA OPERATIONAL_REVIEW_REQUIRED 2026-08-25,https://github.com/jorgemaganescobar94-lgtm/vsigma/issues/841,STALE_CONSOLIDATED_REVIEW,REVIEW_FOR_MANUAL_CLOSE,Consolidated alert from another date; keep unless a newer category issue supersedes it.,NO,NO,LIFECYCLE_REPORT_ONLY_NO_AUTO_CLOSE
2026-09-04,2026-09-04T05:21:20+01:00,830,vSIGMA DATA_QUALITY_REVIEW_REQUIRED 2026-08-24,https://github.com/jorgemaganescobar94-lgtm/vsigma/issues/830,STALE_CONSOLIDATED_REVIEW,REVIEW_FOR_MANUAL_CLOSE,Consolidated alert from another date; keep unless a newer category issue supersedes it.,NO,NO,LIFECYCLE_REPORT_ONLY_NO_AUTO_CLOSE
2026-09-04,2026-09-04T05:21:20+01:00,829,vSIGMA OPERATIONAL_REVIEW_REQUIRED 2026-08-24,https://github.com/jorgemaganescobar94-lgtm/vsigma/issues/829,STALE_CONSOLIDATED_REVIEW,REVIEW_FOR_MANUAL_CLOSE,Consolidated alert from another date; keep unless a newer category issue supersedes it.,NO,NO,LIFECYCLE_REPORT_ONLY_NO_AUTO_CLOSE
2026-09-04,2026-09-04T05:21:20+01:00,820,vSIGMA DATA_QUALITY_REVIEW_REQUIRED 2026-08-23,https://github.com/jorgemaganescobar94-lgtm/vsigma/issues/820,STALE_CONSOLIDATED_REVIEW,REVIEW_FOR_MANUAL_CLOSE,Consolidated alert from another date; keep unless a newer category issue supersedes it.,NO,NO,LIFECYCLE_REPORT_ONLY_NO_AUTO_CLOSE
2026-09-04,2026-09-04T05:21:20+01:00,819,vSIGMA OPERATIONAL_REVIEW_REQUIRED 2026-08-23,https://github.com/jorgemaganescobar94-lgtm/vsigma/issues/819,STALE_CONSOLIDATED_REVIEW,REVIEW_FOR_MANUAL_CLOSE,Consolidated alert from another date; keep unless a newer category issue supersedes it.,NO,NO,LIFECYCLE_REPORT_ONLY_NO_AUTO_CLOSE
2026-09-04,2026-09-04T05:21:20+01:00,809,vSIGMA DATA_QUALITY_REVIEW_REQUIRED 2026-08-22,https://github.com/jorgemaganescobar94-lgtm/vsigma/issues/809,STALE_CONSOLIDATED_REVIEW,REVIEW_FOR_MANUAL_CLOSE,Consolidated alert from another date; keep unless a newer category issue supersedes it.,NO,NO,LIFECYCLE_REPORT_ONLY_NO_AUTO_CLOSE
2026-09-04,2026-09-04T05:21:20+01:00,808,vSIGMA OPERATIONAL_REVIEW_REQUIRED 2026-08-22,https://github.com/jorgemaganescobar94-lgtm/vsigma/issues/808,STALE_CONSOLIDATED_REVIEW,REVIEW_FOR_MANUAL_CLOSE,Consolidated alert from another date; keep unless a newer category issue supersedes it.,NO,NO,LIFECYCLE_REPORT_ONLY_NO_AUTO_CLOSE
2026-09-04,2026-09-04T05:21:20+01:00,799,vSIGMA DATA_QUALITY_REVIEW_REQUIRED 2026-08-21,https://github.com/jorgemaganescobar94-lgtm/vsigma/issues/799,STALE_CONSOLIDATED_REVIEW,REVIEW_FOR_MANUAL_CLOSE,Consolidated alert from another date; keep unless a newer category issue supersedes it.,NO,NO,LIFECYCLE_REPORT_ONLY_NO_AUTO_CLOSE
2026-09-04,2026-09-04T05:21:20+01:00,798,vSIGMA OPERATIONAL_REVIEW_REQUIRED 2026-08-21,https://github.com/jorgemaganescobar94-lgtm/vsigma/issues/798,STALE_CONSOLIDATED_REVIEW,REVIEW_FOR_MANUAL_CLOSE,Consolidated alert from another date; keep unless a newer category issue supersedes it.,NO,NO,LIFECYCLE_REPORT_ONLY_NO_AUTO_CLOSE
2026-09-04,2026-09-04T05:21:20+01:00,788,vSIGMA DATA_QUALITY_REVIEW_REQUIRED 2026-08-20,https://github.com/jorgemaganescobar94-lgtm/vsigma/issues/788,STALE_CONSOLIDATED_REVIEW,REVIEW_FOR_MANUAL_CLOSE,Consolidated alert from another date; keep unless a newer category issue supersedes it.,NO,NO,LIFECYCLE_REPORT_ONLY_NO_AUTO_CLOSE
2026-09-04,2026-09-04T05:21:20+01:00,787,vSIGMA OPERATIONAL_REVIEW_REQUIRED 2026-08-20,https://github.com/jorgemaganescobar94-lgtm/vsigma/issues/787,STALE_CONSOLIDATED_REVIEW,REVIEW_FOR_MANUAL_CLOSE,Consolidated alert from another date; keep unless a newer category issue supersedes it.,NO,NO,LIFECYCLE_REPORT_ONLY_NO_AUTO_CLOSE
2026-09-04,2026-09-04T05:21:20+01:00,778,vSIGMA DATA_QUALITY_REVIEW_REQUIRED 2026-08-19,https://github.com/jorgemaganescobar94-lgtm/vsigma/issues/778,STALE_CONSOLIDATED_REVIEW,REVIEW_FOR_MANUAL_CLOSE,Consolidated alert from another date; keep unless a newer category issue supersedes it.,NO,NO,LIFECYCLE_REPORT_ONLY_NO_AUTO_CLOSE
2026-09-04,2026-09-04T05:21:20+01:00,777,vSIGMA OPERATIONAL_REVIEW_REQUIRED 2026-08-19,https://github.com/jorgemaganescobar94-lgtm/vsigma/issues/777,STALE_CONSOLIDATED_REVIEW,REVIEW_FOR_MANUAL_CLOSE,Consolidated alert from another date; keep unless a newer category issue supersedes it.,NO,NO,LIFECYCLE_REPORT_ONLY_NO_AUTO_CLOSE
2026-09-04,2026-09-04T05:21:20+01:00,771,vSIGMA DATA_QUALITY_REVIEW_REQUIRED 2026-08-18,https://github.com/jorgemaganescobar94-lgtm/vsigma/issues/771,STALE_CONSOLIDATED_REVIEW,REVIEW_FOR_MANUAL_CLOSE,Consolidated alert from another date; keep unless a newer category issue supersedes it.,NO,NO,LIFECYCLE_REPORT_ONLY_NO_AUTO_CLOSE
2026-09-04,2026-09-04T05:21:20+01:00,770,vSIGMA OPERATIONAL_REVIEW_REQUIRED 2026-08-18,https://github.com/jorgemaganescobar94-lgtm/vsigma/issues/770,STALE_CONSOLIDATED_REVIEW,REVIEW_FOR_MANUAL_CLOSE,Consolidated alert from another date; keep unless a newer category issue supersedes it.,NO,NO,LIFECYCLE_REPORT_ONLY_NO_AUTO_CLOSE
2026-09-04,2026-09-04T05:21:20+01:00,763,vSIGMA DATA_QUALITY_REVIEW_REQUIRED 2026-08-17,https://github.com/jorgemaganescobar94-lgtm/vsigma/issues/763,STALE_CONSOLIDATED_REVIEW,REVIEW_FOR_MANUAL_CLOSE,Consolidated alert from another date; keep unless a newer category issue supersedes it.,NO,NO,LIFECYCLE_REPORT_ONLY_NO_AUTO_CLOSE
2026-09-04,2026-09-04T05:21:20+01:00,762,vSIGMA OPERATIONAL_REVIEW_REQUIRED 2026-08-17,https://github.com/jorgemaganescobar94-lgtm/vsigma/issues/762,STALE_CONSOLIDATED_REVIEW,REVIEW_FOR_MANUAL_CLOSE,Consolidated alert from another date; keep unless a newer category issue supersedes it.,NO,NO,LIFECYCLE_REPORT_ONLY_NO_AUTO_CLOSE
2026-09-04,2026-09-04T05:21:20+01:00,754,vSIGMA DATA_QUALITY_REVIEW_REQUIRED 2026-08-16,https://github.com/jorgemaganescobar94-lgtm/vsigma/issues/754,STALE_CONSOLIDATED_REVIEW,REVIEW_FOR_MANUAL_CLOSE,Consolidated alert from another date; keep unless a newer category issue supersedes it.,NO,NO,LIFECYCLE_REPORT_ONLY_NO_AUTO_CLOSE
2026-09-04,2026-09-04T05:21:20+01:00,753,vSIGMA OPERATIONAL_REVIEW_REQUIRED 2026-08-16,https://github.com/jorgemaganescobar94-lgtm/vsigma/issues/753,STALE_CONSOLIDATED_REVIEW,REVIEW_FOR_MANUAL_CLOSE,Consolidated alert from another date; keep unless a newer category issue supersedes it.,NO,NO,LIFECYCLE_REPORT_ONLY_NO_AUTO_CLOSE
2026-09-04,2026-09-04T05:21:20+01:00,746,vSIGMA DATA_QUALITY_REVIEW_REQUIRED 2026-08-15,https://github.com/jorgemaganescobar94-lgtm/vsigma/issues/746,STALE_CONSOLIDATED_REVIEW,REVIEW_FOR_MANUAL_CLOSE,Consolidated alert from another date; keep unless a newer category issue supersedes it.,NO,NO,LIFECYCLE_REPORT_ONLY_NO_AUTO_CLOSE
2026-09-04,2026-09-04T05:21:20+01:00,745,vSIGMA OPERATIONAL_REVIEW_REQUIRED 2026-08-15,https://github.com/jorgemaganescobar94-lgtm/vsigma/issues/745,STALE_CONSOLIDATED_REVIEW,REVIEW_FOR_MANUAL_CLOSE,Consolidated alert from another date; keep unless a newer category issue supersedes it.,NO,NO,LIFECYCLE_REPORT_ONLY_NO_AUTO_CLOSE
2026-09-04,2026-09-04T05:21:20+01:00,738,vSIGMA DATA_QUALITY_REVIEW_REQUIRED 2026-08-14,https://github.com/jorgemaganescobar94-lgtm/vsigma/issues/738,STALE_CONSOLIDATED_REVIEW,REVIEW_FOR_MANUAL_CLOSE,Consolidated alert from another date; keep unless a newer category issue supersedes it.,NO,NO,LIFECYCLE_REPORT_ONLY_NO_AUTO_CLOSE
2026-09-04,2026-09-04T05:21:20+01:00,737,vSIGMA OPERATIONAL_REVIEW_REQUIRED 2026-08-14,https://github.com/jorgemaganescobar94-lgtm/vsigma/issues/737,STALE_CONSOLIDATED_REVIEW,REVIEW_FOR_MANUAL_CLOSE,Consolidated alert from another date; keep unless a newer category issue supersedes it.,NO,NO,LIFECYCLE_REPORT_ONLY_NO_AUTO_CLOSE
2026-09-04,2026-09-04T05:21:20+01:00,729,vSIGMA DATA_QUALITY_REVIEW_REQUIRED 2026-08-13,https://github.com/jorgemaganescobar94-lgtm/vsigma/issues/729,STALE_CONSOLIDATED_REVIEW,REVIEW_FOR_MANUAL_CLOSE,Consolidated alert from another date; keep unless a newer category issue supersedes it.,NO,NO,LIFECYCLE_REPORT_ONLY_NO_AUTO_CLOSE
2026-09-04,2026-09-04T05:21:20+01:00,728,vSIGMA OPERATIONAL_REVIEW_REQUIRED 2026-08-13,https://github.com/jorgemaganescobar94-lgtm/vsigma/issues/728,STALE_CONSOLIDATED_REVIEW,REVIEW_FOR_MANUAL_CLOSE,Consolidated alert from another date; keep unless a newer category issue supersedes it.,NO,NO,LIFECYCLE_REPORT_ONLY_NO_AUTO_CLOSE
2026-09-04,2026-09-04T05:21:20+01:00,725,vSIGMA DATA_QUALITY_REVIEW_REQUIRED 2026-08-12,https://github.com/jorgemaganescobar94-lgtm/vsigma/issues/725,STALE_CONSOLIDATED_REVIEW,REVIEW_FOR_MANUAL_CLOSE,Consolidated alert from another date; keep unless a newer category issue supersedes it.,NO,NO,LIFECYCLE_REPORT_ONLY_NO_AUTO_CLOSE
2026-09-04,2026-09-04T05:21:20+01:00,719,vSIGMA DATA_QUALITY_REVIEW_REQUIRED 2026-08-12,https://github.com/jorgemaganescobar94-lgtm/vsigma/issues/719,STALE_CONSOLIDATED_REVIEW,REVIEW_FOR_MANUAL_CLOSE,Consolidated alert from another date; keep unless a newer category issue supersedes it.,NO,NO,LIFECYCLE_REPORT_ONLY_NO_AUTO_CLOSE
2026-09-04,2026-09-04T05:21:20+01:00,718,vSIGMA OPERATIONAL_REVIEW_REQUIRED 2026-08-12,https://github.com/jorgemaganescobar94-lgtm/vsigma/issues/718,STALE_CONSOLIDATED_REVIEW,REVIEW_FOR_MANUAL_CLOSE,Consolidated alert from another date; keep unless a newer category issue supersedes it.,NO,NO,LIFECYCLE_REPORT_ONLY_NO_AUTO_CLOSE
2026-09-04,2026-09-04T05:21:20+01:00,710,vSIGMA DATA_QUALITY_REVIEW_REQUIRED 2026-08-11,https://github.com/jorgemaganescobar94-lgtm/vsigma/issues/710,STALE_CONSOLIDATED_REVIEW,REVIEW_FOR_MANUAL_CLOSE,Consolidated alert from another date; keep unless a newer category issue supersedes it.,NO,NO,LIFECYCLE_REPORT_ONLY_NO_AUTO_CLOSE
2026-09-04,2026-09-04T05:21:20+01:00,709,vSIGMA OPERATIONAL_REVIEW_REQUIRED 2026-08-11,https://github.com/jorgemaganescobar94-lgtm/vsigma/issues/709,STALE_CONSOLIDATED_REVIEW,REVIEW_FOR_MANUAL_CLOSE,Consolidated alert from another date; keep unless a newer category issue supersedes it.,NO,NO,LIFECYCLE_REPORT_ONLY_NO_AUTO_CLOSE
2026-09-04,2026-09-04T05:21:20+01:00,700,vSIGMA DATA_QUALITY_REVIEW_REQUIRED 2026-08-10,https://github.com/jorgemaganescobar94-lgtm/vsigma/issues/700,STALE_CONSOLIDATED_REVIEW,REVIEW_FOR_MANUAL_CLOSE,Consolidated alert from another date; keep unless a newer category issue supersedes it.,NO,NO,LIFECYCLE_REPORT_ONLY_NO_AUTO_CLOSE
2026-09-04,2026-09-04T05:21:20+01:00,699,vSIGMA OPERATIONAL_REVIEW_REQUIRED 2026-08-10,https://github.com/jorgemaganescobar94-lgtm/vsigma/issues/699,STALE_CONSOLIDATED_REVIEW,REVIEW_FOR_MANUAL_CLOSE,Consolidated alert from another date; keep unless a newer category issue supersedes it.,NO,NO,LIFECYCLE_REPORT_ONLY_NO_AUTO_CLOSE
2026-09-04,2026-09-04T05:21:20+01:00,690,vSIGMA DATA_QUALITY_REVIEW_REQUIRED 2026-08-09,https://github.com/jorgemaganescobar94-lgtm/vsigma/issues/690,STALE_CONSOLIDATED_REVIEW,REVIEW_FOR_MANUAL_CLOSE,Consolidated alert from another date; keep unless a newer category issue supersedes it.,NO,NO,LIFECYCLE_REPORT_ONLY_NO_AUTO_CLOSE
2026-09-04,2026-09-04T05:21:20+01:00,689,vSIGMA OPERATIONAL_REVIEW_REQUIRED 2026-08-09,https://github.com/jorgemaganescobar94-lgtm/vsigma/issues/689,STALE_CONSOLIDATED_REVIEW,REVIEW_FOR_MANUAL_CLOSE,Consolidated alert from another date; keep unless a newer category issue supersedes it.,NO,NO,LIFECYCLE_REPORT_ONLY_NO_AUTO_CLOSE
2026-09-04,2026-09-04T05:21:20+01:00,682,vSIGMA DATA_QUALITY_REVIEW_REQUIRED 2026-08-08,https://github.com/jorgemaganescobar94-lgtm/vsigma/issues/682,STALE_CONSOLIDATED_REVIEW,REVIEW_FOR_MANUAL_CLOSE,Consolidated alert from another date; keep unless a newer category issue supersedes it.,NO,NO,LIFECYCLE_REPORT_ONLY_NO_AUTO_CLOSE
2026-09-04,2026-09-04T05:21:20+01:00,681,vSIGMA OPERATIONAL_REVIEW_REQUIRED 2026-08-08,https://github.com/jorgemaganescobar94-lgtm/vsigma/issues/681,STALE_CONSOLIDATED_REVIEW,REVIEW_FOR_MANUAL_CLOSE,Consolidated alert from another date; keep unless a newer category issue supersedes it.,NO,NO,LIFECYCLE_REPORT_ONLY_NO_AUTO_CLOSE
2026-09-04,2026-09-04T05:21:20+01:00,671,vSIGMA DATA_QUALITY_REVIEW_REQUIRED 2026-08-07,https://github.com/jorgemaganescobar94-lgtm/vsigma/issues/671,STALE_CONSOLIDATED_REVIEW,REVIEW_FOR_MANUAL_CLOSE,Consolidated alert from another date; keep unless a newer category issue supersedes it.,NO,NO,LIFECYCLE_REPORT_ONLY_NO_AUTO_CLOSE
2026-09-04,2026-09-04T05:21:20+01:00,670,vSIGMA OPERATIONAL_REVIEW_REQUIRED 2026-08-07,https://github.com/jorgemaganescobar94-lgtm/vsigma/issues/670,STALE_CONSOLIDATED_REVIEW,REVIEW_FOR_MANUAL_CLOSE,Consolidated alert from another date; keep unless a newer category issue supersedes it.,NO,NO,LIFECYCLE_REPORT_ONLY_NO_AUTO_CLOSE
2026-09-04,2026-09-04T05:21:20+01:00,662,vSIGMA DATA_QUALITY_REVIEW_REQUIRED 2026-08-06,https://github.com/jorgemaganescobar94-lgtm/vsigma/issues/662,STALE_CONSOLIDATED_REVIEW,REVIEW_FOR_MANUAL_CLOSE,Consolidated alert from another date; keep unless a newer category issue supersedes it.,NO,NO,LIFECYCLE_REPORT_ONLY_NO_AUTO_CLOSE
2026-09-04,2026-09-04T05:21:20+01:00,661,vSIGMA OPERATIONAL_REVIEW_REQUIRED 2026-08-06,https://github.com/jorgemaganescobar94-lgtm/vsigma/issues/661,STALE_CONSOLIDATED_REVIEW,REVIEW_FOR_MANUAL_CLOSE,Consolidated alert from another date; keep unless a newer category issue supersedes it.,NO,NO,LIFECYCLE_REPORT_ONLY_NO_AUTO_CLOSE
2026-09-04,2026-09-04T05:21:20+01:00,652,vSIGMA DATA_QUALITY_REVIEW_REQUIRED 2026-08-05,https://github.com/jorgemaganescobar94-lgtm/vsigma/issues/652,STALE_CONSOLIDATED_REVIEW,REVIEW_FOR_MANUAL_CLOSE,Consolidated alert from another date; keep unless a newer category issue supersedes it.,NO,NO,LIFECYCLE_REPORT_ONLY_NO_AUTO_CLOSE
2026-09-04,2026-09-04T05:21:20+01:00,651,vSIGMA OPERATIONAL_REVIEW_REQUIRED 2026-08-05,https://github.com/jorgemaganescobar94-lgtm/vsigma/issues/651,STALE_CONSOLIDATED_REVIEW,REVIEW_FOR_MANUAL_CLOSE,Consolidated alert from another date; keep unless a newer category issue supersedes it.,NO,NO,LIFECYCLE_REPORT_ONLY_NO_AUTO_CLOSE
2026-09-04,2026-09-04T05:21:20+01:00,641,vSIGMA DATA_QUALITY_REVIEW_REQUIRED 2026-08-04,https://github.com/jorgemaganescobar94-lgtm/vsigma/issues/641,STALE_CONSOLIDATED_REVIEW,REVIEW_FOR_MANUAL_CLOSE,Consolidated alert from another date; keep unless a newer category issue supersedes it.,NO,NO,LIFECYCLE_REPORT_ONLY_NO_AUTO_CLOSE
2026-09-04,2026-09-04T05:21:20+01:00,640,vSIGMA OPERATIONAL_REVIEW_REQUIRED 2026-08-04,https://github.com/jorgemaganescobar94-lgtm/vsigma/issues/640,STALE_CONSOLIDATED_REVIEW,REVIEW_FOR_MANUAL_CLOSE,Consolidated alert from another date; keep unless a newer category issue supersedes it.,NO,NO,LIFECYCLE_REPORT_ONLY_NO_AUTO_CLOSE
2026-09-04,2026-09-04T05:21:20+01:00,631,vSIGMA DATA_QUALITY_REVIEW_REQUIRED 2026-08-03,https://github.com/jorgemaganescobar94-lgtm/vsigma/issues/631,STALE_CONSOLIDATED_REVIEW,REVIEW_FOR_MANUAL_CLOSE,Consolidated alert from another date; keep unless a newer category issue supersedes it.,NO,NO,LIFECYCLE_REPORT_ONLY_NO_AUTO_CLOSE
2026-09-04,2026-09-04T05:21:20+01:00,630,vSIGMA OPERATIONAL_REVIEW_REQUIRED 2026-08-03,https://github.com/jorgemaganescobar94-lgtm/vsigma/issues/630,STALE_CONSOLIDATED_REVIEW,REVIEW_FOR_MANUAL_CLOSE,Consolidated alert from another date; keep unless a newer category issue supersedes it.,NO,NO,LIFECYCLE_REPORT_ONLY_NO_AUTO_CLOSE
2026-09-04,2026-09-04T05:21:20+01:00,620,vSIGMA DATA_QUALITY_REVIEW_REQUIRED 2026-08-02,https://github.com/jorgemaganescobar94-lgtm/vsigma/issues/620,STALE_CONSOLIDATED_REVIEW,REVIEW_FOR_MANUAL_CLOSE,Consolidated alert from another date; keep unless a newer category issue supersedes it.,NO,NO,LIFECYCLE_REPORT_ONLY_NO_AUTO_CLOSE
2026-09-04,2026-09-04T05:21:20+01:00,619,vSIGMA OPERATIONAL_REVIEW_REQUIRED 2026-08-02,https://github.com/jorgemaganescobar94-lgtm/vsigma/issues/619,STALE_CONSOLIDATED_REVIEW,REVIEW_FOR_MANUAL_CLOSE,Consolidated alert from another date; keep unless a newer category issue supersedes it.,NO,NO,LIFECYCLE_REPORT_ONLY_NO_AUTO_CLOSE
2026-09-04,2026-09-04T05:21:20+01:00,610,vSIGMA DATA_QUALITY_REVIEW_REQUIRED 2026-08-01,https://github.com/jorgemaganescobar94-lgtm/vsigma/issues/610,STALE_CONSOLIDATED_REVIEW,REVIEW_FOR_MANUAL_CLOSE,Consolidated alert from another date; keep unless a newer category issue supersedes it.,NO,NO,LIFECYCLE_REPORT_ONLY_NO_AUTO_CLOSE
2026-09-04,2026-09-04T05:21:20+01:00,609,vSIGMA OPERATIONAL_REVIEW_REQUIRED 2026-08-01,https://github.com/jorgemaganescobar94-lgtm/vsigma/issues/609,STALE_CONSOLIDATED_REVIEW,REVIEW_FOR_MANUAL_CLOSE,Consolidated alert from another date; keep unless a newer category issue supersedes it.,NO,NO,LIFECYCLE_REPORT_ONLY_NO_AUTO_CLOSE
2026-09-04,2026-09-04T05:21:20+01:00,600,vSIGMA DATA_QUALITY_REVIEW_REQUIRED 2026-07-31,https://github.com/jorgemaganescobar94-lgtm/vsigma/issues/600,STALE_CONSOLIDATED_REVIEW,REVIEW_FOR_MANUAL_CLOSE,Consolidated alert from another date; keep unless a newer category issue supersedes it.,NO,NO,LIFECYCLE_REPORT_ONLY_NO_AUTO_CLOSE
2026-09-04,2026-09-04T05:21:20+01:00,599,vSIGMA OPERATIONAL_REVIEW_REQUIRED 2026-07-31,https://github.com/jorgemaganescobar94-lgtm/vsigma/issues/599,STALE_CONSOLIDATED_REVIEW,REVIEW_FOR_MANUAL_CLOSE,Consolidated alert from another date; keep unless a newer category issue supersedes it.,NO,NO,LIFECYCLE_REPORT_ONLY_NO_AUTO_CLOSE
2026-09-04,2026-09-04T05:21:20+01:00,589,vSIGMA DATA_QUALITY_REVIEW_REQUIRED 2026-07-30,https://github.com/jorgemaganescobar94-lgtm/vsigma/issues/589,STALE_CONSOLIDATED_REVIEW,REVIEW_FOR_MANUAL_CLOSE,Consolidated alert from another date; keep unless a newer category issue supersedes it.,NO,NO,LIFECYCLE_REPORT_ONLY_NO_AUTO_CLOSE
2026-09-04,2026-09-04T05:21:20+01:00,588,vSIGMA OPERATIONAL_REVIEW_REQUIRED 2026-07-30,https://github.com/jorgemaganescobar94-lgtm/vsigma/issues/588,STALE_CONSOLIDATED_REVIEW,REVIEW_FOR_MANUAL_CLOSE,Consolidated alert from another date; keep unless a newer category issue supersedes it.,NO,NO,LIFECYCLE_REPORT_ONLY_NO_AUTO_CLOSE
2026-09-04,2026-09-04T05:21:20+01:00,578,vSIGMA DATA_QUALITY_REVIEW_REQUIRED 2026-07-29,https://github.com/jorgemaganescobar94-lgtm/vsigma/issues/578,STALE_CONSOLIDATED_REVIEW,REVIEW_FOR_MANUAL_CLOSE,Consolidated alert from another date; keep unless a newer category issue supersedes it.,NO,NO,LIFECYCLE_REPORT_ONLY_NO_AUTO_CLOSE
2026-09-04,2026-09-04T05:21:20+01:00,577,vSIGMA OPERATIONAL_REVIEW_REQUIRED 2026-07-29,https://github.com/jorgemaganescobar94-lgtm/vsigma/issues/577,STALE_CONSOLIDATED_REVIEW,REVIEW_FOR_MANUAL_CLOSE,Consolidated alert from another date; keep unless a newer category issue supersedes it.,NO,NO,LIFECYCLE_REPORT_ONLY_NO_AUTO_CLOSE
2026-09-04,2026-09-04T05:21:20+01:00,567,vSIGMA DATA_QUALITY_REVIEW_REQUIRED 2026-07-28,https://github.com/jorgemaganescobar94-lgtm/vsigma/issues/567,STALE_CONSOLIDATED_REVIEW,REVIEW_FOR_MANUAL_CLOSE,Consolidated alert from another date; keep unless a newer category issue supersedes it.,NO,NO,LIFECYCLE_REPORT_ONLY_NO_AUTO_CLOSE
2026-09-04,2026-09-04T05:21:20+01:00,566,vSIGMA OPERATIONAL_REVIEW_REQUIRED 2026-07-28,https://github.com/jorgemaganescobar94-lgtm/vsigma/issues/566,STALE_CONSOLIDATED_REVIEW,REVIEW_FOR_MANUAL_CLOSE,Consolidated alert from another date; keep unless a newer category issue supersedes it.,NO,NO,LIFECYCLE_REPORT_ONLY_NO_AUTO_CLOSE
2026-09-04,2026-09-04T05:21:20+01:00,557,vSIGMA DATA_QUALITY_REVIEW_REQUIRED 2026-07-27,https://github.com/jorgemaganescobar94-lgtm/vsigma/issues/557,STALE_CONSOLIDATED_REVIEW,REVIEW_FOR_MANUAL_CLOSE,Consolidated alert from another date; keep unless a newer category issue supersedes it.,NO,NO,LIFECYCLE_REPORT_ONLY_NO_AUTO_CLOSE
2026-09-04,2026-09-04T05:21:20+01:00,556,vSIGMA OPERATIONAL_REVIEW_REQUIRED 2026-07-27,https://github.com/jorgemaganescobar94-lgtm/vsigma/issues/556,STALE_CONSOLIDATED_REVIEW,REVIEW_FOR_MANUAL_CLOSE,Consolidated alert from another date; keep unless a newer category issue supersedes it.,NO,NO,LIFECYCLE_REPORT_ONLY_NO_AUTO_CLOSE
2026-09-04,2026-09-04T05:21:20+01:00,549,vSIGMA DATA_QUALITY_REVIEW_REQUIRED 2026-07-26,https://github.com/jorgemaganescobar94-lgtm/vsigma/issues/549,STALE_CONSOLIDATED_REVIEW,REVIEW_FOR_MANUAL_CLOSE,Consolidated alert from another date; keep unless a newer category issue supersedes it.,NO,NO,LIFECYCLE_REPORT_ONLY_NO_AUTO_CLOSE
2026-09-04,2026-09-04T05:21:20+01:00,548,vSIGMA OPERATIONAL_REVIEW_REQUIRED 2026-07-26,https://github.com/jorgemaganescobar94-lgtm/vsigma/issues/548,STALE_CONSOLIDATED_REVIEW,REVIEW_FOR_MANUAL_CLOSE,Consolidated alert from another date; keep unless a newer category issue supersedes it.,NO,NO,LIFECYCLE_REPORT_ONLY_NO_AUTO_CLOSE
2026-09-04,2026-09-04T05:21:20+01:00,540,vSIGMA DATA_QUALITY_REVIEW_REQUIRED 2026-07-25,https://github.com/jorgemaganescobar94-lgtm/vsigma/issues/540,STALE_CONSOLIDATED_REVIEW,REVIEW_FOR_MANUAL_CLOSE,Consolidated alert from another date; keep unless a newer category issue supersedes it.,NO,NO,LIFECYCLE_REPORT_ONLY_NO_AUTO_CLOSE
2026-09-04,2026-09-04T05:21:20+01:00,539,vSIGMA OPERATIONAL_REVIEW_REQUIRED 2026-07-25,https://github.com/jorgemaganescobar94-lgtm/vsigma/issues/539,STALE_CONSOLIDATED_REVIEW,REVIEW_FOR_MANUAL_CLOSE,Consolidated alert from another date; keep unless a newer category issue supersedes it.,NO,NO,LIFECYCLE_REPORT_ONLY_NO_AUTO_CLOSE
2026-09-04,2026-09-04T05:21:20+01:00,531,vSIGMA DATA_QUALITY_REVIEW_REQUIRED 2026-07-24,https://github.com/jorgemaganescobar94-lgtm/vsigma/issues/531,STALE_CONSOLIDATED_REVIEW,REVIEW_FOR_MANUAL_CLOSE,Consolidated alert from another date; keep unless a newer category issue supersedes it.,NO,NO,LIFECYCLE_REPORT_ONLY_NO_AUTO_CLOSE
2026-09-04,2026-09-04T05:21:20+01:00,530,vSIGMA OPERATIONAL_REVIEW_REQUIRED 2026-07-24,https://github.com/jorgemaganescobar94-lgtm/vsigma/issues/530,STALE_CONSOLIDATED_REVIEW,REVIEW_FOR_MANUAL_CLOSE,Consolidated alert from another date; keep unless a newer category issue supersedes it.,NO,NO,LIFECYCLE_REPORT_ONLY_NO_AUTO_CLOSE
2026-09-04,2026-09-04T05:21:20+01:00,523,vSIGMA DATA_QUALITY_REVIEW_REQUIRED 2026-07-23,https://github.com/jorgemaganescobar94-lgtm/vsigma/issues/523,STALE_CONSOLIDATED_REVIEW,REVIEW_FOR_MANUAL_CLOSE,Consolidated alert from another date; keep unless a newer category issue supersedes it.,NO,NO,LIFECYCLE_REPORT_ONLY_NO_AUTO_CLOSE
2026-09-04,2026-09-04T05:21:20+01:00,522,vSIGMA OPERATIONAL_REVIEW_REQUIRED 2026-07-23,https://github.com/jorgemaganescobar94-lgtm/vsigma/issues/522,STALE_CONSOLIDATED_REVIEW,REVIEW_FOR_MANUAL_CLOSE,Consolidated alert from another date; keep unless a newer category issue supersedes it.,NO,NO,LIFECYCLE_REPORT_ONLY_NO_AUTO_CLOSE
2026-09-04,2026-09-04T05:21:20+01:00,514,vSIGMA DATA_QUALITY_REVIEW_REQUIRED 2026-07-22,https://github.com/jorgemaganescobar94-lgtm/vsigma/issues/514,STALE_CONSOLIDATED_REVIEW,REVIEW_FOR_MANUAL_CLOSE,Consolidated alert from another date; keep unless a newer category issue supersedes it.,NO,NO,LIFECYCLE_REPORT_ONLY_NO_AUTO_CLOSE
2026-09-04,2026-09-04T05:21:20+01:00,513,vSIGMA OPERATIONAL_REVIEW_REQUIRED 2026-07-22,https://github.com/jorgemaganescobar94-lgtm/vsigma/issues/513,STALE_CONSOLIDATED_REVIEW,REVIEW_FOR_MANUAL_CLOSE,Consolidated alert from another date; keep unless a newer category issue supersedes it.,NO,NO,LIFECYCLE_REPORT_ONLY_NO_AUTO_CLOSE
2026-09-04,2026-09-04T05:21:20+01:00,506,vSIGMA DATA_QUALITY_REVIEW_REQUIRED 2026-07-21,https://github.com/jorgemaganescobar94-lgtm/vsigma/issues/506,STALE_CONSOLIDATED_REVIEW,REVIEW_FOR_MANUAL_CLOSE,Consolidated alert from another date; keep unless a newer category issue supersedes it.,NO,NO,LIFECYCLE_REPORT_ONLY_NO_AUTO_CLOSE
2026-09-04,2026-09-04T05:21:20+01:00,505,vSIGMA OPERATIONAL_REVIEW_REQUIRED 2026-07-21,https://github.com/jorgemaganescobar94-lgtm/vsigma/issues/505,STALE_CONSOLIDATED_REVIEW,REVIEW_FOR_MANUAL_CLOSE,Consolidated alert from another date; keep unless a newer category issue supersedes it.,NO,NO,LIFECYCLE_REPORT_ONLY_NO_AUTO_CLOSE
2026-09-04,2026-09-04T05:21:20+01:00,498,vSIGMA DATA_QUALITY_REVIEW_REQUIRED 2026-07-20,https://github.com/jorgemaganescobar94-lgtm/vsigma/issues/498,STALE_CONSOLIDATED_REVIEW,REVIEW_FOR_MANUAL_CLOSE,Consolidated alert from another date; keep unless a newer category issue supersedes it.,NO,NO,LIFECYCLE_REPORT_ONLY_NO_AUTO_CLOSE
2026-09-04,2026-09-04T05:21:20+01:00,497,vSIGMA OPERATIONAL_REVIEW_REQUIRED 2026-07-20,https://github.com/jorgemaganescobar94-lgtm/vsigma/issues/497,STALE_CONSOLIDATED_REVIEW,REVIEW_FOR_MANUAL_CLOSE,Consolidated alert from another date; keep unless a newer category issue supersedes it.,NO,NO,LIFECYCLE_REPORT_ONLY_NO_AUTO_CLOSE
2026-09-04,2026-09-04T05:21:20+01:00,488,vSIGMA DATA_QUALITY_REVIEW_REQUIRED 2026-07-19,https://github.com/jorgemaganescobar94-lgtm/vsigma/issues/488,STALE_CONSOLIDATED_REVIEW,REVIEW_FOR_MANUAL_CLOSE,Consolidated alert from another date; keep unless a newer category issue supersedes it.,NO,NO,LIFECYCLE_REPORT_ONLY_NO_AUTO_CLOSE
2026-09-04,2026-09-04T05:21:20+01:00,487,vSIGMA OPERATIONAL_REVIEW_REQUIRED 2026-07-19,https://github.com/jorgemaganescobar94-lgtm/vsigma/issues/487,STALE_CONSOLIDATED_REVIEW,REVIEW_FOR_MANUAL_CLOSE,Consolidated alert from another date; keep unless a newer category issue supersedes it.,NO,NO,LIFECYCLE_REPORT_ONLY_NO_AUTO_CLOSE
2026-09-04,2026-09-04T05:21:20+01:00,477,vSIGMA DATA_QUALITY_REVIEW_REQUIRED 2026-07-18,https://github.com/jorgemaganescobar94-lgtm/vsigma/issues/477,STALE_CONSOLIDATED_REVIEW,REVIEW_FOR_MANUAL_CLOSE,Consolidated alert from another date; keep unless a newer category issue supersedes it.,NO,NO,LIFECYCLE_REPORT_ONLY_NO_AUTO_CLOSE
2026-09-04,2026-09-04T05:21:20+01:00,476,vSIGMA OPERATIONAL_REVIEW_REQUIRED 2026-07-18,https://github.com/jorgemaganescobar94-lgtm/vsigma/issues/476,STALE_CONSOLIDATED_REVIEW,REVIEW_FOR_MANUAL_CLOSE,Consolidated alert from another date; keep unless a newer category issue supersedes it.,NO,NO,LIFECYCLE_REPORT_ONLY_NO_AUTO_CLOSE
2026-09-04,2026-09-04T05:21:20+01:00,467,vSIGMA DATA_QUALITY_REVIEW_REQUIRED 2026-07-17,https://github.com/jorgemaganescobar94-lgtm/vsigma/issues/467,STALE_CONSOLIDATED_REVIEW,REVIEW_FOR_MANUAL_CLOSE,Consolidated alert from another date; keep unless a newer category issue supersedes it.,NO,NO,LIFECYCLE_REPORT_ONLY_NO_AUTO_CLOSE
2026-09-04,2026-09-04T05:21:20+01:00,466,vSIGMA OPERATIONAL_REVIEW_REQUIRED 2026-07-17,https://github.com/jorgemaganescobar94-lgtm/vsigma/issues/466,STALE_CONSOLIDATED_REVIEW,REVIEW_FOR_MANUAL_CLOSE,Consolidated alert from another date; keep unless a newer category issue supersedes it.,NO,NO,LIFECYCLE_REPORT_ONLY_NO_AUTO_CLOSE
2026-09-04,2026-09-04T05:21:20+01:00,457,vSIGMA DATA_QUALITY_REVIEW_REQUIRED 2026-07-16,https://github.com/jorgemaganescobar94-lgtm/vsigma/issues/457,STALE_CONSOLIDATED_REVIEW,REVIEW_FOR_MANUAL_CLOSE,Consolidated alert from another date; keep unless a newer category issue supersedes it.,NO,NO,LIFECYCLE_REPORT_ONLY_NO_AUTO_CLOSE
2026-09-04,2026-09-04T05:21:20+01:00,456,vSIGMA OPERATIONAL_REVIEW_REQUIRED 2026-07-16,https://github.com/jorgemaganescobar94-lgtm/vsigma/issues/456,STALE_CONSOLIDATED_REVIEW,REVIEW_FOR_MANUAL_CLOSE,Consolidated alert from another date; keep unless a newer category issue supersedes it.,NO,NO,LIFECYCLE_REPORT_ONLY_NO_AUTO_CLOSE
2026-09-04,2026-09-04T05:21:20+01:00,448,vSIGMA DATA_QUALITY_REVIEW_REQUIRED 2026-07-15,https://github.com/jorgemaganescobar94-lgtm/vsigma/issues/448,STALE_CONSOLIDATED_REVIEW,REVIEW_FOR_MANUAL_CLOSE,Consolidated alert from another date; keep unless a newer category issue supersedes it.,NO,NO,LIFECYCLE_REPORT_ONLY_NO_AUTO_CLOSE
2026-09-04,2026-09-04T05:21:20+01:00,447,vSIGMA OPERATIONAL_REVIEW_REQUIRED 2026-07-15,https://github.com/jorgemaganescobar94-lgtm/vsigma/issues/447,STALE_CONSOLIDATED_REVIEW,REVIEW_FOR_MANUAL_CLOSE,Consolidated alert from another date; keep unless a newer category issue supersedes it.,NO,NO,LIFECYCLE_REPORT_ONLY_NO_AUTO_CLOSE
2026-09-04,2026-09-04T05:21:20+01:00,440,vSIGMA DATA_QUALITY_REVIEW_REQUIRED 2026-07-14,https://github.com/jorgemaganescobar94-lgtm/vsigma/issues/440,STALE_CONSOLIDATED_REVIEW,REVIEW_FOR_MANUAL_CLOSE,Consolidated alert from another date; keep unless a newer category issue supersedes it.,NO,NO,LIFECYCLE_REPORT_ONLY_NO_AUTO_CLOSE
2026-09-04,2026-09-04T05:21:20+01:00,439,vSIGMA OPERATIONAL_REVIEW_REQUIRED 2026-07-14,https://github.com/jorgemaganescobar94-lgtm/vsigma/issues/439,STALE_CONSOLIDATED_REVIEW,REVIEW_FOR_MANUAL_CLOSE,Consolidated alert from another date; keep unless a newer category issue supersedes it.,NO,NO,LIFECYCLE_REPORT_ONLY_NO_AUTO_CLOSE
2026-09-04,2026-09-04T05:21:20+01:00,429,vSIGMA DATA_QUALITY_REVIEW_REQUIRED 2026-07-13,https://github.com/jorgemaganescobar94-lgtm/vsigma/issues/429,STALE_CONSOLIDATED_REVIEW,REVIEW_FOR_MANUAL_CLOSE,Consolidated alert from another date; keep unless a newer category issue supersedes it.,NO,NO,LIFECYCLE_REPORT_ONLY_NO_AUTO_CLOSE
2026-09-04,2026-09-04T05:21:20+01:00,428,vSIGMA OPERATIONAL_REVIEW_REQUIRED 2026-07-13,https://github.com/jorgemaganescobar94-lgtm/vsigma/issues/428,STALE_CONSOLIDATED_REVIEW,REVIEW_FOR_MANUAL_CLOSE,Consolidated alert from another date; keep unless a newer category issue supersedes it.,NO,NO,LIFECYCLE_REPORT_ONLY_NO_AUTO_CLOSE
2026-09-04,2026-09-04T05:21:20+01:00,419,vSIGMA DATA_QUALITY_REVIEW_REQUIRED 2026-07-12,https://github.com/jorgemaganescobar94-lgtm/vsigma/issues/419,STALE_CONSOLIDATED_REVIEW,REVIEW_FOR_MANUAL_CLOSE,Consolidated alert from another date; keep unless a newer category issue supersedes it.,NO,NO,LIFECYCLE_REPORT_ONLY_NO_AUTO_CLOSE
2026-09-04,2026-09-04T05:21:20+01:00,418,vSIGMA OPERATIONAL_REVIEW_REQUIRED 2026-07-12,https://github.com/jorgemaganescobar94-lgtm/vsigma/issues/418,STALE_CONSOLIDATED_REVIEW,REVIEW_FOR_MANUAL_CLOSE,Consolidated alert from another date; keep unless a newer category issue supersedes it.,NO,NO,LIFECYCLE_REPORT_ONLY_NO_AUTO_CLOSE
2026-09-04,2026-09-04T05:21:20+01:00,411,vSIGMA DATA_QUALITY_REVIEW_REQUIRED 2026-07-11,https://github.com/jorgemaganescobar94-lgtm/vsigma/issues/411,STALE_CONSOLIDATED_REVIEW,REVIEW_FOR_MANUAL_CLOSE,Consolidated alert from another date; keep unless a newer category issue supersedes it.,NO,NO,LIFECYCLE_REPORT_ONLY_NO_AUTO_CLOSE
2026-09-04,2026-09-04T05:21:20+01:00,410,vSIGMA OPERATIONAL_REVIEW_REQUIRED 2026-07-11,https://github.com/jorgemaganescobar94-lgtm/vsigma/issues/410,STALE_CONSOLIDATED_REVIEW,REVIEW_FOR_MANUAL_CLOSE,Consolidated alert from another date; keep unless a newer category issue supersedes it.,NO,NO,LIFECYCLE_REPORT_ONLY_NO_AUTO_CLOSE
2026-09-04,2026-09-04T05:21:20+01:00,403,vSIGMA DATA_QUALITY_REVIEW_REQUIRED 2026-07-10,https://github.com/jorgemaganescobar94-lgtm/vsigma/issues/403,STALE_CONSOLIDATED_REVIEW,REVIEW_FOR_MANUAL_CLOSE,Consolidated alert from another date; keep unless a newer category issue supersedes it.,NO,NO,LIFECYCLE_REPORT_ONLY_NO_AUTO_CLOSE
2026-09-04,2026-09-04T05:21:20+01:00,402,vSIGMA OPERATIONAL_REVIEW_REQUIRED 2026-07-10,https://github.com/jorgemaganescobar94-lgtm/vsigma/issues/402,STALE_CONSOLIDATED_REVIEW,REVIEW_FOR_MANUAL_CLOSE,Consolidated alert from another date; keep unless a newer category issue supersedes it.,NO,NO,LIFECYCLE_REPORT_ONLY_NO_AUTO_CLOSE
2026-09-04,2026-09-04T05:21:20+01:00,393,vSIGMA DATA_QUALITY_REVIEW_REQUIRED 2026-07-09,https://github.com/jorgemaganescobar94-lgtm/vsigma/issues/393,STALE_CONSOLIDATED_REVIEW,REVIEW_FOR_MANUAL_CLOSE,Consolidated alert from another date; keep unless a newer category issue supersedes it.,NO,NO,LIFECYCLE_REPORT_ONLY_NO_AUTO_CLOSE
2026-09-04,2026-09-04T05:21:20+01:00,392,vSIGMA OPERATIONAL_REVIEW_REQUIRED 2026-07-09,https://github.com/jorgemaganescobar94-lgtm/vsigma/issues/392,STALE_CONSOLIDATED_REVIEW,REVIEW_FOR_MANUAL_CLOSE,Consolidated alert from another date; keep unless a newer category issue supersedes it.,NO,NO,LIFECYCLE_REPORT_ONLY_NO_AUTO_CLOSE
2026-09-04,2026-09-04T05:21:20+01:00,385,vSIGMA DATA_QUALITY_REVIEW_REQUIRED 2026-07-08,https://github.com/jorgemaganescobar94-lgtm/vsigma/issues/385,STALE_CONSOLIDATED_REVIEW,REVIEW_FOR_MANUAL_CLOSE,Consolidated alert from another date; keep unless a newer category issue supersedes it.,NO,NO,LIFECYCLE_REPORT_ONLY_NO_AUTO_CLOSE
2026-09-04,2026-09-04T05:21:20+01:00,384,vSIGMA OPERATIONAL_REVIEW_REQUIRED 2026-07-08,https://github.com/jorgemaganescobar94-lgtm/vsigma/issues/384,STALE_CONSOLIDATED_REVIEW,REVIEW_FOR_MANUAL_CLOSE,Consolidated alert from another date; keep unless a newer category issue supersedes it.,NO,NO,LIFECYCLE_REPORT_ONLY_NO_AUTO_CLOSE
2026-09-04,2026-09-04T05:21:20+01:00,378,vSIGMA DATA_QUALITY_REVIEW_REQUIRED 2026-07-07,https://github.com/jorgemaganescobar94-lgtm/vsigma/issues/378,STALE_CONSOLIDATED_REVIEW,REVIEW_FOR_MANUAL_CLOSE,Consolidated alert from another date; keep unless a newer category issue supersedes it.,NO,NO,LIFECYCLE_REPORT_ONLY_NO_AUTO_CLOSE
2026-09-04,2026-09-04T05:21:20+01:00,377,vSIGMA OPERATIONAL_REVIEW_REQUIRED 2026-07-07,https://github.com/jorgemaganescobar94-lgtm/vsigma/issues/377,STALE_CONSOLIDATED_REVIEW,REVIEW_FOR_MANUAL_CLOSE,Consolidated alert from another date; keep unless a newer category issue supersedes it.,NO,NO,LIFECYCLE_REPORT_ONLY_NO_AUTO_CLOSE
2026-09-04,2026-09-04T05:21:20+01:00,370,vSIGMA DATA_QUALITY_REVIEW_REQUIRED 2026-07-06,https://github.com/jorgemaganescobar94-lgtm/vsigma/issues/370,STALE_CONSOLIDATED_REVIEW,REVIEW_FOR_MANUAL_CLOSE,Consolidated alert from another date; keep unless a newer category issue supersedes it.,NO,NO,LIFECYCLE_REPORT_ONLY_NO_AUTO_CLOSE
2026-09-04,2026-09-04T05:21:20+01:00,369,vSIGMA OPERATIONAL_REVIEW_REQUIRED 2026-07-06,https://github.com/jorgemaganescobar94-lgtm/vsigma/issues/369,STALE_CONSOLIDATED_REVIEW,REVIEW_FOR_MANUAL_CLOSE,Consolidated alert from another date; keep unless a newer category issue supersedes it.,NO,NO,LIFECYCLE_REPORT_ONLY_NO_AUTO_CLOSE
2026-09-04,2026-09-04T05:21:20+01:00,361,vSIGMA DATA_QUALITY_REVIEW_REQUIRED 2026-07-05,https://github.com/jorgemaganescobar94-lgtm/vsigma/issues/361,STALE_CONSOLIDATED_REVIEW,REVIEW_FOR_MANUAL_CLOSE,Consolidated alert from another date; keep unless a newer category issue supersedes it.,NO,NO,LIFECYCLE_REPORT_ONLY_NO_AUTO_CLOSE
2026-09-04,2026-09-04T05:21:20+01:00,360,vSIGMA OPERATIONAL_REVIEW_REQUIRED 2026-07-05,https://github.com/jorgemaganescobar94-lgtm/vsigma/issues/360,STALE_CONSOLIDATED_REVIEW,REVIEW_FOR_MANUAL_CLOSE,Consolidated alert from another date; keep unless a newer category issue supersedes it.,NO,NO,LIFECYCLE_REPORT_ONLY_NO_AUTO_CLOSE
2026-09-04,2026-09-04T05:21:20+01:00,352,vSIGMA DATA_QUALITY_REVIEW_REQUIRED 2026-07-04,https://github.com/jorgemaganescobar94-lgtm/vsigma/issues/352,STALE_CONSOLIDATED_REVIEW,REVIEW_FOR_MANUAL_CLOSE,Consolidated alert from another date; keep unless a newer category issue supersedes it.,NO,NO,LIFECYCLE_REPORT_ONLY_NO_AUTO_CLOSE
2026-09-04,2026-09-04T05:21:20+01:00,351,vSIGMA OPERATIONAL_REVIEW_REQUIRED 2026-07-04,https://github.com/jorgemaganescobar94-lgtm/vsigma/issues/351,STALE_CONSOLIDATED_REVIEW,REVIEW_FOR_MANUAL_CLOSE,Consolidated alert from another date; keep unless a newer category issue supersedes it.,NO,NO,LIFECYCLE_REPORT_ONLY_NO_AUTO_CLOSE
2026-09-04,2026-09-04T05:21:20+01:00,344,vSIGMA DATA_QUALITY_REVIEW_REQUIRED 2026-07-03,https://github.com/jorgemaganescobar94-lgtm/vsigma/issues/344,STALE_CONSOLIDATED_REVIEW,REVIEW_FOR_MANUAL_CLOSE,Consolidated alert from another date; keep unless a newer category issue supersedes it.,NO,NO,LIFECYCLE_REPORT_ONLY_NO_AUTO_CLOSE
2026-09-04,2026-09-04T05:21:20+01:00,343,vSIGMA OPERATIONAL_REVIEW_REQUIRED 2026-07-03,https://github.com/jorgemaganescobar94-lgtm/vsigma/issues/343,STALE_CONSOLIDATED_REVIEW,REVIEW_FOR_MANUAL_CLOSE,Consolidated alert from another date; keep unless a newer category issue supersedes it.,NO,NO,LIFECYCLE_REPORT_ONLY_NO_AUTO_CLOSE
2026-09-04,2026-09-04T05:21:20+01:00,336,vSIGMA DATA_QUALITY_REVIEW_REQUIRED 2026-07-02,https://github.com/jorgemaganescobar94-lgtm/vsigma/issues/336,STALE_CONSOLIDATED_REVIEW,REVIEW_FOR_MANUAL_CLOSE,Consolidated alert from another date; keep unless a newer category issue supersedes it.,NO,NO,LIFECYCLE_REPORT_ONLY_NO_AUTO_CLOSE
2026-09-04,2026-09-04T05:21:20+01:00,335,vSIGMA OPERATIONAL_REVIEW_REQUIRED 2026-07-02,https://github.com/jorgemaganescobar94-lgtm/vsigma/issues/335,STALE_CONSOLIDATED_REVIEW,REVIEW_FOR_MANUAL_CLOSE,Consolidated alert from another date; keep unless a newer category issue supersedes it.,NO,NO,LIFECYCLE_REPORT_ONLY_NO_AUTO_CLOSE
2026-09-04,2026-09-04T05:21:20+01:00,328,vSIGMA DATA_QUALITY_REVIEW_REQUIRED 2026-07-01,https://github.com/jorgemaganescobar94-lgtm/vsigma/issues/328,STALE_CONSOLIDATED_REVIEW,REVIEW_FOR_MANUAL_CLOSE,Consolidated alert from another date; keep unless a newer category issue supersedes it.,NO,NO,LIFECYCLE_REPORT_ONLY_NO_AUTO_CLOSE
2026-09-04,2026-09-04T05:21:20+01:00,327,vSIGMA OPERATIONAL_REVIEW_REQUIRED 2026-07-01,https://github.com/jorgemaganescobar94-lgtm/vsigma/issues/327,STALE_CONSOLIDATED_REVIEW,REVIEW_FOR_MANUAL_CLOSE,Consolidated alert from another date; keep unless a newer category issue supersedes it.,NO,NO,LIFECYCLE_REPORT_ONLY_NO_AUTO_CLOSE
2026-09-04,2026-09-04T05:21:20+01:00,321,vSIGMA DATA_QUALITY_REVIEW_REQUIRED 2026-06-30,https://github.com/jorgemaganescobar94-lgtm/vsigma/issues/321,STALE_CONSOLIDATED_REVIEW,REVIEW_FOR_MANUAL_CLOSE,Consolidated alert from another date; keep unless a newer category issue supersedes it.,NO,NO,LIFECYCLE_REPORT_ONLY_NO_AUTO_CLOSE
2026-09-04,2026-09-04T05:21:20+01:00,320,vSIGMA OPERATIONAL_REVIEW_REQUIRED 2026-06-30,https://github.com/jorgemaganescobar94-lgtm/vsigma/issues/320,STALE_CONSOLIDATED_REVIEW,REVIEW_FOR_MANUAL_CLOSE,Consolidated alert from another date; keep unless a newer category issue supersedes it.,NO,NO,LIFECYCLE_REPORT_ONLY_NO_AUTO_CLOSE
2026-09-04,2026-09-04T05:21:20+01:00,314,vSIGMA DATA_QUALITY_REVIEW_REQUIRED 2026-06-29,https://github.com/jorgemaganescobar94-lgtm/vsigma/issues/314,STALE_CONSOLIDATED_REVIEW,REVIEW_FOR_MANUAL_CLOSE,Consolidated alert from another date; keep unless a newer category issue supersedes it.,NO,NO,LIFECYCLE_REPORT_ONLY_NO_AUTO_CLOSE
2026-09-04,2026-09-04T05:21:20+01:00,313,vSIGMA OPERATIONAL_REVIEW_REQUIRED 2026-06-29,https://github.com/jorgemaganescobar94-lgtm/vsigma/issues/313,STALE_CONSOLIDATED_REVIEW,REVIEW_FOR_MANUAL_CLOSE,Consolidated alert from another date; keep unless a newer category issue supersedes it.,NO,NO,LIFECYCLE_REPORT_ONLY_NO_AUTO_CLOSE
2026-09-04,2026-09-04T05:21:20+01:00,306,vSIGMA DATA_QUALITY_REVIEW_REQUIRED 2026-06-28,https://github.com/jorgemaganescobar94-lgtm/vsigma/issues/306,STALE_CONSOLIDATED_REVIEW,REVIEW_FOR_MANUAL_CLOSE,Consolidated alert from another date; keep unless a newer category issue supersedes it.,NO,NO,LIFECYCLE_REPORT_ONLY_NO_AUTO_CLOSE
2026-09-04,2026-09-04T05:21:20+01:00,305,vSIGMA OPERATIONAL_REVIEW_REQUIRED 2026-06-28,https://github.com/jorgemaganescobar94-lgtm/vsigma/issues/305,STALE_CONSOLIDATED_REVIEW,REVIEW_FOR_MANUAL_CLOSE,Consolidated alert from another date; keep unless a newer category issue supersedes it.,NO,NO,LIFECYCLE_REPORT_ONLY_NO_AUTO_CLOSE
2026-09-04,2026-09-04T05:21:20+01:00,298,vSIGMA DATA_QUALITY_REVIEW_REQUIRED 2026-06-27,https://github.com/jorgemaganescobar94-lgtm/vsigma/issues/298,STALE_CONSOLIDATED_REVIEW,REVIEW_FOR_MANUAL_CLOSE,Consolidated alert from another date; keep unless a newer category issue supersedes it.,NO,NO,LIFECYCLE_REPORT_ONLY_NO_AUTO_CLOSE
2026-09-04,2026-09-04T05:21:20+01:00,297,vSIGMA OPERATIONAL_REVIEW_REQUIRED 2026-06-27,https://github.com/jorgemaganescobar94-lgtm/vsigma/issues/297,STALE_CONSOLIDATED_REVIEW,REVIEW_FOR_MANUAL_CLOSE,Consolidated alert from another date; keep unless a newer category issue supersedes it.,NO,NO,LIFECYCLE_REPORT_ONLY_NO_AUTO_CLOSE
2026-09-04,2026-09-04T05:21:20+01:00,290,vSIGMA DATA_QUALITY_REVIEW_REQUIRED 2026-06-26,https://github.com/jorgemaganescobar94-lgtm/vsigma/issues/290,STALE_CONSOLIDATED_REVIEW,REVIEW_FOR_MANUAL_CLOSE,Consolidated alert from another date; keep unless a newer category issue supersedes it.,NO,NO,LIFECYCLE_REPORT_ONLY_NO_AUTO_CLOSE
2026-09-04,2026-09-04T05:21:20+01:00,289,vSIGMA OPERATIONAL_REVIEW_REQUIRED 2026-06-26,https://github.com/jorgemaganescobar94-lgtm/vsigma/issues/289,STALE_CONSOLIDATED_REVIEW,REVIEW_FOR_MANUAL_CLOSE,Consolidated alert from another date; keep unless a newer category issue supersedes it.,NO,NO,LIFECYCLE_REPORT_ONLY_NO_AUTO_CLOSE
2026-09-04,2026-09-04T05:21:20+01:00,282,vSIGMA DATA_QUALITY_REVIEW_REQUIRED 2026-06-25,https://github.com/jorgemaganescobar94-lgtm/vsigma/issues/282,STALE_CONSOLIDATED_REVIEW,REVIEW_FOR_MANUAL_CLOSE,Consolidated alert from another date; keep unless a newer category issue supersedes it.,NO,NO,LIFECYCLE_REPORT_ONLY_NO_AUTO_CLOSE
2026-09-04,2026-09-04T05:21:20+01:00,281,vSIGMA OPERATIONAL_REVIEW_REQUIRED 2026-06-25,https://github.com/jorgemaganescobar94-lgtm/vsigma/issues/281,STALE_CONSOLIDATED_REVIEW,REVIEW_FOR_MANUAL_CLOSE,Consolidated alert from another date; keep unless a newer category issue supersedes it.,NO,NO,LIFECYCLE_REPORT_ONLY_NO_AUTO_CLOSE
2026-09-04,2026-09-04T05:21:20+01:00,272,vSIGMA DATA_QUALITY_REVIEW_REQUIRED 2026-06-24,https://github.com/jorgemaganescobar94-lgtm/vsigma/issues/272,STALE_CONSOLIDATED_REVIEW,REVIEW_FOR_MANUAL_CLOSE,Consolidated alert from another date; keep unless a newer category issue supersedes it.,NO,NO,LIFECYCLE_REPORT_ONLY_NO_AUTO_CLOSE
2026-09-04,2026-09-04T05:21:20+01:00,271,vSIGMA OPERATIONAL_REVIEW_REQUIRED 2026-06-24,https://github.com/jorgemaganescobar94-lgtm/vsigma/issues/271,STALE_CONSOLIDATED_REVIEW,REVIEW_FOR_MANUAL_CLOSE,Consolidated alert from another date; keep unless a newer category issue supersedes it.,NO,NO,LIFECYCLE_REPORT_ONLY_NO_AUTO_CLOSE
2026-09-04,2026-09-04T05:21:20+01:00,268,vSIGMA DATA_QUALITY_REVIEW_REQUIRED 2026-06-23,https://github.com/jorgemaganescobar94-lgtm/vsigma/issues/268,STALE_CONSOLIDATED_REVIEW,REVIEW_FOR_MANUAL_CLOSE,Consolidated alert from another date; keep unless a newer category issue supersedes it.,NO,NO,LIFECYCLE_REPORT_ONLY_NO_AUTO_CLOSE
2026-09-04,2026-09-04T05:21:20+01:00,267,vSIGMA OPERATIONAL_REVIEW_REQUIRED 2026-06-23,https://github.com/jorgemaganescobar94-lgtm/vsigma/issues/267,STALE_CONSOLIDATED_REVIEW,REVIEW_FOR_MANUAL_CLOSE,Consolidated alert from another date; keep unless a newer category issue supersedes it.,NO,NO,LIFECYCLE_REPORT_ONLY_NO_AUTO_CLOSE
2026-09-04,2026-09-04T05:21:20+01:00,261,vSIGMA DATA_QUALITY_REVIEW_REQUIRED 2026-06-21,https://github.com/jorgemaganescobar94-lgtm/vsigma/issues/261,STALE_CONSOLIDATED_REVIEW,REVIEW_FOR_MANUAL_CLOSE,Consolidated alert from another date; keep unless a newer category issue supersedes it.,NO,NO,LIFECYCLE_REPORT_ONLY_NO_AUTO_CLOSE
2026-09-04,2026-09-04T05:21:20+01:00,260,vSIGMA OPERATIONAL_REVIEW_REQUIRED 2026-06-21,https://github.com/jorgemaganescobar94-lgtm/vsigma/issues/260,STALE_CONSOLIDATED_REVIEW,REVIEW_FOR_MANUAL_CLOSE,Consolidated alert from another date; keep unless a newer category issue supersedes it.,NO,NO,LIFECYCLE_REPORT_ONLY_NO_AUTO_CLOSE
2026-09-04,2026-09-04T05:21:20+01:00,255,vSIGMA DATA_QUALITY_REVIEW_REQUIRED 2026-06-20,https://github.com/jorgemaganescobar94-lgtm/vsigma/issues/255,STALE_CONSOLIDATED_REVIEW,REVIEW_FOR_MANUAL_CLOSE,Consolidated alert from another date; keep unless a newer category issue supersedes it.,NO,NO,LIFECYCLE_REPORT_ONLY_NO_AUTO_CLOSE
2026-09-04,2026-09-04T05:21:20+01:00,254,vSIGMA OPERATIONAL_REVIEW_REQUIRED 2026-06-20,https://github.com/jorgemaganescobar94-lgtm/vsigma/issues/254,STALE_CONSOLIDATED_REVIEW,REVIEW_FOR_MANUAL_CLOSE,Consolidated alert from another date; keep unless a newer category issue supersedes it.,NO,NO,LIFECYCLE_REPORT_ONLY_NO_AUTO_CLOSE
2026-09-04,2026-09-04T05:21:20+01:00,247,vSIGMA DATA_QUALITY_REVIEW_REQUIRED 2026-06-19,https://github.com/jorgemaganescobar94-lgtm/vsigma/issues/247,STALE_CONSOLIDATED_REVIEW,REVIEW_FOR_MANUAL_CLOSE,Consolidated alert from another date; keep unless a newer category issue supersedes it.,NO,NO,LIFECYCLE_REPORT_ONLY_NO_AUTO_CLOSE
2026-09-04,2026-09-04T05:21:20+01:00,246,vSIGMA OPERATIONAL_REVIEW_REQUIRED 2026-06-19,https://github.com/jorgemaganescobar94-lgtm/vsigma/issues/246,STALE_CONSOLIDATED_REVIEW,REVIEW_FOR_MANUAL_CLOSE,Consolidated alert from another date; keep unless a newer category issue supersedes it.,NO,NO,LIFECYCLE_REPORT_ONLY_NO_AUTO_CLOSE
2026-09-04,2026-09-04T05:21:20+01:00,240,vSIGMA DATA_QUALITY_REVIEW_REQUIRED 2026-06-18,https://github.com/jorgemaganescobar94-lgtm/vsigma/issues/240,STALE_CONSOLIDATED_REVIEW,REVIEW_FOR_MANUAL_CLOSE,Consolidated alert from another date; keep unless a newer category issue supersedes it.,NO,NO,LIFECYCLE_REPORT_ONLY_NO_AUTO_CLOSE
2026-09-04,2026-09-04T05:21:20+01:00,239,vSIGMA OPERATIONAL_REVIEW_REQUIRED 2026-06-18,https://github.com/jorgemaganescobar94-lgtm/vsigma/issues/239,STALE_CONSOLIDATED_REVIEW,REVIEW_FOR_MANUAL_CLOSE,Consolidated alert from another date; keep unless a newer category issue supersedes it.,NO,NO,LIFECYCLE_REPORT_ONLY_NO_AUTO_CLOSE
2026-09-04,2026-09-04T05:21:20+01:00,233,vSIGMA DATA_QUALITY_REVIEW_REQUIRED 2026-06-17,https://github.com/jorgemaganescobar94-lgtm/vsigma/issues/233,STALE_CONSOLIDATED_REVIEW,REVIEW_FOR_MANUAL_CLOSE,Consolidated alert from another date; keep unless a newer category issue supersedes it.,NO,NO,LIFECYCLE_REPORT_ONLY_NO_AUTO_CLOSE
2026-09-04,2026-09-04T05:21:20+01:00,232,vSIGMA OPERATIONAL_REVIEW_REQUIRED 2026-06-17,https://github.com/jorgemaganescobar94-lgtm/vsigma/issues/232,STALE_CONSOLIDATED_REVIEW,REVIEW_FOR_MANUAL_CLOSE,Consolidated alert from another date; keep unless a newer category issue supersedes it.,NO,NO,LIFECYCLE_REPORT_ONLY_NO_AUTO_CLOSE
2026-09-04,2026-09-04T05:21:20+01:00,226,vSIGMA DATA_QUALITY_REVIEW_REQUIRED 2026-06-16,https://github.com/jorgemaganescobar94-lgtm/vsigma/issues/226,STALE_CONSOLIDATED_REVIEW,REVIEW_FOR_MANUAL_CLOSE,Consolidated alert from another date; keep unless a newer category issue supersedes it.,NO,NO,LIFECYCLE_REPORT_ONLY_NO_AUTO_CLOSE
2026-09-04,2026-09-04T05:21:20+01:00,225,vSIGMA OPERATIONAL_REVIEW_REQUIRED 2026-06-16,https://github.com/jorgemaganescobar94-lgtm/vsigma/issues/225,STALE_CONSOLIDATED_REVIEW,REVIEW_FOR_MANUAL_CLOSE,Consolidated alert from another date; keep unless a newer category issue supersedes it.,NO,NO,LIFECYCLE_REPORT_ONLY_NO_AUTO_CLOSE
2026-09-04,2026-09-04T05:21:20+01:00,218,vSIGMA DATA_QUALITY_REVIEW_REQUIRED 2026-06-15,https://github.com/jorgemaganescobar94-lgtm/vsigma/issues/218,STALE_CONSOLIDATED_REVIEW,REVIEW_FOR_MANUAL_CLOSE,Consolidated alert from another date; keep unless a newer category issue supersedes it.,NO,NO,LIFECYCLE_REPORT_ONLY_NO_AUTO_CLOSE
2026-09-04,2026-09-04T05:21:20+01:00,217,vSIGMA OPERATIONAL_REVIEW_REQUIRED 2026-06-15,https://github.com/jorgemaganescobar94-lgtm/vsigma/issues/217,STALE_CONSOLIDATED_REVIEW,REVIEW_FOR_MANUAL_CLOSE,Consolidated alert from another date; keep unless a newer category issue supersedes it.,NO,NO,LIFECYCLE_REPORT_ONLY_NO_AUTO_CLOSE
2026-09-04,2026-09-04T05:21:20+01:00,213,vSIGMA DATA_QUALITY_REVIEW_REQUIRED 2026-06-14,https://github.com/jorgemaganescobar94-lgtm/vsigma/issues/213,STALE_CONSOLIDATED_REVIEW,REVIEW_FOR_MANUAL_CLOSE,Consolidated alert from another date; keep unless a newer category issue supersedes it.,NO,NO,LIFECYCLE_REPORT_ONLY_NO_AUTO_CLOSE
2026-09-04,2026-09-04T05:21:20+01:00,212,vSIGMA OPERATIONAL_REVIEW_REQUIRED 2026-06-14,https://github.com/jorgemaganescobar94-lgtm/vsigma/issues/212,STALE_CONSOLIDATED_REVIEW,REVIEW_FOR_MANUAL_CLOSE,Consolidated alert from another date; keep unless a newer category issue supersedes it.,NO,NO,LIFECYCLE_REPORT_ONLY_NO_AUTO_CLOSE
2026-09-04,2026-09-04T05:21:20+01:00,207,vSIGMA DATA_QUALITY_REVIEW_REQUIRED 2026-06-13,https://github.com/jorgemaganescobar94-lgtm/vsigma/issues/207,STALE_CONSOLIDATED_REVIEW,REVIEW_FOR_MANUAL_CLOSE,Consolidated alert from another date; keep unless a newer category issue supersedes it.,NO,NO,LIFECYCLE_REPORT_ONLY_NO_AUTO_CLOSE
2026-09-04,2026-09-04T05:21:20+01:00,206,vSIGMA OPERATIONAL_REVIEW_REQUIRED 2026-06-13,https://github.com/jorgemaganescobar94-lgtm/vsigma/issues/206,STALE_CONSOLIDATED_REVIEW,REVIEW_FOR_MANUAL_CLOSE,Consolidated alert from another date; keep unless a newer category issue supersedes it.,NO,NO,LIFECYCLE_REPORT_ONLY_NO_AUTO_CLOSE
2026-09-04,2026-09-04T05:21:20+01:00,198,vSIGMA DATA_QUALITY_REVIEW_REQUIRED 2026-06-12,https://github.com/jorgemaganescobar94-lgtm/vsigma/issues/198,STALE_CONSOLIDATED_REVIEW,REVIEW_FOR_MANUAL_CLOSE,Consolidated alert from another date; keep unless a newer category issue supersedes it.,NO,NO,LIFECYCLE_REPORT_ONLY_NO_AUTO_CLOSE
2026-09-04,2026-09-04T05:21:20+01:00,197,vSIGMA OPERATIONAL_REVIEW_REQUIRED 2026-06-12,https://github.com/jorgemaganescobar94-lgtm/vsigma/issues/197,STALE_CONSOLIDATED_REVIEW,REVIEW_FOR_MANUAL_CLOSE,Consolidated alert from another date; keep unless a newer category issue supersedes it.,NO,NO,LIFECYCLE_REPORT_ONLY_NO_AUTO_CLOSE
2026-09-04,2026-09-04T05:21:20+01:00,193,vSIGMA DATA_QUALITY_REVIEW_REQUIRED 2026-06-11,https://github.com/jorgemaganescobar94-lgtm/vsigma/issues/193,STALE_CONSOLIDATED_REVIEW,REVIEW_FOR_MANUAL_CLOSE,Consolidated alert from another date; keep unless a newer category issue supersedes it.,NO,NO,LIFECYCLE_REPORT_ONLY_NO_AUTO_CLOSE
2026-09-04,2026-09-04T05:21:20+01:00,192,vSIGMA OPERATIONAL_REVIEW_REQUIRED 2026-06-11,https://github.com/jorgemaganescobar94-lgtm/vsigma/issues/192,STALE_CONSOLIDATED_REVIEW,REVIEW_FOR_MANUAL_CLOSE,Consolidated alert from another date; keep unless a newer category issue supersedes it.,NO,NO,LIFECYCLE_REPORT_ONLY_NO_AUTO_CLOSE
2026-09-04,2026-09-04T05:21:20+01:00,189,vSIGMA DATA_QUALITY_REVIEW_REQUIRED 2026-06-10,https://github.com/jorgemaganescobar94-lgtm/vsigma/issues/189,STALE_CONSOLIDATED_REVIEW,REVIEW_FOR_MANUAL_CLOSE,Consolidated alert from another date; keep unless a newer category issue supersedes it.,NO,NO,LIFECYCLE_REPORT_ONLY_NO_AUTO_CLOSE
2026-09-04,2026-09-04T05:21:20+01:00,188,vSIGMA OPERATIONAL_REVIEW_REQUIRED 2026-06-10,https://github.com/jorgemaganescobar94-lgtm/vsigma/issues/188,STALE_CONSOLIDATED_REVIEW,REVIEW_FOR_MANUAL_CLOSE,Consolidated alert from another date; keep unless a newer category issue supersedes it.,NO,NO,LIFECYCLE_REPORT_ONLY_NO_AUTO_CLOSE
2026-09-04,2026-09-04T05:21:20+01:00,181,vSIGMA DATA_QUALITY_REVIEW_REQUIRED 2026-06-09,https://github.com/jorgemaganescobar94-lgtm/vsigma/issues/181,STALE_CONSOLIDATED_REVIEW,REVIEW_FOR_MANUAL_CLOSE,Consolidated alert from another date; keep unless a newer category issue supersedes it.,NO,NO,LIFECYCLE_REPORT_ONLY_NO_AUTO_CLOSE
2026-09-04,2026-09-04T05:21:20+01:00,180,vSIGMA OPERATIONAL_REVIEW_REQUIRED 2026-06-09,https://github.com/jorgemaganescobar94-lgtm/vsigma/issues/180,STALE_CONSOLIDATED_REVIEW,REVIEW_FOR_MANUAL_CLOSE,Consolidated alert from another date; keep unless a newer category issue supersedes it.,NO,NO,LIFECYCLE_REPORT_ONLY_NO_AUTO_CLOSE
2026-09-04,2026-09-04T05:21:20+01:00,175,vSIGMA DATA_QUALITY_REVIEW_REQUIRED 2026-06-08,https://github.com/jorgemaganescobar94-lgtm/vsigma/issues/175,STALE_CONSOLIDATED_REVIEW,REVIEW_FOR_MANUAL_CLOSE,Consolidated alert from another date; keep unless a newer category issue supersedes it.,NO,NO,LIFECYCLE_REPORT_ONLY_NO_AUTO_CLOSE
2026-09-04,2026-09-04T05:21:20+01:00,174,vSIGMA OPERATIONAL_REVIEW_REQUIRED 2026-06-08,https://github.com/jorgemaganescobar94-lgtm/vsigma/issues/174,STALE_CONSOLIDATED_REVIEW,REVIEW_FOR_MANUAL_CLOSE,Consolidated alert from another date; keep unless a newer category issue supersedes it.,NO,NO,LIFECYCLE_REPORT_ONLY_NO_AUTO_CLOSE
2026-09-04,2026-09-04T05:21:20+01:00,168,vSIGMA DATA_QUALITY_REVIEW_REQUIRED 2026-06-07,https://github.com/jorgemaganescobar94-lgtm/vsigma/issues/168,STALE_CONSOLIDATED_REVIEW,REVIEW_FOR_MANUAL_CLOSE,Consolidated alert from another date; keep unless a newer category issue supersedes it.,NO,NO,LIFECYCLE_REPORT_ONLY_NO_AUTO_CLOSE
2026-09-04,2026-09-04T05:21:20+01:00,167,vSIGMA OPERATIONAL_REVIEW_REQUIRED 2026-06-07,https://github.com/jorgemaganescobar94-lgtm/vsigma/issues/167,STALE_CONSOLIDATED_REVIEW,REVIEW_FOR_MANUAL_CLOSE,Consolidated alert from another date; keep unless a newer category issue supersedes it.,NO,NO,LIFECYCLE_REPORT_ONLY_NO_AUTO_CLOSE
2026-09-04,2026-09-04T05:21:20+01:00,163,vSIGMA DATA_QUALITY_REVIEW_REQUIRED 2026-06-06,https://github.com/jorgemaganescobar94-lgtm/vsigma/issues/163,STALE_CONSOLIDATED_REVIEW,REVIEW_FOR_MANUAL_CLOSE,Consolidated alert from another date; keep unless a newer category issue supersedes it.,NO,NO,LIFECYCLE_REPORT_ONLY_NO_AUTO_CLOSE
2026-09-04,2026-09-04T05:21:20+01:00,162,vSIGMA OPERATIONAL_REVIEW_REQUIRED 2026-06-06,https://github.com/jorgemaganescobar94-lgtm/vsigma/issues/162,STALE_CONSOLIDATED_REVIEW,REVIEW_FOR_MANUAL_CLOSE,Consolidated alert from another date; keep unless a newer category issue supersedes it.,NO,NO,LIFECYCLE_REPORT_ONLY_NO_AUTO_CLOSE
2026-09-04,2026-09-04T05:21:20+01:00,153,vSIGMA DATA_QUALITY_REVIEW_REQUIRED 2026-06-05,https://github.com/jorgemaganescobar94-lgtm/vsigma/issues/153,STALE_CONSOLIDATED_REVIEW,REVIEW_FOR_MANUAL_CLOSE,Consolidated alert from another date; keep unless a newer category issue supersedes it.,NO,NO,LIFECYCLE_REPORT_ONLY_NO_AUTO_CLOSE
2026-09-04,2026-09-04T05:21:20+01:00,152,vSIGMA OPERATIONAL_REVIEW_REQUIRED 2026-06-05,https://github.com/jorgemaganescobar94-lgtm/vsigma/issues/152,STALE_CONSOLIDATED_REVIEW,REVIEW_FOR_MANUAL_CLOSE,Consolidated alert from another date; keep unless a newer category issue supersedes it.,NO,NO,LIFECYCLE_REPORT_ONLY_NO_AUTO_CLOSE
2026-09-04,2026-09-04T05:21:20+01:00,143,vSIGMA DATA_QUALITY_REVIEW_REQUIRED 2026-06-04,https://github.com/jorgemaganescobar94-lgtm/vsigma/issues/143,STALE_CONSOLIDATED_REVIEW,REVIEW_FOR_MANUAL_CLOSE,Consolidated alert from another date; keep unless a newer category issue supersedes it.,NO,NO,LIFECYCLE_REPORT_ONLY_NO_AUTO_CLOSE
2026-09-04,2026-09-04T05:21:20+01:00,142,vSIGMA OPERATIONAL_REVIEW_REQUIRED 2026-06-04,https://github.com/jorgemaganescobar94-lgtm/vsigma/issues/142,STALE_CONSOLIDATED_REVIEW,REVIEW_FOR_MANUAL_CLOSE,Consolidated alert from another date; keep unless a newer category issue supersedes it.,NO,NO,LIFECYCLE_REPORT_ONLY_NO_AUTO_CLOSE
2026-09-04,2026-09-04T05:21:20+01:00,137,vSIGMA DATA_QUALITY_REVIEW_REQUIRED 2026-06-03,https://github.com/jorgemaganescobar94-lgtm/vsigma/issues/137,STALE_CONSOLIDATED_REVIEW,REVIEW_FOR_MANUAL_CLOSE,Consolidated alert from another date; keep unless a newer category issue supersedes it.,NO,NO,LIFECYCLE_REPORT_ONLY_NO_AUTO_CLOSE
2026-09-04,2026-09-04T05:21:20+01:00,136,vSIGMA OPERATIONAL_REVIEW_REQUIRED 2026-06-03,https://github.com/jorgemaganescobar94-lgtm/vsigma/issues/136,STALE_CONSOLIDATED_REVIEW,REVIEW_FOR_MANUAL_CLOSE,Consolidated alert from another date; keep unless a newer category issue supersedes it.,NO,NO,LIFECYCLE_REPORT_ONLY_NO_AUTO_CLOSE
2026-09-04,2026-09-04T05:21:20+01:00,129,vSIGMA DATA_QUALITY_REVIEW_REQUIRED 2026-06-02,https://github.com/jorgemaganescobar94-lgtm/vsigma/issues/129,STALE_CONSOLIDATED_REVIEW,REVIEW_FOR_MANUAL_CLOSE,Consolidated alert from another date; keep unless a newer category issue supersedes it.,NO,NO,LIFECYCLE_REPORT_ONLY_NO_AUTO_CLOSE
2026-09-04,2026-09-04T05:21:20+01:00,128,vSIGMA OPERATIONAL_REVIEW_REQUIRED 2026-06-02,https://github.com/jorgemaganescobar94-lgtm/vsigma/issues/128,STALE_CONSOLIDATED_REVIEW,REVIEW_FOR_MANUAL_CLOSE,Consolidated alert from another date; keep unless a newer category issue supersedes it.,NO,NO,LIFECYCLE_REPORT_ONLY_NO_AUTO_CLOSE
2026-09-04,2026-09-04T05:21:20+01:00,124,vSIGMA DATA_QUALITY_REVIEW_REQUIRED 2026-06-01,https://github.com/jorgemaganescobar94-lgtm/vsigma/issues/124,STALE_CONSOLIDATED_REVIEW,REVIEW_FOR_MANUAL_CLOSE,Consolidated alert from another date; keep unless a newer category issue supersedes it.,NO,NO,LIFECYCLE_REPORT_ONLY_NO_AUTO_CLOSE
2026-09-04,2026-09-04T05:21:20+01:00,123,vSIGMA OPERATIONAL_REVIEW_REQUIRED 2026-06-01,https://github.com/jorgemaganescobar94-lgtm/vsigma/issues/123,STALE_CONSOLIDATED_REVIEW,REVIEW_FOR_MANUAL_CLOSE,Consolidated alert from another date; keep unless a newer category issue supersedes it.,NO,NO,LIFECYCLE_REPORT_ONLY_NO_AUTO_CLOSE
2026-09-04,2026-09-04T05:21:20+01:00,116,vSIGMA DATA_QUALITY_REVIEW_REQUIRED 2026-05-31,https://github.com/jorgemaganescobar94-lgtm/vsigma/issues/116,STALE_CONSOLIDATED_REVIEW,REVIEW_FOR_MANUAL_CLOSE,Consolidated alert from another date; keep unless a newer category issue supersedes it.,NO,NO,LIFECYCLE_REPORT_ONLY_NO_AUTO_CLOSE
2026-09-04,2026-09-04T05:21:20+01:00,115,vSIGMA OPERATIONAL_REVIEW_REQUIRED 2026-05-31,https://github.com/jorgemaganescobar94-lgtm/vsigma/issues/115,STALE_CONSOLIDATED_REVIEW,REVIEW_FOR_MANUAL_CLOSE,Consolidated alert from another date; keep unless a newer category issue supersedes it.,NO,NO,LIFECYCLE_REPORT_ONLY_NO_AUTO_CLOSE
2026-09-04,2026-09-04T05:21:20+01:00,108,vSIGMA DATA_QUALITY_REVIEW_REQUIRED 2026-05-30,https://github.com/jorgemaganescobar94-lgtm/vsigma/issues/108,STALE_CONSOLIDATED_REVIEW,REVIEW_FOR_MANUAL_CLOSE,Consolidated alert from another date; keep unless a newer category issue supersedes it.,NO,NO,LIFECYCLE_REPORT_ONLY_NO_AUTO_CLOSE
2026-09-04,2026-09-04T05:21:20+01:00,107,vSIGMA OPERATIONAL_REVIEW_REQUIRED 2026-05-30,https://github.com/jorgemaganescobar94-lgtm/vsigma/issues/107,STALE_CONSOLIDATED_REVIEW,REVIEW_FOR_MANUAL_CLOSE,Consolidated alert from another date; keep unless a newer category issue supersedes it.,NO,NO,LIFECYCLE_REPORT_ONLY_NO_AUTO_CLOSE
2026-09-04,2026-09-04T05:21:20+01:00,101,vSIGMA OPERATIONAL_REVIEW_REQUIRED 2026-05-29,https://github.com/jorgemaganescobar94-lgtm/vsigma/issues/101,STALE_CONSOLIDATED_REVIEW,REVIEW_FOR_MANUAL_CLOSE,Consolidated alert from another date; keep unless a newer category issue supersedes it.,NO,NO,LIFECYCLE_REPORT_ONLY_NO_AUTO_CLOSE
2026-09-04,2026-09-04T05:21:20+01:00,100,vSIGMA DATA_QUALITY_REVIEW_REQUIRED 2026-05-29,https://github.com/jorgemaganescobar94-lgtm/vsigma/issues/100,STALE_CONSOLIDATED_REVIEW,REVIEW_FOR_MANUAL_CLOSE,Consolidated alert from another date; keep unless a newer category issue supersedes it.,NO,NO,LIFECYCLE_REPORT_ONLY_NO_AUTO_CLOSE
2026-09-04,2026-09-04T05:21:20+01:00,95,vSIGMA DATA_QUALITY_REVIEW_REQUIRED 2026-05-28,https://github.com/jorgemaganescobar94-lgtm/vsigma/issues/95,STALE_CONSOLIDATED_REVIEW,REVIEW_FOR_MANUAL_CLOSE,Consolidated alert from another date; keep unless a newer category issue supersedes it.,NO,NO,LIFECYCLE_REPORT_ONLY_NO_AUTO_CLOSE
2026-09-04,2026-09-04T05:21:20+01:00,94,vSIGMA OPERATIONAL_REVIEW_REQUIRED 2026-05-28,https://github.com/jorgemaganescobar94-lgtm/vsigma/issues/94,STALE_CONSOLIDATED_REVIEW,REVIEW_FOR_MANUAL_CLOSE,Consolidated alert from another date; keep unless a newer category issue supersedes it.,NO,NO,LIFECYCLE_REPORT_ONLY_NO_AUTO_CLOSE
2026-09-04,2026-09-04T05:21:20+01:00,90,vSIGMA DATA_QUALITY_REVIEW_REQUIRED 2026-05-27,https://github.com/jorgemaganescobar94-lgtm/vsigma/issues/90,STALE_CONSOLIDATED_REVIEW,REVIEW_FOR_MANUAL_CLOSE,Consolidated alert from another date; keep unless a newer category issue supersedes it.,NO,NO,LIFECYCLE_REPORT_ONLY_NO_AUTO_CLOSE
2026-09-04,2026-09-04T05:21:20+01:00,89,vSIGMA OPERATIONAL_REVIEW_REQUIRED 2026-05-27,https://github.com/jorgemaganescobar94-lgtm/vsigma/issues/89,STALE_CONSOLIDATED_REVIEW,REVIEW_FOR_MANUAL_CLOSE,Consolidated alert from another date; keep unless a newer category issue supersedes it.,NO,NO,LIFECYCLE_REPORT_ONLY_NO_AUTO_CLOSE
2026-09-04,2026-09-04T05:21:20+01:00,88,vSIGMA DATA_QUALITY_REVIEW_REQUIRED 2026-05-26,https://github.com/jorgemaganescobar94-lgtm/vsigma/issues/88,STALE_CONSOLIDATED_REVIEW,REVIEW_FOR_MANUAL_CLOSE,Consolidated alert from another date; keep unless a newer category issue supersedes it.,NO,NO,LIFECYCLE_REPORT_ONLY_NO_AUTO_CLOSE
2026-09-04,2026-09-04T05:21:20+01:00,87,vSIGMA OPERATIONAL_REVIEW_REQUIRED 2026-05-26,https://github.com/jorgemaganescobar94-lgtm/vsigma/issues/87,STALE_CONSOLIDATED_REVIEW,REVIEW_FOR_MANUAL_CLOSE,Consolidated alert from another date; keep unless a newer category issue supersedes it.,NO,NO,LIFECYCLE_REPORT_ONLY_NO_AUTO_CLOSE
2026-09-04,2026-09-04T05:21:20+01:00,80,vSIGMA DATA_QUALITY_REVIEW_REQUIRED 2026-05-25,https://github.com/jorgemaganescobar94-lgtm/vsigma/issues/80,STALE_CONSOLIDATED_REVIEW,REVIEW_FOR_MANUAL_CLOSE,Consolidated alert from another date; keep unless a newer category issue supersedes it.,NO,NO,LIFECYCLE_REPORT_ONLY_NO_AUTO_CLOSE
2026-09-04,2026-09-04T05:21:20+01:00,79,vSIGMA OPERATIONAL_REVIEW_REQUIRED 2026-05-25,https://github.com/jorgemaganescobar94-lgtm/vsigma/issues/79,STALE_CONSOLIDATED_REVIEW,REVIEW_FOR_MANUAL_CLOSE,Consolidated alert from another date; keep unless a newer category issue supersedes it.,NO,NO,LIFECYCLE_REPORT_ONLY_NO_AUTO_CLOSE
2026-09-04,2026-09-04T05:21:20+01:00,73,vSIGMA DATA_QUALITY_REVIEW_REQUIRED 2026-05-24,https://github.com/jorgemaganescobar94-lgtm/vsigma/issues/73,STALE_CONSOLIDATED_REVIEW,REVIEW_FOR_MANUAL_CLOSE,Consolidated alert from another date; keep unless a newer category issue supersedes it.,NO,NO,LIFECYCLE_REPORT_ONLY_NO_AUTO_CLOSE
2026-09-04,2026-09-04T05:21:20+01:00,72,vSIGMA OPERATIONAL_REVIEW_REQUIRED 2026-05-24,https://github.com/jorgemaganescobar94-lgtm/vsigma/issues/72,STALE_CONSOLIDATED_REVIEW,REVIEW_FOR_MANUAL_CLOSE,Consolidated alert from another date; keep unless a newer category issue supersedes it.,NO,NO,LIFECYCLE_REPORT_ONLY_NO_AUTO_CLOSE
2026-09-04,2026-09-04T05:21:20+01:00,62,vSIGMA OPERATIONAL_REVIEW_REQUIRED 2026-05-23,https://github.com/jorgemaganescobar94-lgtm/vsigma/issues/62,STALE_CONSOLIDATED_REVIEW,REVIEW_FOR_MANUAL_CLOSE,Consolidated alert from another date; keep unless a newer category issue supersedes it.,NO,NO,LIFECYCLE_REPORT_ONLY_NO_AUTO_CLOSE
2026-09-04,2026-09-04T05:21:20+01:00,61,vSIGMA DATA_QUALITY_REVIEW_REQUIRED 2026-05-23,https://github.com/jorgemaganescobar94-lgtm/vsigma/issues/61,STALE_CONSOLIDATED_REVIEW,REVIEW_FOR_MANUAL_CLOSE,Consolidated alert from another date; keep unless a newer category issue supersedes it.,NO,NO,LIFECYCLE_REPORT_ONLY_NO_AUTO_CLOSE
2026-09-04,2026-09-04T05:21:20+01:00,49,vSIGMA DATA_QUALITY_REVIEW_REQUIRED 2026-05-22,https://github.com/jorgemaganescobar94-lgtm/vsigma/issues/49,STALE_CONSOLIDATED_REVIEW,REVIEW_FOR_MANUAL_CLOSE,Consolidated alert from another date; keep unless a newer category issue supersedes it.,NO,NO,LIFECYCLE_REPORT_ONLY_NO_AUTO_CLOSE
2026-09-04,2026-09-04T05:21:20+01:00,48,vSIGMA OPERATIONAL_REVIEW_REQUIRED 2026-05-22,https://github.com/jorgemaganescobar94-lgtm/vsigma/issues/48,STALE_CONSOLIDATED_REVIEW,REVIEW_FOR_MANUAL_CLOSE,Consolidated alert from another date; keep unless a newer category issue supersedes it.,NO,NO,LIFECYCLE_REPORT_ONLY_NO_AUTO_CLOSE
2026-09-04,2026-09-04T05:21:20+01:00,43,vSIGMA DATA_QUALITY_REVIEW_REQUIRED 2026-05-20,https://github.com/jorgemaganescobar94-lgtm/vsigma/issues/43,STALE_CONSOLIDATED_REVIEW,REVIEW_FOR_MANUAL_CLOSE,Consolidated alert from another date; keep unless a newer category issue supersedes it.,NO,NO,LIFECYCLE_REPORT_ONLY_NO_AUTO_CLOSE
2026-09-04,2026-09-04T05:21:20+01:00,42,vSIGMA OPERATIONAL_REVIEW_REQUIRED 2026-05-20,https://github.com/jorgemaganescobar94-lgtm/vsigma/issues/42,STALE_CONSOLIDATED_REVIEW,REVIEW_FOR_MANUAL_CLOSE,Consolidated alert from another date; keep unless a newer category issue supersedes it.,NO,NO,LIFECYCLE_REPORT_ONLY_NO_AUTO_CLOSE
2026-09-04,2026-09-04T05:21:20+01:00,38,vSIGMA DATA_QUALITY_REVIEW_REQUIRED 2026-05-21,https://github.com/jorgemaganescobar94-lgtm/vsigma/issues/38,STALE_CONSOLIDATED_REVIEW,REVIEW_FOR_MANUAL_CLOSE,Consolidated alert from another date; keep unless a newer category issue supersedes it.,NO,NO,LIFECYCLE_REPORT_ONLY_NO_AUTO_CLOSE
2026-09-04,2026-09-04T05:21:20+01:00,37,vSIGMA OPERATIONAL_REVIEW_REQUIRED 2026-05-21,https://github.com/jorgemaganescobar94-lgtm/vsigma/issues/37,STALE_CONSOLIDATED_REVIEW,REVIEW_FOR_MANUAL_CLOSE,Consolidated alert from another date; keep unless a newer category issue supersedes it.,NO,NO,LIFECYCLE_REPORT_ONLY_NO_AUTO_CLOSE
