target_date,generated_at,oos_id,rule_signature,rule_first_seen_date,oos_class,shadow_id,rule_id,fixture_id,home_team,away_team,league,country,result_status,home_goals,away_goals,prediction_winner,predicted_side,candidate_signal_score,candidate_signal_band,review_priority,rule_group_type,rule_group_value,rule_market,rule_decision,rule_bucket,future_rule_candidate,shadow_outcome,shadow_status,oos_outcome,oos_status,oos_note,paper_trade_permission,activation_permission,canonical_board_permission,pick_permission,stake_permission,auto_apply,production_change
2026-08-23,2026-08-23T08:57:17+01:00,API_OOS_00001,ALL|ALL|API_DNB|FUTURE_RULE_REVIEW_ONLY|RULE_CANDIDATE_PROTECTED_MARKET,2026-06-19,OUT_OF_SAMPLE,API_SHADOW_00001,API_CAL_RULE_0002,1622621,Fenerbahçe,Lyon,UEFA Champions League,World,FINISHED_RESULT,1,1,Fenerbahçe,HOME,92,HIGH_SIGNAL_REVIEW,P1_MANUAL_REVIEW,ALL,ALL,API_DNB,FUTURE_RULE_REVIEW_ONLY,RULE_CANDIDATE_PROTECTED_MARKET,YES_REVIEW_ONLY,VOID,SHADOW_EVALUATED,VOID,EVALUATED,Out-of-sample tracker only. Same first_seen_date rows are bootstrap/in-sample and cannot validate future promotion.,SHADOW_ONLY,NO_RULE_ACTIVATION_PERMISSION,NO_CANONICAL_BOARD_PERMISSION,NO_PICK_PERMISSION,NO_STAKE_PERMISSION,NO,NO
2026-08-23,2026-08-23T08:57:17+01:00,API_OOS_00002,ALL|ALL|API_DNB|FUTURE_RULE_REVIEW_ONLY|RULE_CANDIDATE_PROTECTED_MARKET,2026-06-19,OUT_OF_SAMPLE,API_SHADOW_00002,API_CAL_RULE_0002,1547770,Independ. Rivadavia,Fluminense,CONMEBOL Libertadores,World,FINISHED_RESULT,1,1,Independ. Rivadavia,HOME,100,HIGH_SIGNAL_REVIEW,P1_MANUAL_REVIEW,ALL,ALL,API_DNB,FUTURE_RULE_REVIEW_ONLY,RULE_CANDIDATE_PROTECTED_MARKET,YES_REVIEW_ONLY,VOID,SHADOW_EVALUATED,VOID,EVALUATED,Out-of-sample tracker only. Same first_seen_date rows are bootstrap/in-sample and cannot validate future promotion.,SHADOW_ONLY,NO_RULE_ACTIVATION_PERMISSION,NO_CANONICAL_BOARD_PERMISSION,NO_PICK_PERMISSION,NO_STAKE_PERMISSION,NO,NO
2026-08-23,2026-08-23T08:57:17+01:00,API_OOS_00003,ALL|ALL|API_DOUBLE_CHANCE|FUTURE_RULE_REVIEW_ONLY|RULE_CANDIDATE_PROTECTED_MARKET,2026-06-19,OUT_OF_SAMPLE,API_SHADOW_00003,API_CAL_RULE_0003,1622621,Fenerbahçe,Lyon,UEFA Champions League,World,FINISHED_RESULT,1,1,Fenerbahçe,HOME,92,HIGH_SIGNAL_REVIEW,P1_MANUAL_REVIEW,ALL,ALL,API_DOUBLE_CHANCE,FUTURE_RULE_REVIEW_ONLY,RULE_CANDIDATE_PROTECTED_MARKET,YES_REVIEW_ONLY,HIT,SHADOW_EVALUATED,HIT,EVALUATED,Out-of-sample tracker only. Same first_seen_date rows are bootstrap/in-sample and cannot validate future promotion.,SHADOW_ONLY,NO_RULE_ACTIVATION_PERMISSION,NO_CANONICAL_BOARD_PERMISSION,NO_PICK_PERMISSION,NO_STAKE_PERMISSION,NO,NO
2026-08-23,2026-08-23T08:57:17+01:00,API_OOS_00004,ALL|ALL|API_DOUBLE_CHANCE|FUTURE_RULE_REVIEW_ONLY|RULE_CANDIDATE_PROTECTED_MARKET,2026-06-19,OUT_OF_SAMPLE,API_SHADOW_00004,API_CAL_RULE_0003,1547770,Independ. Rivadavia,Fluminense,CONMEBOL Libertadores,World,FINISHED_RESULT,1,1,Independ. Rivadavia,HOME,100,HIGH_SIGNAL_REVIEW,P1_MANUAL_REVIEW,ALL,ALL,API_DOUBLE_CHANCE,FUTURE_RULE_REVIEW_ONLY,RULE_CANDIDATE_PROTECTED_MARKET,YES_REVIEW_ONLY,HIT,SHADOW_EVALUATED,HIT,EVALUATED,Out-of-sample tracker only. Same first_seen_date rows are bootstrap/in-sample and cannot validate future promotion.,SHADOW_ONLY,NO_RULE_ACTIVATION_PERMISSION,NO_CANONICAL_BOARD_PERMISSION,NO_PICK_PERMISSION,NO_STAKE_PERMISSION,NO,NO
2026-08-23,2026-08-23T08:57:17+01:00,API_OOS_00005,ALL|ALL|OVER_1_5|FUTURE_RULE_REVIEW_ONLY|RULE_CANDIDATE_TOTAL_MARKET,2026-06-10,OUT_OF_SAMPLE,API_SHADOW_00005,API_CAL_RULE_0005,1622621,Fenerbahçe,Lyon,UEFA Champions League,World,FINISHED_RESULT,1,1,Fenerbahçe,HOME,92,HIGH_SIGNAL_REVIEW,P1_MANUAL_REVIEW,ALL,ALL,OVER_1_5,FUTURE_RULE_REVIEW_ONLY,RULE_CANDIDATE_TOTAL_MARKET,YES_REVIEW_ONLY,HIT,SHADOW_EVALUATED,HIT,EVALUATED,Out-of-sample tracker only. Same first_seen_date rows are bootstrap/in-sample and cannot validate future promotion.,SHADOW_ONLY,NO_RULE_ACTIVATION_PERMISSION,NO_CANONICAL_BOARD_PERMISSION,NO_PICK_PERMISSION,NO_STAKE_PERMISSION,NO,NO
2026-08-23,2026-08-23T08:57:17+01:00,API_OOS_00006,ALL|ALL|OVER_1_5|FUTURE_RULE_REVIEW_ONLY|RULE_CANDIDATE_TOTAL_MARKET,2026-06-10,OUT_OF_SAMPLE,API_SHADOW_00006,API_CAL_RULE_0005,1547770,Independ. Rivadavia,Fluminense,CONMEBOL Libertadores,World,FINISHED_RESULT,1,1,Independ. Rivadavia,HOME,100,HIGH_SIGNAL_REVIEW,P1_MANUAL_REVIEW,ALL,ALL,OVER_1_5,FUTURE_RULE_REVIEW_ONLY,RULE_CANDIDATE_TOTAL_MARKET,YES_REVIEW_ONLY,HIT,SHADOW_EVALUATED,HIT,EVALUATED,Out-of-sample tracker only. Same first_seen_date rows are bootstrap/in-sample and cannot validate future promotion.,SHADOW_ONLY,NO_RULE_ACTIVATION_PERMISSION,NO_CANONICAL_BOARD_PERMISSION,NO_PICK_PERMISSION,NO_STAKE_PERMISSION,NO,NO
2026-08-23,2026-08-23T08:57:17+01:00,API_OOS_00007,PREDICTED_SIDE|HOME|API_DNB|FUTURE_RULE_REVIEW_ONLY|RULE_CANDIDATE_PROTECTED_MARKET,2026-06-21,OUT_OF_SAMPLE,API_SHADOW_00007,API_CAL_RULE_0016,1622621,Fenerbahçe,Lyon,UEFA Champions League,World,FINISHED_RESULT,1,1,Fenerbahçe,HOME,92,HIGH_SIGNAL_REVIEW,P1_MANUAL_REVIEW,PREDICTED_SIDE,HOME,API_DNB,FUTURE_RULE_REVIEW_ONLY,RULE_CANDIDATE_PROTECTED_MARKET,YES_REVIEW_ONLY,VOID,SHADOW_EVALUATED,VOID,EVALUATED,Out-of-sample tracker only. Same first_seen_date rows are bootstrap/in-sample and cannot validate future promotion.,SHADOW_ONLY,NO_RULE_ACTIVATION_PERMISSION,NO_CANONICAL_BOARD_PERMISSION,NO_PICK_PERMISSION,NO_STAKE_PERMISSION,NO,NO
2026-08-23,2026-08-23T08:57:17+01:00,API_OOS_00008,PREDICTED_SIDE|HOME|API_DNB|FUTURE_RULE_REVIEW_ONLY|RULE_CANDIDATE_PROTECTED_MARKET,2026-06-21,OUT_OF_SAMPLE,API_SHADOW_00008,API_CAL_RULE_0016,1547770,Independ. Rivadavia,Fluminense,CONMEBOL Libertadores,World,FINISHED_RESULT,1,1,Independ. Rivadavia,HOME,100,HIGH_SIGNAL_REVIEW,P1_MANUAL_REVIEW,PREDICTED_SIDE,HOME,API_DNB,FUTURE_RULE_REVIEW_ONLY,RULE_CANDIDATE_PROTECTED_MARKET,YES_REVIEW_ONLY,VOID,SHADOW_EVALUATED,VOID,EVALUATED,Out-of-sample tracker only. Same first_seen_date rows are bootstrap/in-sample and cannot validate future promotion.,SHADOW_ONLY,NO_RULE_ACTIVATION_PERMISSION,NO_CANONICAL_BOARD_PERMISSION,NO_PICK_PERMISSION,NO_STAKE_PERMISSION,NO,NO
2026-08-23,2026-08-23T08:57:17+01:00,API_OOS_00009,PREDICTED_SIDE|HOME|API_DOUBLE_CHANCE|FUTURE_RULE_REVIEW_ONLY|RULE_CANDIDATE_PROTECTED_MARKET,2026-06-21,OUT_OF_SAMPLE,API_SHADOW_00009,API_CAL_RULE_0017,1622621,Fenerbahçe,Lyon,UEFA Champions League,World,FINISHED_RESULT,1,1,Fenerbahçe,HOME,92,HIGH_SIGNAL_REVIEW,P1_MANUAL_REVIEW,PREDICTED_SIDE,HOME,API_DOUBLE_CHANCE,FUTURE_RULE_REVIEW_ONLY,RULE_CANDIDATE_PROTECTED_MARKET,YES_REVIEW_ONLY,HIT,SHADOW_EVALUATED,HIT,EVALUATED,Out-of-sample tracker only. Same first_seen_date rows are bootstrap/in-sample and cannot validate future promotion.,SHADOW_ONLY,NO_RULE_ACTIVATION_PERMISSION,NO_CANONICAL_BOARD_PERMISSION,NO_PICK_PERMISSION,NO_STAKE_PERMISSION,NO,NO
2026-08-23,2026-08-23T08:57:17+01:00,API_OOS_00010,PREDICTED_SIDE|HOME|API_DOUBLE_CHANCE|FUTURE_RULE_REVIEW_ONLY|RULE_CANDIDATE_PROTECTED_MARKET,2026-06-21,OUT_OF_SAMPLE,API_SHADOW_00010,API_CAL_RULE_0017,1547770,Independ. Rivadavia,Fluminense,CONMEBOL Libertadores,World,FINISHED_RESULT,1,1,Independ. Rivadavia,HOME,100,HIGH_SIGNAL_REVIEW,P1_MANUAL_REVIEW,PREDICTED_SIDE,HOME,API_DOUBLE_CHANCE,FUTURE_RULE_REVIEW_ONLY,RULE_CANDIDATE_PROTECTED_MARKET,YES_REVIEW_ONLY,HIT,SHADOW_EVALUATED,HIT,EVALUATED,Out-of-sample tracker only. Same first_seen_date rows are bootstrap/in-sample and cannot validate future promotion.,SHADOW_ONLY,NO_RULE_ACTIVATION_PERMISSION,NO_CANONICAL_BOARD_PERMISSION,NO_PICK_PERMISSION,NO_STAKE_PERMISSION,NO,NO
2026-08-23,2026-08-23T08:57:17+01:00,API_OOS_00011,PREDICTED_SIDE|HOME|OVER_1_5|FUTURE_RULE_REVIEW_ONLY|RULE_CANDIDATE_TOTAL_MARKET,2026-06-16,OUT_OF_SAMPLE,API_SHADOW_00011,API_CAL_RULE_0019,1622621,Fenerbahçe,Lyon,UEFA Champions League,World,FINISHED_RESULT,1,1,Fenerbahçe,HOME,92,HIGH_SIGNAL_REVIEW,P1_MANUAL_REVIEW,PREDICTED_SIDE,HOME,OVER_1_5,FUTURE_RULE_REVIEW_ONLY,RULE_CANDIDATE_TOTAL_MARKET,YES_REVIEW_ONLY,HIT,SHADOW_EVALUATED,HIT,EVALUATED,Out-of-sample tracker only. Same first_seen_date rows are bootstrap/in-sample and cannot validate future promotion.,SHADOW_ONLY,NO_RULE_ACTIVATION_PERMISSION,NO_CANONICAL_BOARD_PERMISSION,NO_PICK_PERMISSION,NO_STAKE_PERMISSION,NO,NO
2026-08-23,2026-08-23T08:57:17+01:00,API_OOS_00012,PREDICTED_SIDE|HOME|OVER_1_5|FUTURE_RULE_REVIEW_ONLY|RULE_CANDIDATE_TOTAL_MARKET,2026-06-16,OUT_OF_SAMPLE,API_SHADOW_00012,API_CAL_RULE_0019,1547770,Independ. Rivadavia,Fluminense,CONMEBOL Libertadores,World,FINISHED_RESULT,1,1,Independ. Rivadavia,HOME,100,HIGH_SIGNAL_REVIEW,P1_MANUAL_REVIEW,PREDICTED_SIDE,HOME,OVER_1_5,FUTURE_RULE_REVIEW_ONLY,RULE_CANDIDATE_TOTAL_MARKET,YES_REVIEW_ONLY,HIT,SHADOW_EVALUATED,HIT,EVALUATED,Out-of-sample tracker only. Same first_seen_date rows are bootstrap/in-sample and cannot validate future promotion.,SHADOW_ONLY,NO_RULE_ACTIVATION_PERMISSION,NO_CANONICAL_BOARD_PERMISSION,NO_PICK_PERMISSION,NO_STAKE_PERMISSION,NO,NO
2026-08-23,2026-08-23T08:57:17+01:00,API_OOS_00013,PREDICTED_SIDE|HOME|UNDER_3_5|FUTURE_RULE_REVIEW_ONLY|RULE_CANDIDATE_TOTAL_MARKET,2026-08-21,OUT_OF_SAMPLE,API_SHADOW_00013,API_CAL_RULE_0021,1622621,Fenerbahçe,Lyon,UEFA Champions League,World,FINISHED_RESULT,1,1,Fenerbahçe,HOME,92,HIGH_SIGNAL_REVIEW,P1_MANUAL_REVIEW,PREDICTED_SIDE,HOME,UNDER_3_5,FUTURE_RULE_REVIEW_ONLY,RULE_CANDIDATE_TOTAL_MARKET,YES_REVIEW_ONLY,HIT,SHADOW_EVALUATED,HIT,EVALUATED,Out-of-sample tracker only. Same first_seen_date rows are bootstrap/in-sample and cannot validate future promotion.,SHADOW_ONLY,NO_RULE_ACTIVATION_PERMISSION,NO_CANONICAL_BOARD_PERMISSION,NO_PICK_PERMISSION,NO_STAKE_PERMISSION,NO,NO
2026-08-23,2026-08-23T08:57:17+01:00,API_OOS_00014,PREDICTED_SIDE|HOME|UNDER_3_5|FUTURE_RULE_REVIEW_ONLY|RULE_CANDIDATE_TOTAL_MARKET,2026-08-21,OUT_OF_SAMPLE,API_SHADOW_00014,API_CAL_RULE_0021,1547770,Independ. Rivadavia,Fluminense,CONMEBOL Libertadores,World,FINISHED_RESULT,1,1,Independ. Rivadavia,HOME,100,HIGH_SIGNAL_REVIEW,P1_MANUAL_REVIEW,PREDICTED_SIDE,HOME,UNDER_3_5,FUTURE_RULE_REVIEW_ONLY,RULE_CANDIDATE_TOTAL_MARKET,YES_REVIEW_ONLY,HIT,SHADOW_EVALUATED,HIT,EVALUATED,Out-of-sample tracker only. Same first_seen_date rows are bootstrap/in-sample and cannot validate future promotion.,SHADOW_ONLY,NO_RULE_ACTIVATION_PERMISSION,NO_CANONICAL_BOARD_PERMISSION,NO_PICK_PERMISSION,NO_STAKE_PERMISSION,NO,NO
2026-08-23,2026-08-23T08:57:17+01:00,API_OOS_00015,REVIEW_PRIORITY|P1_MANUAL_REVIEW|API_DNB|FUTURE_RULE_REVIEW_ONLY|RULE_CANDIDATE_PROTECTED_MARKET,2026-06-18,OUT_OF_SAMPLE,API_SHADOW_00015,API_CAL_RULE_0030,1622621,Fenerbahçe,Lyon,UEFA Champions League,World,FINISHED_RESULT,1,1,Fenerbahçe,HOME,92,HIGH_SIGNAL_REVIEW,P1_MANUAL_REVIEW,REVIEW_PRIORITY,P1_MANUAL_REVIEW,API_DNB,FUTURE_RULE_REVIEW_ONLY,RULE_CANDIDATE_PROTECTED_MARKET,YES_REVIEW_ONLY,VOID,SHADOW_EVALUATED,VOID,EVALUATED,Out-of-sample tracker only. Same first_seen_date rows are bootstrap/in-sample and cannot validate future promotion.,SHADOW_ONLY,NO_RULE_ACTIVATION_PERMISSION,NO_CANONICAL_BOARD_PERMISSION,NO_PICK_PERMISSION,NO_STAKE_PERMISSION,NO,NO
2026-08-23,2026-08-23T08:57:17+01:00,API_OOS_00016,REVIEW_PRIORITY|P1_MANUAL_REVIEW|API_DNB|FUTURE_RULE_REVIEW_ONLY|RULE_CANDIDATE_PROTECTED_MARKET,2026-06-18,OUT_OF_SAMPLE,API_SHADOW_00016,API_CAL_RULE_0030,1547770,Independ. Rivadavia,Fluminense,CONMEBOL Libertadores,World,FINISHED_RESULT,1,1,Independ. Rivadavia,HOME,100,HIGH_SIGNAL_REVIEW,P1_MANUAL_REVIEW,REVIEW_PRIORITY,P1_MANUAL_REVIEW,API_DNB,FUTURE_RULE_REVIEW_ONLY,RULE_CANDIDATE_PROTECTED_MARKET,YES_REVIEW_ONLY,VOID,SHADOW_EVALUATED,VOID,EVALUATED,Out-of-sample tracker only. Same first_seen_date rows are bootstrap/in-sample and cannot validate future promotion.,SHADOW_ONLY,NO_RULE_ACTIVATION_PERMISSION,NO_CANONICAL_BOARD_PERMISSION,NO_PICK_PERMISSION,NO_STAKE_PERMISSION,NO,NO
2026-08-23,2026-08-23T08:57:17+01:00,API_OOS_00017,REVIEW_PRIORITY|P1_MANUAL_REVIEW|API_DOUBLE_CHANCE|FUTURE_RULE_REVIEW_ONLY|RULE_CANDIDATE_PROTECTED_MARKET,2026-06-18,OUT_OF_SAMPLE,API_SHADOW_00017,API_CAL_RULE_0031,1622621,Fenerbahçe,Lyon,UEFA Champions League,World,FINISHED_RESULT,1,1,Fenerbahçe,HOME,92,HIGH_SIGNAL_REVIEW,P1_MANUAL_REVIEW,REVIEW_PRIORITY,P1_MANUAL_REVIEW,API_DOUBLE_CHANCE,FUTURE_RULE_REVIEW_ONLY,RULE_CANDIDATE_PROTECTED_MARKET,YES_REVIEW_ONLY,HIT,SHADOW_EVALUATED,HIT,EVALUATED,Out-of-sample tracker only. Same first_seen_date rows are bootstrap/in-sample and cannot validate future promotion.,SHADOW_ONLY,NO_RULE_ACTIVATION_PERMISSION,NO_CANONICAL_BOARD_PERMISSION,NO_PICK_PERMISSION,NO_STAKE_PERMISSION,NO,NO
2026-08-23,2026-08-23T08:57:17+01:00,API_OOS_00018,REVIEW_PRIORITY|P1_MANUAL_REVIEW|API_DOUBLE_CHANCE|FUTURE_RULE_REVIEW_ONLY|RULE_CANDIDATE_PROTECTED_MARKET,2026-06-18,OUT_OF_SAMPLE,API_SHADOW_00018,API_CAL_RULE_0031,1547770,Independ. Rivadavia,Fluminense,CONMEBOL Libertadores,World,FINISHED_RESULT,1,1,Independ. Rivadavia,HOME,100,HIGH_SIGNAL_REVIEW,P1_MANUAL_REVIEW,REVIEW_PRIORITY,P1_MANUAL_REVIEW,API_DOUBLE_CHANCE,FUTURE_RULE_REVIEW_ONLY,RULE_CANDIDATE_PROTECTED_MARKET,YES_REVIEW_ONLY,HIT,SHADOW_EVALUATED,HIT,EVALUATED,Out-of-sample tracker only. Same first_seen_date rows are bootstrap/in-sample and cannot validate future promotion.,SHADOW_ONLY,NO_RULE_ACTIVATION_PERMISSION,NO_CANONICAL_BOARD_PERMISSION,NO_PICK_PERMISSION,NO_STAKE_PERMISSION,NO,NO
2026-08-23,2026-08-23T08:57:17+01:00,API_OOS_00019,REVIEW_PRIORITY|P1_MANUAL_REVIEW|OVER_1_5|FUTURE_RULE_REVIEW_ONLY|RULE_CANDIDATE_TOTAL_MARKET,2026-06-18,OUT_OF_SAMPLE,API_SHADOW_00019,API_CAL_RULE_0033,1622621,Fenerbahçe,Lyon,UEFA Champions League,World,FINISHED_RESULT,1,1,Fenerbahçe,HOME,92,HIGH_SIGNAL_REVIEW,P1_MANUAL_REVIEW,REVIEW_PRIORITY,P1_MANUAL_REVIEW,OVER_1_5,FUTURE_RULE_REVIEW_ONLY,RULE_CANDIDATE_TOTAL_MARKET,YES_REVIEW_ONLY,HIT,SHADOW_EVALUATED,HIT,EVALUATED,Out-of-sample tracker only. Same first_seen_date rows are bootstrap/in-sample and cannot validate future promotion.,SHADOW_ONLY,NO_RULE_ACTIVATION_PERMISSION,NO_CANONICAL_BOARD_PERMISSION,NO_PICK_PERMISSION,NO_STAKE_PERMISSION,NO,NO
2026-08-23,2026-08-23T08:57:17+01:00,API_OOS_00020,REVIEW_PRIORITY|P1_MANUAL_REVIEW|OVER_1_5|FUTURE_RULE_REVIEW_ONLY|RULE_CANDIDATE_TOTAL_MARKET,2026-06-18,OUT_OF_SAMPLE,API_SHADOW_00020,API_CAL_RULE_0033,1547770,Independ. Rivadavia,Fluminense,CONMEBOL Libertadores,World,FINISHED_RESULT,1,1,Independ. Rivadavia,HOME,100,HIGH_SIGNAL_REVIEW,P1_MANUAL_REVIEW,REVIEW_PRIORITY,P1_MANUAL_REVIEW,OVER_1_5,FUTURE_RULE_REVIEW_ONLY,RULE_CANDIDATE_TOTAL_MARKET,YES_REVIEW_ONLY,HIT,SHADOW_EVALUATED,HIT,EVALUATED,Out-of-sample tracker only. Same first_seen_date rows are bootstrap/in-sample and cannot validate future promotion.,SHADOW_ONLY,NO_RULE_ACTIVATION_PERMISSION,NO_CANONICAL_BOARD_PERMISSION,NO_PICK_PERMISSION,NO_STAKE_PERMISSION,NO,NO
2026-08-23,2026-08-23T08:57:17+01:00,API_OOS_00021,REVIEW_PRIORITY|P1_MANUAL_REVIEW|UNDER_3_5|FUTURE_RULE_REVIEW_ONLY|RULE_CANDIDATE_TOTAL_MARKET,2026-06-18,OUT_OF_SAMPLE,API_SHADOW_00021,API_CAL_RULE_0035,1622621,Fenerbahçe,Lyon,UEFA Champions League,World,FINISHED_RESULT,1,1,Fenerbahçe,HOME,92,HIGH_SIGNAL_REVIEW,P1_MANUAL_REVIEW,REVIEW_PRIORITY,P1_MANUAL_REVIEW,UNDER_3_5,FUTURE_RULE_REVIEW_ONLY,RULE_CANDIDATE_TOTAL_MARKET,YES_REVIEW_ONLY,HIT,SHADOW_EVALUATED,HIT,EVALUATED,Out-of-sample tracker only. Same first_seen_date rows are bootstrap/in-sample and cannot validate future promotion.,SHADOW_ONLY,NO_RULE_ACTIVATION_PERMISSION,NO_CANONICAL_BOARD_PERMISSION,NO_PICK_PERMISSION,NO_STAKE_PERMISSION,NO,NO
2026-08-23,2026-08-23T08:57:17+01:00,API_OOS_00022,REVIEW_PRIORITY|P1_MANUAL_REVIEW|UNDER_3_5|FUTURE_RULE_REVIEW_ONLY|RULE_CANDIDATE_TOTAL_MARKET,2026-06-18,OUT_OF_SAMPLE,API_SHADOW_00022,API_CAL_RULE_0035,1547770,Independ. Rivadavia,Fluminense,CONMEBOL Libertadores,World,FINISHED_RESULT,1,1,Independ. Rivadavia,HOME,100,HIGH_SIGNAL_REVIEW,P1_MANUAL_REVIEW,REVIEW_PRIORITY,P1_MANUAL_REVIEW,UNDER_3_5,FUTURE_RULE_REVIEW_ONLY,RULE_CANDIDATE_TOTAL_MARKET,YES_REVIEW_ONLY,HIT,SHADOW_EVALUATED,HIT,EVALUATED,Out-of-sample tracker only. Same first_seen_date rows are bootstrap/in-sample and cannot validate future promotion.,SHADOW_ONLY,NO_RULE_ACTIVATION_PERMISSION,NO_CANONICAL_BOARD_PERMISSION,NO_PICK_PERMISSION,NO_STAKE_PERMISSION,NO,NO
2026-08-23,2026-08-23T08:57:17+01:00,API_OOS_00023,SCORE_BUCKET|SCORE_90_PLUS|API_DNB|FUTURE_RULE_REVIEW_ONLY|RULE_CANDIDATE_PROTECTED_MARKET,2026-06-20,OUT_OF_SAMPLE,API_SHADOW_00023,API_CAL_RULE_0065,1622621,Fenerbahçe,Lyon,UEFA Champions League,World,FINISHED_RESULT,1,1,Fenerbahçe,HOME,92,HIGH_SIGNAL_REVIEW,P1_MANUAL_REVIEW,SCORE_BUCKET,SCORE_90_PLUS,API_DNB,FUTURE_RULE_REVIEW_ONLY,RULE_CANDIDATE_PROTECTED_MARKET,YES_REVIEW_ONLY,VOID,SHADOW_EVALUATED,VOID,EVALUATED,Out-of-sample tracker only. Same first_seen_date rows are bootstrap/in-sample and cannot validate future promotion.,SHADOW_ONLY,NO_RULE_ACTIVATION_PERMISSION,NO_CANONICAL_BOARD_PERMISSION,NO_PICK_PERMISSION,NO_STAKE_PERMISSION,NO,NO
2026-08-23,2026-08-23T08:57:17+01:00,API_OOS_00024,SCORE_BUCKET|SCORE_90_PLUS|API_DNB|FUTURE_RULE_REVIEW_ONLY|RULE_CANDIDATE_PROTECTED_MARKET,2026-06-20,OUT_OF_SAMPLE,API_SHADOW_00024,API_CAL_RULE_0065,1547770,Independ. Rivadavia,Fluminense,CONMEBOL Libertadores,World,FINISHED_RESULT,1,1,Independ. Rivadavia,HOME,100,HIGH_SIGNAL_REVIEW,P1_MANUAL_REVIEW,SCORE_BUCKET,SCORE_90_PLUS,API_DNB,FUTURE_RULE_REVIEW_ONLY,RULE_CANDIDATE_PROTECTED_MARKET,YES_REVIEW_ONLY,VOID,SHADOW_EVALUATED,VOID,EVALUATED,Out-of-sample tracker only. Same first_seen_date rows are bootstrap/in-sample and cannot validate future promotion.,SHADOW_ONLY,NO_RULE_ACTIVATION_PERMISSION,NO_CANONICAL_BOARD_PERMISSION,NO_PICK_PERMISSION,NO_STAKE_PERMISSION,NO,NO
2026-08-23,2026-08-23T08:57:17+01:00,API_OOS_00025,SCORE_BUCKET|SCORE_90_PLUS|API_DOUBLE_CHANCE|FUTURE_RULE_REVIEW_ONLY|RULE_CANDIDATE_PROTECTED_MARKET,2026-06-20,OUT_OF_SAMPLE,API_SHADOW_00025,API_CAL_RULE_0066,1622621,Fenerbahçe,Lyon,UEFA Champions League,World,FINISHED_RESULT,1,1,Fenerbahçe,HOME,92,HIGH_SIGNAL_REVIEW,P1_MANUAL_REVIEW,SCORE_BUCKET,SCORE_90_PLUS,API_DOUBLE_CHANCE,FUTURE_RULE_REVIEW_ONLY,RULE_CANDIDATE_PROTECTED_MARKET,YES_REVIEW_ONLY,HIT,SHADOW_EVALUATED,HIT,EVALUATED,Out-of-sample tracker only. Same first_seen_date rows are bootstrap/in-sample and cannot validate future promotion.,SHADOW_ONLY,NO_RULE_ACTIVATION_PERMISSION,NO_CANONICAL_BOARD_PERMISSION,NO_PICK_PERMISSION,NO_STAKE_PERMISSION,NO,NO
2026-08-23,2026-08-23T08:57:17+01:00,API_OOS_00026,SCORE_BUCKET|SCORE_90_PLUS|API_DOUBLE_CHANCE|FUTURE_RULE_REVIEW_ONLY|RULE_CANDIDATE_PROTECTED_MARKET,2026-06-20,OUT_OF_SAMPLE,API_SHADOW_00026,API_CAL_RULE_0066,1547770,Independ. Rivadavia,Fluminense,CONMEBOL Libertadores,World,FINISHED_RESULT,1,1,Independ. Rivadavia,HOME,100,HIGH_SIGNAL_REVIEW,P1_MANUAL_REVIEW,SCORE_BUCKET,SCORE_90_PLUS,API_DOUBLE_CHANCE,FUTURE_RULE_REVIEW_ONLY,RULE_CANDIDATE_PROTECTED_MARKET,YES_REVIEW_ONLY,HIT,SHADOW_EVALUATED,HIT,EVALUATED,Out-of-sample tracker only. Same first_seen_date rows are bootstrap/in-sample and cannot validate future promotion.,SHADOW_ONLY,NO_RULE_ACTIVATION_PERMISSION,NO_CANONICAL_BOARD_PERMISSION,NO_PICK_PERMISSION,NO_STAKE_PERMISSION,NO,NO
2026-08-23,2026-08-23T08:57:17+01:00,API_OOS_00027,SCORE_BUCKET|SCORE_90_PLUS|OVER_1_5|FUTURE_RULE_REVIEW_ONLY|RULE_CANDIDATE_TOTAL_MARKET,2026-06-20,OUT_OF_SAMPLE,API_SHADOW_00027,API_CAL_RULE_0068,1622621,Fenerbahçe,Lyon,UEFA Champions League,World,FINISHED_RESULT,1,1,Fenerbahçe,HOME,92,HIGH_SIGNAL_REVIEW,P1_MANUAL_REVIEW,SCORE_BUCKET,SCORE_90_PLUS,OVER_1_5,FUTURE_RULE_REVIEW_ONLY,RULE_CANDIDATE_TOTAL_MARKET,YES_REVIEW_ONLY,HIT,SHADOW_EVALUATED,HIT,EVALUATED,Out-of-sample tracker only. Same first_seen_date rows are bootstrap/in-sample and cannot validate future promotion.,SHADOW_ONLY,NO_RULE_ACTIVATION_PERMISSION,NO_CANONICAL_BOARD_PERMISSION,NO_PICK_PERMISSION,NO_STAKE_PERMISSION,NO,NO
2026-08-23,2026-08-23T08:57:17+01:00,API_OOS_00028,SCORE_BUCKET|SCORE_90_PLUS|OVER_1_5|FUTURE_RULE_REVIEW_ONLY|RULE_CANDIDATE_TOTAL_MARKET,2026-06-20,OUT_OF_SAMPLE,API_SHADOW_00028,API_CAL_RULE_0068,1547770,Independ. Rivadavia,Fluminense,CONMEBOL Libertadores,World,FINISHED_RESULT,1,1,Independ. Rivadavia,HOME,100,HIGH_SIGNAL_REVIEW,P1_MANUAL_REVIEW,SCORE_BUCKET,SCORE_90_PLUS,OVER_1_5,FUTURE_RULE_REVIEW_ONLY,RULE_CANDIDATE_TOTAL_MARKET,YES_REVIEW_ONLY,HIT,SHADOW_EVALUATED,HIT,EVALUATED,Out-of-sample tracker only. Same first_seen_date rows are bootstrap/in-sample and cannot validate future promotion.,SHADOW_ONLY,NO_RULE_ACTIVATION_PERMISSION,NO_CANONICAL_BOARD_PERMISSION,NO_PICK_PERMISSION,NO_STAKE_PERMISSION,NO,NO
2026-08-23,2026-08-23T08:57:17+01:00,API_OOS_00029,SCORE_BUCKET|SCORE_90_PLUS|UNDER_3_5|FUTURE_RULE_REVIEW_ONLY|RULE_CANDIDATE_TOTAL_MARKET,2026-06-20,OUT_OF_SAMPLE,API_SHADOW_00029,API_CAL_RULE_0070,1622621,Fenerbahçe,Lyon,UEFA Champions League,World,FINISHED_RESULT,1,1,Fenerbahçe,HOME,92,HIGH_SIGNAL_REVIEW,P1_MANUAL_REVIEW,SCORE_BUCKET,SCORE_90_PLUS,UNDER_3_5,FUTURE_RULE_REVIEW_ONLY,RULE_CANDIDATE_TOTAL_MARKET,YES_REVIEW_ONLY,HIT,SHADOW_EVALUATED,HIT,EVALUATED,Out-of-sample tracker only. Same first_seen_date rows are bootstrap/in-sample and cannot validate future promotion.,SHADOW_ONLY,NO_RULE_ACTIVATION_PERMISSION,NO_CANONICAL_BOARD_PERMISSION,NO_PICK_PERMISSION,NO_STAKE_PERMISSION,NO,NO
2026-08-23,2026-08-23T08:57:17+01:00,API_OOS_00030,SCORE_BUCKET|SCORE_90_PLUS|UNDER_3_5|FUTURE_RULE_REVIEW_ONLY|RULE_CANDIDATE_TOTAL_MARKET,2026-06-20,OUT_OF_SAMPLE,API_SHADOW_00030,API_CAL_RULE_0070,1547770,Independ. Rivadavia,Fluminense,CONMEBOL Libertadores,World,FINISHED_RESULT,1,1,Independ. Rivadavia,HOME,100,HIGH_SIGNAL_REVIEW,P1_MANUAL_REVIEW,SCORE_BUCKET,SCORE_90_PLUS,UNDER_3_5,FUTURE_RULE_REVIEW_ONLY,RULE_CANDIDATE_TOTAL_MARKET,YES_REVIEW_ONLY,HIT,SHADOW_EVALUATED,HIT,EVALUATED,Out-of-sample tracker only. Same first_seen_date rows are bootstrap/in-sample and cannot validate future promotion.,SHADOW_ONLY,NO_RULE_ACTIVATION_PERMISSION,NO_CANONICAL_BOARD_PERMISSION,NO_PICK_PERMISSION,NO_STAKE_PERMISSION,NO,NO
2026-08-23,2026-08-23T08:57:17+01:00,API_OOS_00031,SIGNAL_BAND|HIGH_SIGNAL_REVIEW|API_DNB|FUTURE_RULE_REVIEW_ONLY|RULE_CANDIDATE_PROTECTED_MARKET,2026-06-18,OUT_OF_SAMPLE,API_SHADOW_00031,API_CAL_RULE_0072,1622621,Fenerbahçe,Lyon,UEFA Champions League,World,FINISHED_RESULT,1,1,Fenerbahçe,HOME,92,HIGH_SIGNAL_REVIEW,P1_MANUAL_REVIEW,SIGNAL_BAND,HIGH_SIGNAL_REVIEW,API_DNB,FUTURE_RULE_REVIEW_ONLY,RULE_CANDIDATE_PROTECTED_MARKET,YES_REVIEW_ONLY,VOID,SHADOW_EVALUATED,VOID,EVALUATED,Out-of-sample tracker only. Same first_seen_date rows are bootstrap/in-sample and cannot validate future promotion.,SHADOW_ONLY,NO_RULE_ACTIVATION_PERMISSION,NO_CANONICAL_BOARD_PERMISSION,NO_PICK_PERMISSION,NO_STAKE_PERMISSION,NO,NO
2026-08-23,2026-08-23T08:57:17+01:00,API_OOS_00032,SIGNAL_BAND|HIGH_SIGNAL_REVIEW|API_DNB|FUTURE_RULE_REVIEW_ONLY|RULE_CANDIDATE_PROTECTED_MARKET,2026-06-18,OUT_OF_SAMPLE,API_SHADOW_00032,API_CAL_RULE_0072,1547770,Independ. Rivadavia,Fluminense,CONMEBOL Libertadores,World,FINISHED_RESULT,1,1,Independ. Rivadavia,HOME,100,HIGH_SIGNAL_REVIEW,P1_MANUAL_REVIEW,SIGNAL_BAND,HIGH_SIGNAL_REVIEW,API_DNB,FUTURE_RULE_REVIEW_ONLY,RULE_CANDIDATE_PROTECTED_MARKET,YES_REVIEW_ONLY,VOID,SHADOW_EVALUATED,VOID,EVALUATED,Out-of-sample tracker only. Same first_seen_date rows are bootstrap/in-sample and cannot validate future promotion.,SHADOW_ONLY,NO_RULE_ACTIVATION_PERMISSION,NO_CANONICAL_BOARD_PERMISSION,NO_PICK_PERMISSION,NO_STAKE_PERMISSION,NO,NO
2026-08-23,2026-08-23T08:57:17+01:00,API_OOS_00033,SIGNAL_BAND|HIGH_SIGNAL_REVIEW|API_DOUBLE_CHANCE|FUTURE_RULE_REVIEW_ONLY|RULE_CANDIDATE_PROTECTED_MARKET,2026-06-18,OUT_OF_SAMPLE,API_SHADOW_00033,API_CAL_RULE_0073,1622621,Fenerbahçe,Lyon,UEFA Champions League,World,FINISHED_RESULT,1,1,Fenerbahçe,HOME,92,HIGH_SIGNAL_REVIEW,P1_MANUAL_REVIEW,SIGNAL_BAND,HIGH_SIGNAL_REVIEW,API_DOUBLE_CHANCE,FUTURE_RULE_REVIEW_ONLY,RULE_CANDIDATE_PROTECTED_MARKET,YES_REVIEW_ONLY,HIT,SHADOW_EVALUATED,HIT,EVALUATED,Out-of-sample tracker only. Same first_seen_date rows are bootstrap/in-sample and cannot validate future promotion.,SHADOW_ONLY,NO_RULE_ACTIVATION_PERMISSION,NO_CANONICAL_BOARD_PERMISSION,NO_PICK_PERMISSION,NO_STAKE_PERMISSION,NO,NO
2026-08-23,2026-08-23T08:57:17+01:00,API_OOS_00034,SIGNAL_BAND|HIGH_SIGNAL_REVIEW|API_DOUBLE_CHANCE|FUTURE_RULE_REVIEW_ONLY|RULE_CANDIDATE_PROTECTED_MARKET,2026-06-18,OUT_OF_SAMPLE,API_SHADOW_00034,API_CAL_RULE_0073,1547770,Independ. Rivadavia,Fluminense,CONMEBOL Libertadores,World,FINISHED_RESULT,1,1,Independ. Rivadavia,HOME,100,HIGH_SIGNAL_REVIEW,P1_MANUAL_REVIEW,SIGNAL_BAND,HIGH_SIGNAL_REVIEW,API_DOUBLE_CHANCE,FUTURE_RULE_REVIEW_ONLY,RULE_CANDIDATE_PROTECTED_MARKET,YES_REVIEW_ONLY,HIT,SHADOW_EVALUATED,HIT,EVALUATED,Out-of-sample tracker only. Same first_seen_date rows are bootstrap/in-sample and cannot validate future promotion.,SHADOW_ONLY,NO_RULE_ACTIVATION_PERMISSION,NO_CANONICAL_BOARD_PERMISSION,NO_PICK_PERMISSION,NO_STAKE_PERMISSION,NO,NO
2026-08-23,2026-08-23T08:57:17+01:00,API_OOS_00035,SIGNAL_BAND|HIGH_SIGNAL_REVIEW|OVER_1_5|FUTURE_RULE_REVIEW_ONLY|RULE_CANDIDATE_TOTAL_MARKET,2026-06-18,OUT_OF_SAMPLE,API_SHADOW_00035,API_CAL_RULE_0075,1622621,Fenerbahçe,Lyon,UEFA Champions League,World,FINISHED_RESULT,1,1,Fenerbahçe,HOME,92,HIGH_SIGNAL_REVIEW,P1_MANUAL_REVIEW,SIGNAL_BAND,HIGH_SIGNAL_REVIEW,OVER_1_5,FUTURE_RULE_REVIEW_ONLY,RULE_CANDIDATE_TOTAL_MARKET,YES_REVIEW_ONLY,HIT,SHADOW_EVALUATED,HIT,EVALUATED,Out-of-sample tracker only. Same first_seen_date rows are bootstrap/in-sample and cannot validate future promotion.,SHADOW_ONLY,NO_RULE_ACTIVATION_PERMISSION,NO_CANONICAL_BOARD_PERMISSION,NO_PICK_PERMISSION,NO_STAKE_PERMISSION,NO,NO
2026-08-23,2026-08-23T08:57:17+01:00,API_OOS_00036,SIGNAL_BAND|HIGH_SIGNAL_REVIEW|OVER_1_5|FUTURE_RULE_REVIEW_ONLY|RULE_CANDIDATE_TOTAL_MARKET,2026-06-18,OUT_OF_SAMPLE,API_SHADOW_00036,API_CAL_RULE_0075,1547770,Independ. Rivadavia,Fluminense,CONMEBOL Libertadores,World,FINISHED_RESULT,1,1,Independ. Rivadavia,HOME,100,HIGH_SIGNAL_REVIEW,P1_MANUAL_REVIEW,SIGNAL_BAND,HIGH_SIGNAL_REVIEW,OVER_1_5,FUTURE_RULE_REVIEW_ONLY,RULE_CANDIDATE_TOTAL_MARKET,YES_REVIEW_ONLY,HIT,SHADOW_EVALUATED,HIT,EVALUATED,Out-of-sample tracker only. Same first_seen_date rows are bootstrap/in-sample and cannot validate future promotion.,SHADOW_ONLY,NO_RULE_ACTIVATION_PERMISSION,NO_CANONICAL_BOARD_PERMISSION,NO_PICK_PERMISSION,NO_STAKE_PERMISSION,NO,NO
2026-08-23,2026-08-23T08:57:17+01:00,API_OOS_00037,SIGNAL_BAND|HIGH_SIGNAL_REVIEW|UNDER_3_5|FUTURE_RULE_REVIEW_ONLY|RULE_CANDIDATE_TOTAL_MARKET,2026-06-18,OUT_OF_SAMPLE,API_SHADOW_00037,API_CAL_RULE_0077,1622621,Fenerbahçe,Lyon,UEFA Champions League,World,FINISHED_RESULT,1,1,Fenerbahçe,HOME,92,HIGH_SIGNAL_REVIEW,P1_MANUAL_REVIEW,SIGNAL_BAND,HIGH_SIGNAL_REVIEW,UNDER_3_5,FUTURE_RULE_REVIEW_ONLY,RULE_CANDIDATE_TOTAL_MARKET,YES_REVIEW_ONLY,HIT,SHADOW_EVALUATED,HIT,EVALUATED,Out-of-sample tracker only. Same first_seen_date rows are bootstrap/in-sample and cannot validate future promotion.,SHADOW_ONLY,NO_RULE_ACTIVATION_PERMISSION,NO_CANONICAL_BOARD_PERMISSION,NO_PICK_PERMISSION,NO_STAKE_PERMISSION,NO,NO
2026-08-23,2026-08-23T08:57:17+01:00,API_OOS_00038,SIGNAL_BAND|HIGH_SIGNAL_REVIEW|UNDER_3_5|FUTURE_RULE_REVIEW_ONLY|RULE_CANDIDATE_TOTAL_MARKET,2026-06-18,OUT_OF_SAMPLE,API_SHADOW_00038,API_CAL_RULE_0077,1547770,Independ. Rivadavia,Fluminense,CONMEBOL Libertadores,World,FINISHED_RESULT,1,1,Independ. Rivadavia,HOME,100,HIGH_SIGNAL_REVIEW,P1_MANUAL_REVIEW,SIGNAL_BAND,HIGH_SIGNAL_REVIEW,UNDER_3_5,FUTURE_RULE_REVIEW_ONLY,RULE_CANDIDATE_TOTAL_MARKET,YES_REVIEW_ONLY,HIT,SHADOW_EVALUATED,HIT,EVALUATED,Out-of-sample tracker only. Same first_seen_date rows are bootstrap/in-sample and cannot validate future promotion.,SHADOW_ONLY,NO_RULE_ACTIVATION_PERMISSION,NO_CANONICAL_BOARD_PERMISSION,NO_PICK_PERMISSION,NO_STAKE_PERMISSION,NO,NO
