target_date,generated_at,group_type,group_value,market,sample_rows,evaluated_rows,hit_rows,miss_rows,void_rows,pending_rows,not_evaluated_rows,hit_rate_pct,hit_or_void_rate_pct,miss_rate_pct,calibration_status,sample_warning,recommended_use,canonical_board_permission,pick_permission,stake_permission,auto_apply,production_change
2026-08-25,2026-08-25T09:07:28+01:00,ALL,ALL,API_1X2,711,356,183,173,0,354,1,51.4,51.4,48.6,CALIBRATION_NEUTRAL,SAMPLE_OK_100_PLUS,REVIEW_ONLY_NO_PROMOTION,NO_CANONICAL_BOARD_PERMISSION,NO_PICK_PERMISSION,NO_STAKE_PERMISSION,NO,NO
2026-08-25,2026-08-25T09:07:28+01:00,ALL,ALL,API_DNB,711,356,183,78,95,354,1,51.4,78.1,21.9,CALIBRATION_STRONG_PROTECTED_MARKET,SAMPLE_OK_100_PLUS,CANDIDATE_FOR_FUTURE_RULE_REVIEW_ONLY,NO_CANONICAL_BOARD_PERMISSION,NO_PICK_PERMISSION,NO_STAKE_PERMISSION,NO,NO
2026-08-25,2026-08-25T09:07:28+01:00,ALL,ALL,API_DOUBLE_CHANCE,711,356,278,78,0,354,1,78.1,78.1,21.9,CALIBRATION_STRONG_OBSERVED_EDGE,SAMPLE_OK_100_PLUS,CANDIDATE_FOR_FUTURE_RULE_REVIEW_ONLY,NO_CANONICAL_BOARD_PERMISSION,NO_PICK_PERMISSION,NO_STAKE_PERMISSION,NO,NO
2026-08-25,2026-08-25T09:07:28+01:00,ALL,ALL,BTTS_YES,711,357,204,153,0,354,0,57.1,57.1,42.9,CALIBRATION_NEUTRAL,SAMPLE_OK_100_PLUS,REVIEW_ONLY_NO_PROMOTION,NO_CANONICAL_BOARD_PERMISSION,NO_PICK_PERMISSION,NO_STAKE_PERMISSION,NO,NO
2026-08-25,2026-08-25T09:07:28+01:00,ALL,ALL,OVER_1_5,711,357,275,82,0,354,0,77.0,77.0,23.0,CALIBRATION_STRONG_OBSERVED_EDGE,SAMPLE_OK_100_PLUS,CANDIDATE_FOR_FUTURE_RULE_REVIEW_ONLY,NO_CANONICAL_BOARD_PERMISSION,NO_PICK_PERMISSION,NO_STAKE_PERMISSION,NO,NO
2026-08-25,2026-08-25T09:07:28+01:00,ALL,ALL,OVER_2_5,711,357,182,175,0,354,0,51.0,51.0,49.0,CALIBRATION_NEUTRAL,SAMPLE_OK_100_PLUS,REVIEW_ONLY_NO_PROMOTION,NO_CANONICAL_BOARD_PERMISSION,NO_PICK_PERMISSION,NO_STAKE_PERMISSION,NO,NO
2026-08-25,2026-08-25T09:07:28+01:00,ALL,ALL,UNDER_3_5,711,357,241,116,0,354,0,67.5,67.5,32.5,CALIBRATION_MEDIUM_OBSERVED_EDGE,SAMPLE_OK_100_PLUS,WATCHLIST_FOR_FUTURE_RULE_REVIEW_ONLY,NO_CANONICAL_BOARD_PERMISSION,NO_PICK_PERMISSION,NO_STAKE_PERMISSION,NO,NO
2026-08-25,2026-08-25T09:07:28+01:00,PREDICTED_SIDE,AWAY,API_1X2,334,177,88,89,0,157,0,49.7,49.7,50.3,CALIBRATION_WEAK_OR_NEGATIVE,SAMPLE_OK_100_PLUS,DO_NOT_PROMOTE_FROM_THIS_BUCKET,NO_CANONICAL_BOARD_PERMISSION,NO_PICK_PERMISSION,NO_STAKE_PERMISSION,NO,NO
2026-08-25,2026-08-25T09:07:28+01:00,PREDICTED_SIDE,AWAY,API_DNB,334,177,88,39,50,157,0,49.7,78.0,22.0,CALIBRATION_STRONG_PROTECTED_MARKET,SAMPLE_OK_100_PLUS,CANDIDATE_FOR_FUTURE_RULE_REVIEW_ONLY,NO_CANONICAL_BOARD_PERMISSION,NO_PICK_PERMISSION,NO_STAKE_PERMISSION,NO,NO
2026-08-25,2026-08-25T09:07:28+01:00,PREDICTED_SIDE,AWAY,API_DOUBLE_CHANCE,334,177,138,39,0,157,0,78.0,78.0,22.0,CALIBRATION_STRONG_OBSERVED_EDGE,SAMPLE_OK_100_PLUS,CANDIDATE_FOR_FUTURE_RULE_REVIEW_ONLY,NO_CANONICAL_BOARD_PERMISSION,NO_PICK_PERMISSION,NO_STAKE_PERMISSION,NO,NO
2026-08-25,2026-08-25T09:07:28+01:00,PREDICTED_SIDE,AWAY,BTTS_YES,334,177,113,64,0,157,0,63.8,63.8,36.2,CALIBRATION_NEUTRAL,SAMPLE_OK_100_PLUS,REVIEW_ONLY_NO_PROMOTION,NO_CANONICAL_BOARD_PERMISSION,NO_PICK_PERMISSION,NO_STAKE_PERMISSION,NO,NO
2026-08-25,2026-08-25T09:07:28+01:00,PREDICTED_SIDE,AWAY,OVER_1_5,334,177,144,33,0,157,0,81.4,81.4,18.6,CALIBRATION_STRONG_OBSERVED_EDGE,SAMPLE_OK_100_PLUS,CANDIDATE_FOR_FUTURE_RULE_REVIEW_ONLY,NO_CANONICAL_BOARD_PERMISSION,NO_PICK_PERMISSION,NO_STAKE_PERMISSION,NO,NO
2026-08-25,2026-08-25T09:07:28+01:00,PREDICTED_SIDE,AWAY,OVER_2_5,334,177,102,75,0,157,0,57.6,57.6,42.4,CALIBRATION_NEUTRAL,SAMPLE_OK_100_PLUS,REVIEW_ONLY_NO_PROMOTION,NO_CANONICAL_BOARD_PERMISSION,NO_PICK_PERMISSION,NO_STAKE_PERMISSION,NO,NO
2026-08-25,2026-08-25T09:07:28+01:00,PREDICTED_SIDE,AWAY,UNDER_3_5,334,177,112,65,0,157,0,63.3,63.3,36.7,CALIBRATION_NEUTRAL,SAMPLE_OK_100_PLUS,REVIEW_ONLY_NO_PROMOTION,NO_CANONICAL_BOARD_PERMISSION,NO_PICK_PERMISSION,NO_STAKE_PERMISSION,NO,NO
2026-08-25,2026-08-25T09:07:28+01:00,PREDICTED_SIDE,HOME,API_1X2,376,179,95,84,0,197,0,53.1,53.1,46.9,CALIBRATION_NEUTRAL,SAMPLE_OK_100_PLUS,REVIEW_ONLY_NO_PROMOTION,NO_CANONICAL_BOARD_PERMISSION,NO_PICK_PERMISSION,NO_STAKE_PERMISSION,NO,NO
2026-08-25,2026-08-25T09:07:28+01:00,PREDICTED_SIDE,HOME,API_DNB,376,179,95,39,45,197,0,53.1,78.2,21.8,CALIBRATION_STRONG_PROTECTED_MARKET,SAMPLE_OK_100_PLUS,CANDIDATE_FOR_FUTURE_RULE_REVIEW_ONLY,NO_CANONICAL_BOARD_PERMISSION,NO_PICK_PERMISSION,NO_STAKE_PERMISSION,NO,NO
2026-08-25,2026-08-25T09:07:28+01:00,PREDICTED_SIDE,HOME,API_DOUBLE_CHANCE,376,179,140,39,0,197,0,78.2,78.2,21.8,CALIBRATION_STRONG_OBSERVED_EDGE,SAMPLE_OK_100_PLUS,CANDIDATE_FOR_FUTURE_RULE_REVIEW_ONLY,NO_CANONICAL_BOARD_PERMISSION,NO_PICK_PERMISSION,NO_STAKE_PERMISSION,NO,NO
2026-08-25,2026-08-25T09:07:28+01:00,PREDICTED_SIDE,HOME,BTTS_YES,376,179,91,88,0,197,0,50.8,50.8,49.2,CALIBRATION_NEUTRAL,SAMPLE_OK_100_PLUS,REVIEW_ONLY_NO_PROMOTION,NO_CANONICAL_BOARD_PERMISSION,NO_PICK_PERMISSION,NO_STAKE_PERMISSION,NO,NO
2026-08-25,2026-08-25T09:07:28+01:00,PREDICTED_SIDE,HOME,OVER_1_5,376,179,131,48,0,197,0,73.2,73.2,26.8,CALIBRATION_MEDIUM_OBSERVED_EDGE,SAMPLE_OK_100_PLUS,WATCHLIST_FOR_FUTURE_RULE_REVIEW_ONLY,NO_CANONICAL_BOARD_PERMISSION,NO_PICK_PERMISSION,NO_STAKE_PERMISSION,NO,NO
2026-08-25,2026-08-25T09:07:28+01:00,PREDICTED_SIDE,HOME,OVER_2_5,376,179,80,99,0,197,0,44.7,44.7,55.3,CALIBRATION_WEAK_OR_NEGATIVE,SAMPLE_OK_100_PLUS,DO_NOT_PROMOTE_FROM_THIS_BUCKET,NO_CANONICAL_BOARD_PERMISSION,NO_PICK_PERMISSION,NO_STAKE_PERMISSION,NO,NO
2026-08-25,2026-08-25T09:07:28+01:00,PREDICTED_SIDE,HOME,UNDER_3_5,376,179,128,51,0,197,0,71.5,71.5,28.5,CALIBRATION_MEDIUM_OBSERVED_EDGE,SAMPLE_OK_100_PLUS,WATCHLIST_FOR_FUTURE_RULE_REVIEW_ONLY,NO_CANONICAL_BOARD_PERMISSION,NO_PICK_PERMISSION,NO_STAKE_PERMISSION,NO,NO
2026-08-25,2026-08-25T09:07:28+01:00,PREDICTED_SIDE,UNKNOWN,API_1X2,1,0,0,0,0,0,1,,,,CALIBRATION_OBSERVE_ONLY,INSUFFICIENT_SAMPLE_UNDER_20,REVIEW_ONLY_COLLECT_MORE_SAMPLE,NO_CANONICAL_BOARD_PERMISSION,NO_PICK_PERMISSION,NO_STAKE_PERMISSION,NO,NO
2026-08-25,2026-08-25T09:07:28+01:00,PREDICTED_SIDE,UNKNOWN,API_DNB,1,0,0,0,0,0,1,,,,CALIBRATION_OBSERVE_ONLY,INSUFFICIENT_SAMPLE_UNDER_20,REVIEW_ONLY_COLLECT_MORE_SAMPLE,NO_CANONICAL_BOARD_PERMISSION,NO_PICK_PERMISSION,NO_STAKE_PERMISSION,NO,NO
2026-08-25,2026-08-25T09:07:28+01:00,PREDICTED_SIDE,UNKNOWN,API_DOUBLE_CHANCE,1,0,0,0,0,0,1,,,,CALIBRATION_OBSERVE_ONLY,INSUFFICIENT_SAMPLE_UNDER_20,REVIEW_ONLY_COLLECT_MORE_SAMPLE,NO_CANONICAL_BOARD_PERMISSION,NO_PICK_PERMISSION,NO_STAKE_PERMISSION,NO,NO
2026-08-25,2026-08-25T09:07:28+01:00,PREDICTED_SIDE,UNKNOWN,BTTS_YES,1,1,0,1,0,0,0,0.0,0.0,100.0,CALIBRATION_OBSERVE_ONLY,INSUFFICIENT_SAMPLE_UNDER_20,REVIEW_ONLY_COLLECT_MORE_SAMPLE,NO_CANONICAL_BOARD_PERMISSION,NO_PICK_PERMISSION,NO_STAKE_PERMISSION,NO,NO
2026-08-25,2026-08-25T09:07:28+01:00,PREDICTED_SIDE,UNKNOWN,OVER_1_5,1,1,0,1,0,0,0,0.0,0.0,100.0,CALIBRATION_OBSERVE_ONLY,INSUFFICIENT_SAMPLE_UNDER_20,REVIEW_ONLY_COLLECT_MORE_SAMPLE,NO_CANONICAL_BOARD_PERMISSION,NO_PICK_PERMISSION,NO_STAKE_PERMISSION,NO,NO
2026-08-25,2026-08-25T09:07:28+01:00,PREDICTED_SIDE,UNKNOWN,OVER_2_5,1,1,0,1,0,0,0,0.0,0.0,100.0,CALIBRATION_OBSERVE_ONLY,INSUFFICIENT_SAMPLE_UNDER_20,REVIEW_ONLY_COLLECT_MORE_SAMPLE,NO_CANONICAL_BOARD_PERMISSION,NO_PICK_PERMISSION,NO_STAKE_PERMISSION,NO,NO
2026-08-25,2026-08-25T09:07:28+01:00,PREDICTED_SIDE,UNKNOWN,UNDER_3_5,1,1,1,0,0,0,0,100.0,100.0,0.0,CALIBRATION_OBSERVE_ONLY,INSUFFICIENT_SAMPLE_UNDER_20,REVIEW_ONLY_COLLECT_MORE_SAMPLE,NO_CANONICAL_BOARD_PERMISSION,NO_PICK_PERMISSION,NO_STAKE_PERMISSION,NO,NO
2026-08-25,2026-08-25T09:07:28+01:00,REVIEW_PRIORITY,P1_MANUAL_REVIEW,API_1X2,351,180,91,89,0,170,1,50.6,50.6,49.4,CALIBRATION_NEUTRAL,SAMPLE_OK_100_PLUS,REVIEW_ONLY_NO_PROMOTION,NO_CANONICAL_BOARD_PERMISSION,NO_PICK_PERMISSION,NO_STAKE_PERMISSION,NO,NO
2026-08-25,2026-08-25T09:07:28+01:00,REVIEW_PRIORITY,P1_MANUAL_REVIEW,API_DNB,351,180,91,33,56,170,1,50.6,81.7,18.3,CALIBRATION_STRONG_PROTECTED_MARKET,SAMPLE_OK_100_PLUS,CANDIDATE_FOR_FUTURE_RULE_REVIEW_ONLY,NO_CANONICAL_BOARD_PERMISSION,NO_PICK_PERMISSION,NO_STAKE_PERMISSION,NO,NO
2026-08-25,2026-08-25T09:07:28+01:00,REVIEW_PRIORITY,P1_MANUAL_REVIEW,API_DOUBLE_CHANCE,351,180,147,33,0,170,1,81.7,81.7,18.3,CALIBRATION_STRONG_OBSERVED_EDGE,SAMPLE_OK_100_PLUS,CANDIDATE_FOR_FUTURE_RULE_REVIEW_ONLY,NO_CANONICAL_BOARD_PERMISSION,NO_PICK_PERMISSION,NO_STAKE_PERMISSION,NO,NO
2026-08-25,2026-08-25T09:07:28+01:00,REVIEW_PRIORITY,P1_MANUAL_REVIEW,BTTS_YES,351,181,103,78,0,170,0,56.9,56.9,43.1,CALIBRATION_NEUTRAL,SAMPLE_OK_100_PLUS,REVIEW_ONLY_NO_PROMOTION,NO_CANONICAL_BOARD_PERMISSION,NO_PICK_PERMISSION,NO_STAKE_PERMISSION,NO,NO
2026-08-25,2026-08-25T09:07:28+01:00,REVIEW_PRIORITY,P1_MANUAL_REVIEW,OVER_1_5,351,181,139,42,0,170,0,76.8,76.8,23.2,CALIBRATION_STRONG_OBSERVED_EDGE,SAMPLE_OK_100_PLUS,CANDIDATE_FOR_FUTURE_RULE_REVIEW_ONLY,NO_CANONICAL_BOARD_PERMISSION,NO_PICK_PERMISSION,NO_STAKE_PERMISSION,NO,NO
2026-08-25,2026-08-25T09:07:28+01:00,REVIEW_PRIORITY,P1_MANUAL_REVIEW,OVER_2_5,351,181,81,100,0,170,0,44.8,44.8,55.2,CALIBRATION_WEAK_OR_NEGATIVE,SAMPLE_OK_100_PLUS,DO_NOT_PROMOTE_FROM_THIS_BUCKET,NO_CANONICAL_BOARD_PERMISSION,NO_PICK_PERMISSION,NO_STAKE_PERMISSION,NO,NO
2026-08-25,2026-08-25T09:07:28+01:00,REVIEW_PRIORITY,P1_MANUAL_REVIEW,UNDER_3_5,351,181,132,49,0,170,0,72.9,72.9,27.1,CALIBRATION_MEDIUM_OBSERVED_EDGE,SAMPLE_OK_100_PLUS,WATCHLIST_FOR_FUTURE_RULE_REVIEW_ONLY,NO_CANONICAL_BOARD_PERMISSION,NO_PICK_PERMISSION,NO_STAKE_PERMISSION,NO,NO
2026-08-25,2026-08-25T09:07:28+01:00,REVIEW_PRIORITY,P2_MANUAL_REVIEW,API_1X2,360,176,92,84,0,184,0,52.3,52.3,47.7,CALIBRATION_NEUTRAL,SAMPLE_OK_100_PLUS,REVIEW_ONLY_NO_PROMOTION,NO_CANONICAL_BOARD_PERMISSION,NO_PICK_PERMISSION,NO_STAKE_PERMISSION,NO,NO
2026-08-25,2026-08-25T09:07:28+01:00,REVIEW_PRIORITY,P2_MANUAL_REVIEW,API_DNB,360,176,92,45,39,184,0,52.3,74.4,25.6,CALIBRATION_MEDIUM_PROTECTED_MARKET,SAMPLE_OK_100_PLUS,WATCHLIST_FOR_FUTURE_RULE_REVIEW_ONLY,NO_CANONICAL_BOARD_PERMISSION,NO_PICK_PERMISSION,NO_STAKE_PERMISSION,NO,NO
2026-08-25,2026-08-25T09:07:28+01:00,REVIEW_PRIORITY,P2_MANUAL_REVIEW,API_DOUBLE_CHANCE,360,176,131,45,0,184,0,74.4,74.4,25.6,CALIBRATION_MEDIUM_OBSERVED_EDGE,SAMPLE_OK_100_PLUS,WATCHLIST_FOR_FUTURE_RULE_REVIEW_ONLY,NO_CANONICAL_BOARD_PERMISSION,NO_PICK_PERMISSION,NO_STAKE_PERMISSION,NO,NO
2026-08-25,2026-08-25T09:07:28+01:00,REVIEW_PRIORITY,P2_MANUAL_REVIEW,BTTS_YES,360,176,101,75,0,184,0,57.4,57.4,42.6,CALIBRATION_NEUTRAL,SAMPLE_OK_100_PLUS,REVIEW_ONLY_NO_PROMOTION,NO_CANONICAL_BOARD_PERMISSION,NO_PICK_PERMISSION,NO_STAKE_PERMISSION,NO,NO
2026-08-25,2026-08-25T09:07:28+01:00,REVIEW_PRIORITY,P2_MANUAL_REVIEW,OVER_1_5,360,176,136,40,0,184,0,77.3,77.3,22.7,CALIBRATION_STRONG_OBSERVED_EDGE,SAMPLE_OK_100_PLUS,CANDIDATE_FOR_FUTURE_RULE_REVIEW_ONLY,NO_CANONICAL_BOARD_PERMISSION,NO_PICK_PERMISSION,NO_STAKE_PERMISSION,NO,NO
2026-08-25,2026-08-25T09:07:28+01:00,REVIEW_PRIORITY,P2_MANUAL_REVIEW,OVER_2_5,360,176,101,75,0,184,0,57.4,57.4,42.6,CALIBRATION_NEUTRAL,SAMPLE_OK_100_PLUS,REVIEW_ONLY_NO_PROMOTION,NO_CANONICAL_BOARD_PERMISSION,NO_PICK_PERMISSION,NO_STAKE_PERMISSION,NO,NO
2026-08-25,2026-08-25T09:07:28+01:00,REVIEW_PRIORITY,P2_MANUAL_REVIEW,UNDER_3_5,360,176,109,67,0,184,0,61.9,61.9,38.1,CALIBRATION_NEUTRAL,SAMPLE_OK_100_PLUS,REVIEW_ONLY_NO_PROMOTION,NO_CANONICAL_BOARD_PERMISSION,NO_PICK_PERMISSION,NO_STAKE_PERMISSION,NO,NO
2026-08-25,2026-08-25T09:07:28+01:00,SCORE_BUCKET,SCORE_55_69,API_1X2,194,81,36,45,0,113,0,44.4,44.4,55.6,CALIBRATION_WEAK_OR_NEGATIVE,MEDIUM_SAMPLE_UNDER_100,DO_NOT_PROMOTE_FROM_THIS_BUCKET,NO_CANONICAL_BOARD_PERMISSION,NO_PICK_PERMISSION,NO_STAKE_PERMISSION,NO,NO
2026-08-25,2026-08-25T09:07:28+01:00,SCORE_BUCKET,SCORE_55_69,API_DNB,194,81,36,25,20,113,0,44.4,69.1,30.9,CALIBRATION_MEDIUM_PROTECTED_MARKET,MEDIUM_SAMPLE_UNDER_100,WATCHLIST_FOR_FUTURE_RULE_REVIEW_ONLY,NO_CANONICAL_BOARD_PERMISSION,NO_PICK_PERMISSION,NO_STAKE_PERMISSION,NO,NO
2026-08-25,2026-08-25T09:07:28+01:00,SCORE_BUCKET,SCORE_55_69,API_DOUBLE_CHANCE,194,81,56,25,0,113,0,69.1,69.1,30.9,CALIBRATION_MEDIUM_OBSERVED_EDGE,MEDIUM_SAMPLE_UNDER_100,WATCHLIST_FOR_FUTURE_RULE_REVIEW_ONLY,NO_CANONICAL_BOARD_PERMISSION,NO_PICK_PERMISSION,NO_STAKE_PERMISSION,NO,NO
2026-08-25,2026-08-25T09:07:28+01:00,SCORE_BUCKET,SCORE_55_69,BTTS_YES,194,81,48,33,0,113,0,59.3,59.3,40.7,CALIBRATION_NEUTRAL,MEDIUM_SAMPLE_UNDER_100,REVIEW_ONLY_NO_PROMOTION,NO_CANONICAL_BOARD_PERMISSION,NO_PICK_PERMISSION,NO_STAKE_PERMISSION,NO,NO
2026-08-25,2026-08-25T09:07:28+01:00,SCORE_BUCKET,SCORE_55_69,OVER_1_5,194,81,57,24,0,113,0,70.4,70.4,29.6,CALIBRATION_MEDIUM_OBSERVED_EDGE,MEDIUM_SAMPLE_UNDER_100,WATCHLIST_FOR_FUTURE_RULE_REVIEW_ONLY,NO_CANONICAL_BOARD_PERMISSION,NO_PICK_PERMISSION,NO_STAKE_PERMISSION,NO,NO
2026-08-25,2026-08-25T09:07:28+01:00,SCORE_BUCKET,SCORE_55_69,OVER_2_5,194,81,43,38,0,113,0,53.1,53.1,46.9,CALIBRATION_NEUTRAL,MEDIUM_SAMPLE_UNDER_100,REVIEW_ONLY_NO_PROMOTION,NO_CANONICAL_BOARD_PERMISSION,NO_PICK_PERMISSION,NO_STAKE_PERMISSION,NO,NO
2026-08-25,2026-08-25T09:07:28+01:00,SCORE_BUCKET,SCORE_55_69,UNDER_3_5,194,81,55,26,0,113,0,67.9,67.9,32.1,CALIBRATION_MEDIUM_OBSERVED_EDGE,MEDIUM_SAMPLE_UNDER_100,WATCHLIST_FOR_FUTURE_RULE_REVIEW_ONLY,NO_CANONICAL_BOARD_PERMISSION,NO_PICK_PERMISSION,NO_STAKE_PERMISSION,NO,NO
2026-08-25,2026-08-25T09:07:28+01:00,SCORE_BUCKET,SCORE_70_79,API_1X2,200,108,61,47,0,92,0,56.5,56.5,43.5,CALIBRATION_NEUTRAL,SAMPLE_OK_100_PLUS,REVIEW_ONLY_NO_PROMOTION,NO_CANONICAL_BOARD_PERMISSION,NO_PICK_PERMISSION,NO_STAKE_PERMISSION,NO,NO
2026-08-25,2026-08-25T09:07:28+01:00,SCORE_BUCKET,SCORE_70_79,API_DNB,200,108,61,25,22,92,0,56.5,76.9,23.1,CALIBRATION_STRONG_PROTECTED_MARKET,SAMPLE_OK_100_PLUS,CANDIDATE_FOR_FUTURE_RULE_REVIEW_ONLY,NO_CANONICAL_BOARD_PERMISSION,NO_PICK_PERMISSION,NO_STAKE_PERMISSION,NO,NO
2026-08-25,2026-08-25T09:07:28+01:00,SCORE_BUCKET,SCORE_70_79,API_DOUBLE_CHANCE,200,108,83,25,0,92,0,76.9,76.9,23.1,CALIBRATION_STRONG_OBSERVED_EDGE,SAMPLE_OK_100_PLUS,CANDIDATE_FOR_FUTURE_RULE_REVIEW_ONLY,NO_CANONICAL_BOARD_PERMISSION,NO_PICK_PERMISSION,NO_STAKE_PERMISSION,NO,NO
2026-08-25,2026-08-25T09:07:28+01:00,SCORE_BUCKET,SCORE_70_79,BTTS_YES,200,108,59,49,0,92,0,54.6,54.6,45.4,CALIBRATION_NEUTRAL,SAMPLE_OK_100_PLUS,REVIEW_ONLY_NO_PROMOTION,NO_CANONICAL_BOARD_PERMISSION,NO_PICK_PERMISSION,NO_STAKE_PERMISSION,NO,NO
2026-08-25,2026-08-25T09:07:28+01:00,SCORE_BUCKET,SCORE_70_79,OVER_1_5,200,108,87,21,0,92,0,80.6,80.6,19.4,CALIBRATION_STRONG_OBSERVED_EDGE,SAMPLE_OK_100_PLUS,CANDIDATE_FOR_FUTURE_RULE_REVIEW_ONLY,NO_CANONICAL_BOARD_PERMISSION,NO_PICK_PERMISSION,NO_STAKE_PERMISSION,NO,NO
2026-08-25,2026-08-25T09:07:28+01:00,SCORE_BUCKET,SCORE_70_79,OVER_2_5,200,108,65,43,0,92,0,60.2,60.2,39.8,CALIBRATION_NEUTRAL,SAMPLE_OK_100_PLUS,REVIEW_ONLY_NO_PROMOTION,NO_CANONICAL_BOARD_PERMISSION,NO_PICK_PERMISSION,NO_STAKE_PERMISSION,NO,NO
2026-08-25,2026-08-25T09:07:28+01:00,SCORE_BUCKET,SCORE_70_79,UNDER_3_5,200,108,61,47,0,92,0,56.5,56.5,43.5,CALIBRATION_NEUTRAL,SAMPLE_OK_100_PLUS,REVIEW_ONLY_NO_PROMOTION,NO_CANONICAL_BOARD_PERMISSION,NO_PICK_PERMISSION,NO_STAKE_PERMISSION,NO,NO
2026-08-25,2026-08-25T09:07:28+01:00,SCORE_BUCKET,SCORE_80_89,API_1X2,75,30,13,17,0,44,1,43.3,43.3,56.7,CALIBRATION_WEAK_OR_NEGATIVE,LOW_SAMPLE_UNDER_50,REVIEW_ONLY_COLLECT_MORE_SAMPLE,NO_CANONICAL_BOARD_PERMISSION,NO_PICK_PERMISSION,NO_STAKE_PERMISSION,NO,NO
2026-08-25,2026-08-25T09:07:28+01:00,SCORE_BUCKET,SCORE_80_89,API_DNB,75,30,13,11,6,44,1,43.3,63.3,36.7,CALIBRATION_WEAK_OR_NEGATIVE,LOW_SAMPLE_UNDER_50,REVIEW_ONLY_COLLECT_MORE_SAMPLE,NO_CANONICAL_BOARD_PERMISSION,NO_PICK_PERMISSION,NO_STAKE_PERMISSION,NO,NO
2026-08-25,2026-08-25T09:07:28+01:00,SCORE_BUCKET,SCORE_80_89,API_DOUBLE_CHANCE,75,30,19,11,0,44,1,63.3,63.3,36.7,CALIBRATION_NEUTRAL,LOW_SAMPLE_UNDER_50,REVIEW_ONLY_COLLECT_MORE_SAMPLE,NO_CANONICAL_BOARD_PERMISSION,NO_PICK_PERMISSION,NO_STAKE_PERMISSION,NO,NO
2026-08-25,2026-08-25T09:07:28+01:00,SCORE_BUCKET,SCORE_80_89,BTTS_YES,75,31,15,16,0,44,0,48.4,48.4,51.6,CALIBRATION_WEAK_OR_NEGATIVE,LOW_SAMPLE_UNDER_50,REVIEW_ONLY_COLLECT_MORE_SAMPLE,NO_CANONICAL_BOARD_PERMISSION,NO_PICK_PERMISSION,NO_STAKE_PERMISSION,NO,NO
2026-08-25,2026-08-25T09:07:28+01:00,SCORE_BUCKET,SCORE_80_89,OVER_1_5,75,31,20,11,0,44,0,64.5,64.5,35.5,CALIBRATION_NEUTRAL,LOW_SAMPLE_UNDER_50,REVIEW_ONLY_COLLECT_MORE_SAMPLE,NO_CANONICAL_BOARD_PERMISSION,NO_PICK_PERMISSION,NO_STAKE_PERMISSION,NO,NO
2026-08-25,2026-08-25T09:07:28+01:00,SCORE_BUCKET,SCORE_80_89,OVER_2_5,75,31,15,16,0,44,0,48.4,48.4,51.6,CALIBRATION_WEAK_OR_NEGATIVE,LOW_SAMPLE_UNDER_50,REVIEW_ONLY_COLLECT_MORE_SAMPLE,NO_CANONICAL_BOARD_PERMISSION,NO_PICK_PERMISSION,NO_STAKE_PERMISSION,NO,NO
2026-08-25,2026-08-25T09:07:28+01:00,SCORE_BUCKET,SCORE_80_89,UNDER_3_5,75,31,20,11,0,44,0,64.5,64.5,35.5,CALIBRATION_NEUTRAL,LOW_SAMPLE_UNDER_50,REVIEW_ONLY_COLLECT_MORE_SAMPLE,NO_CANONICAL_BOARD_PERMISSION,NO_PICK_PERMISSION,NO_STAKE_PERMISSION,NO,NO
2026-08-25,2026-08-25T09:07:28+01:00,SCORE_BUCKET,SCORE_90_PLUS,API_1X2,242,137,73,64,0,105,0,53.3,53.3,46.7,CALIBRATION_NEUTRAL,SAMPLE_OK_100_PLUS,REVIEW_ONLY_NO_PROMOTION,NO_CANONICAL_BOARD_PERMISSION,NO_PICK_PERMISSION,NO_STAKE_PERMISSION,NO,NO
2026-08-25,2026-08-25T09:07:28+01:00,SCORE_BUCKET,SCORE_90_PLUS,API_DNB,242,137,73,17,47,105,0,53.3,87.6,12.4,CALIBRATION_STRONG_PROTECTED_MARKET,SAMPLE_OK_100_PLUS,CANDIDATE_FOR_FUTURE_RULE_REVIEW_ONLY,NO_CANONICAL_BOARD_PERMISSION,NO_PICK_PERMISSION,NO_STAKE_PERMISSION,NO,NO
2026-08-25,2026-08-25T09:07:28+01:00,SCORE_BUCKET,SCORE_90_PLUS,API_DOUBLE_CHANCE,242,137,120,17,0,105,0,87.6,87.6,12.4,CALIBRATION_STRONG_OBSERVED_EDGE,SAMPLE_OK_100_PLUS,CANDIDATE_FOR_FUTURE_RULE_REVIEW_ONLY,NO_CANONICAL_BOARD_PERMISSION,NO_PICK_PERMISSION,NO_STAKE_PERMISSION,NO,NO
2026-08-25,2026-08-25T09:07:28+01:00,SCORE_BUCKET,SCORE_90_PLUS,BTTS_YES,242,137,82,55,0,105,0,59.9,59.9,40.1,CALIBRATION_NEUTRAL,SAMPLE_OK_100_PLUS,REVIEW_ONLY_NO_PROMOTION,NO_CANONICAL_BOARD_PERMISSION,NO_PICK_PERMISSION,NO_STAKE_PERMISSION,NO,NO
2026-08-25,2026-08-25T09:07:28+01:00,SCORE_BUCKET,SCORE_90_PLUS,OVER_1_5,242,137,111,26,0,105,0,81.0,81.0,19.0,CALIBRATION_STRONG_OBSERVED_EDGE,SAMPLE_OK_100_PLUS,CANDIDATE_FOR_FUTURE_RULE_REVIEW_ONLY,NO_CANONICAL_BOARD_PERMISSION,NO_PICK_PERMISSION,NO_STAKE_PERMISSION,NO,NO
2026-08-25,2026-08-25T09:07:28+01:00,SCORE_BUCKET,SCORE_90_PLUS,OVER_2_5,242,137,59,78,0,105,0,43.1,43.1,56.9,CALIBRATION_WEAK_OR_NEGATIVE,SAMPLE_OK_100_PLUS,DO_NOT_PROMOTE_FROM_THIS_BUCKET,NO_CANONICAL_BOARD_PERMISSION,NO_PICK_PERMISSION,NO_STAKE_PERMISSION,NO,NO
2026-08-25,2026-08-25T09:07:28+01:00,SCORE_BUCKET,SCORE_90_PLUS,UNDER_3_5,242,137,105,32,0,105,0,76.6,76.6,23.4,CALIBRATION_STRONG_OBSERVED_EDGE,SAMPLE_OK_100_PLUS,CANDIDATE_FOR_FUTURE_RULE_REVIEW_ONLY,NO_CANONICAL_BOARD_PERMISSION,NO_PICK_PERMISSION,NO_STAKE_PERMISSION,NO,NO
2026-08-25,2026-08-25T09:07:28+01:00,SIGNAL_BAND,HIGH_SIGNAL_REVIEW,API_1X2,351,180,91,89,0,170,1,50.6,50.6,49.4,CALIBRATION_NEUTRAL,SAMPLE_OK_100_PLUS,REVIEW_ONLY_NO_PROMOTION,NO_CANONICAL_BOARD_PERMISSION,NO_PICK_PERMISSION,NO_STAKE_PERMISSION,NO,NO
2026-08-25,2026-08-25T09:07:28+01:00,SIGNAL_BAND,HIGH_SIGNAL_REVIEW,API_DNB,351,180,91,33,56,170,1,50.6,81.7,18.3,CALIBRATION_STRONG_PROTECTED_MARKET,SAMPLE_OK_100_PLUS,CANDIDATE_FOR_FUTURE_RULE_REVIEW_ONLY,NO_CANONICAL_BOARD_PERMISSION,NO_PICK_PERMISSION,NO_STAKE_PERMISSION,NO,NO
2026-08-25,2026-08-25T09:07:28+01:00,SIGNAL_BAND,HIGH_SIGNAL_REVIEW,API_DOUBLE_CHANCE,351,180,147,33,0,170,1,81.7,81.7,18.3,CALIBRATION_STRONG_OBSERVED_EDGE,SAMPLE_OK_100_PLUS,CANDIDATE_FOR_FUTURE_RULE_REVIEW_ONLY,NO_CANONICAL_BOARD_PERMISSION,NO_PICK_PERMISSION,NO_STAKE_PERMISSION,NO,NO
2026-08-25,2026-08-25T09:07:28+01:00,SIGNAL_BAND,HIGH_SIGNAL_REVIEW,BTTS_YES,351,181,103,78,0,170,0,56.9,56.9,43.1,CALIBRATION_NEUTRAL,SAMPLE_OK_100_PLUS,REVIEW_ONLY_NO_PROMOTION,NO_CANONICAL_BOARD_PERMISSION,NO_PICK_PERMISSION,NO_STAKE_PERMISSION,NO,NO
2026-08-25,2026-08-25T09:07:28+01:00,SIGNAL_BAND,HIGH_SIGNAL_REVIEW,OVER_1_5,351,181,139,42,0,170,0,76.8,76.8,23.2,CALIBRATION_STRONG_OBSERVED_EDGE,SAMPLE_OK_100_PLUS,CANDIDATE_FOR_FUTURE_RULE_REVIEW_ONLY,NO_CANONICAL_BOARD_PERMISSION,NO_PICK_PERMISSION,NO_STAKE_PERMISSION,NO,NO
2026-08-25,2026-08-25T09:07:28+01:00,SIGNAL_BAND,HIGH_SIGNAL_REVIEW,OVER_2_5,351,181,81,100,0,170,0,44.8,44.8,55.2,CALIBRATION_WEAK_OR_NEGATIVE,SAMPLE_OK_100_PLUS,DO_NOT_PROMOTE_FROM_THIS_BUCKET,NO_CANONICAL_BOARD_PERMISSION,NO_PICK_PERMISSION,NO_STAKE_PERMISSION,NO,NO
2026-08-25,2026-08-25T09:07:28+01:00,SIGNAL_BAND,HIGH_SIGNAL_REVIEW,UNDER_3_5,351,181,132,49,0,170,0,72.9,72.9,27.1,CALIBRATION_MEDIUM_OBSERVED_EDGE,SAMPLE_OK_100_PLUS,WATCHLIST_FOR_FUTURE_RULE_REVIEW_ONLY,NO_CANONICAL_BOARD_PERMISSION,NO_PICK_PERMISSION,NO_STAKE_PERMISSION,NO,NO
2026-08-25,2026-08-25T09:07:28+01:00,SIGNAL_BAND,MEDIUM_SIGNAL_REVIEW,API_1X2,360,176,92,84,0,184,0,52.3,52.3,47.7,CALIBRATION_NEUTRAL,SAMPLE_OK_100_PLUS,REVIEW_ONLY_NO_PROMOTION,NO_CANONICAL_BOARD_PERMISSION,NO_PICK_PERMISSION,NO_STAKE_PERMISSION,NO,NO
2026-08-25,2026-08-25T09:07:28+01:00,SIGNAL_BAND,MEDIUM_SIGNAL_REVIEW,API_DNB,360,176,92,45,39,184,0,52.3,74.4,25.6,CALIBRATION_MEDIUM_PROTECTED_MARKET,SAMPLE_OK_100_PLUS,WATCHLIST_FOR_FUTURE_RULE_REVIEW_ONLY,NO_CANONICAL_BOARD_PERMISSION,NO_PICK_PERMISSION,NO_STAKE_PERMISSION,NO,NO
2026-08-25,2026-08-25T09:07:28+01:00,SIGNAL_BAND,MEDIUM_SIGNAL_REVIEW,API_DOUBLE_CHANCE,360,176,131,45,0,184,0,74.4,74.4,25.6,CALIBRATION_MEDIUM_OBSERVED_EDGE,SAMPLE_OK_100_PLUS,WATCHLIST_FOR_FUTURE_RULE_REVIEW_ONLY,NO_CANONICAL_BOARD_PERMISSION,NO_PICK_PERMISSION,NO_STAKE_PERMISSION,NO,NO
2026-08-25,2026-08-25T09:07:28+01:00,SIGNAL_BAND,MEDIUM_SIGNAL_REVIEW,BTTS_YES,360,176,101,75,0,184,0,57.4,57.4,42.6,CALIBRATION_NEUTRAL,SAMPLE_OK_100_PLUS,REVIEW_ONLY_NO_PROMOTION,NO_CANONICAL_BOARD_PERMISSION,NO_PICK_PERMISSION,NO_STAKE_PERMISSION,NO,NO
2026-08-25,2026-08-25T09:07:28+01:00,SIGNAL_BAND,MEDIUM_SIGNAL_REVIEW,OVER_1_5,360,176,136,40,0,184,0,77.3,77.3,22.7,CALIBRATION_STRONG_OBSERVED_EDGE,SAMPLE_OK_100_PLUS,CANDIDATE_FOR_FUTURE_RULE_REVIEW_ONLY,NO_CANONICAL_BOARD_PERMISSION,NO_PICK_PERMISSION,NO_STAKE_PERMISSION,NO,NO
2026-08-25,2026-08-25T09:07:28+01:00,SIGNAL_BAND,MEDIUM_SIGNAL_REVIEW,OVER_2_5,360,176,101,75,0,184,0,57.4,57.4,42.6,CALIBRATION_NEUTRAL,SAMPLE_OK_100_PLUS,REVIEW_ONLY_NO_PROMOTION,NO_CANONICAL_BOARD_PERMISSION,NO_PICK_PERMISSION,NO_STAKE_PERMISSION,NO,NO
2026-08-25,2026-08-25T09:07:28+01:00,SIGNAL_BAND,MEDIUM_SIGNAL_REVIEW,UNDER_3_5,360,176,109,67,0,184,0,61.9,61.9,38.1,CALIBRATION_NEUTRAL,SAMPLE_OK_100_PLUS,REVIEW_ONLY_NO_PROMOTION,NO_CANONICAL_BOARD_PERMISSION,NO_PICK_PERMISSION,NO_STAKE_PERMISSION,NO,NO
