target_date,generated_at,shadow_id,rule_id,fixture_id,home_team,away_team,league,country,result_status,home_goals,away_goals,prediction_winner,predicted_side,candidate_signal_score,candidate_signal_band,review_priority,rule_group_type,rule_group_value,rule_market,rule_decision,rule_bucket,future_rule_candidate,shadow_market_result,shadow_outcome,shadow_status,shadow_reason,paper_trade_permission,activation_permission,canonical_board_permission,pick_permission,stake_permission,auto_apply,production_change
2026-08-04,2026-08-04T11:11:12+01:00,API_SHADOW_00001,API_CAL_RULE_0002,1556628,Dundee Utd,Rangers,Premiership,Scotland,FINISHED_RESULT,1,1,Rangers,AWAY,100,HIGH_SIGNAL_REVIEW,P1_MANUAL_REVIEW,ALL,ALL,API_DNB,FUTURE_RULE_REVIEW_ONLY,RULE_CANDIDATE_PROTECTED_MARKET,YES_REVIEW_ONLY,VOID,VOID,SHADOW_EVALUATED,Paper-trading only. Candidate rule applied to historical/postmatch ledger row.,SHADOW_ONLY,NO_RULE_ACTIVATION_PERMISSION,NO_CANONICAL_BOARD_PERMISSION,NO_PICK_PERMISSION,NO_STAKE_PERMISSION,NO,NO
2026-08-04,2026-08-04T11:11:12+01:00,API_SHADOW_00002,API_CAL_RULE_0003,1556628,Dundee Utd,Rangers,Premiership,Scotland,FINISHED_RESULT,1,1,Rangers,AWAY,100,HIGH_SIGNAL_REVIEW,P1_MANUAL_REVIEW,ALL,ALL,API_DOUBLE_CHANCE,FUTURE_RULE_REVIEW_ONLY,RULE_CANDIDATE_PROTECTED_MARKET,YES_REVIEW_ONLY,HIT,HIT,SHADOW_EVALUATED,Paper-trading only. Candidate rule applied to historical/postmatch ledger row.,SHADOW_ONLY,NO_RULE_ACTIVATION_PERMISSION,NO_CANONICAL_BOARD_PERMISSION,NO_PICK_PERMISSION,NO_STAKE_PERMISSION,NO,NO
2026-08-04,2026-08-04T11:11:12+01:00,API_SHADOW_00003,API_CAL_RULE_0005,1556628,Dundee Utd,Rangers,Premiership,Scotland,FINISHED_RESULT,1,1,Rangers,AWAY,100,HIGH_SIGNAL_REVIEW,P1_MANUAL_REVIEW,ALL,ALL,OVER_1_5,FUTURE_RULE_REVIEW_ONLY,RULE_CANDIDATE_TOTAL_MARKET,YES_REVIEW_ONLY,HIT,HIT,SHADOW_EVALUATED,Paper-trading only. Candidate rule applied to historical/postmatch ledger row.,SHADOW_ONLY,NO_RULE_ACTIVATION_PERMISSION,NO_CANONICAL_BOARD_PERMISSION,NO_PICK_PERMISSION,NO_STAKE_PERMISSION,NO,NO
2026-08-04,2026-08-04T11:11:12+01:00,API_SHADOW_00004,API_CAL_RULE_0009,1556628,Dundee Utd,Rangers,Premiership,Scotland,FINISHED_RESULT,1,1,Rangers,AWAY,100,HIGH_SIGNAL_REVIEW,P1_MANUAL_REVIEW,PREDICTED_SIDE,AWAY,API_DNB,FUTURE_RULE_REVIEW_ONLY,RULE_CANDIDATE_PROTECTED_MARKET,YES_REVIEW_ONLY,VOID,VOID,SHADOW_EVALUATED,Paper-trading only. Candidate rule applied to historical/postmatch ledger row.,SHADOW_ONLY,NO_RULE_ACTIVATION_PERMISSION,NO_CANONICAL_BOARD_PERMISSION,NO_PICK_PERMISSION,NO_STAKE_PERMISSION,NO,NO
2026-08-04,2026-08-04T11:11:12+01:00,API_SHADOW_00005,API_CAL_RULE_0010,1556628,Dundee Utd,Rangers,Premiership,Scotland,FINISHED_RESULT,1,1,Rangers,AWAY,100,HIGH_SIGNAL_REVIEW,P1_MANUAL_REVIEW,PREDICTED_SIDE,AWAY,API_DOUBLE_CHANCE,FUTURE_RULE_REVIEW_ONLY,RULE_CANDIDATE_PROTECTED_MARKET,YES_REVIEW_ONLY,HIT,HIT,SHADOW_EVALUATED,Paper-trading only. Candidate rule applied to historical/postmatch ledger row.,SHADOW_ONLY,NO_RULE_ACTIVATION_PERMISSION,NO_CANONICAL_BOARD_PERMISSION,NO_PICK_PERMISSION,NO_STAKE_PERMISSION,NO,NO
2026-08-04,2026-08-04T11:11:12+01:00,API_SHADOW_00006,API_CAL_RULE_0012,1556628,Dundee Utd,Rangers,Premiership,Scotland,FINISHED_RESULT,1,1,Rangers,AWAY,100,HIGH_SIGNAL_REVIEW,P1_MANUAL_REVIEW,PREDICTED_SIDE,AWAY,OVER_1_5,FUTURE_RULE_REVIEW_ONLY,RULE_CANDIDATE_TOTAL_MARKET,YES_REVIEW_ONLY,HIT,HIT,SHADOW_EVALUATED,Paper-trading only. Candidate rule applied to historical/postmatch ledger row.,SHADOW_ONLY,NO_RULE_ACTIVATION_PERMISSION,NO_CANONICAL_BOARD_PERMISSION,NO_PICK_PERMISSION,NO_STAKE_PERMISSION,NO,NO
2026-08-04,2026-08-04T11:11:12+01:00,API_SHADOW_00007,API_CAL_RULE_0030,1556628,Dundee Utd,Rangers,Premiership,Scotland,FINISHED_RESULT,1,1,Rangers,AWAY,100,HIGH_SIGNAL_REVIEW,P1_MANUAL_REVIEW,REVIEW_PRIORITY,P1_MANUAL_REVIEW,API_DNB,FUTURE_RULE_REVIEW_ONLY,RULE_CANDIDATE_PROTECTED_MARKET,YES_REVIEW_ONLY,VOID,VOID,SHADOW_EVALUATED,Paper-trading only. Candidate rule applied to historical/postmatch ledger row.,SHADOW_ONLY,NO_RULE_ACTIVATION_PERMISSION,NO_CANONICAL_BOARD_PERMISSION,NO_PICK_PERMISSION,NO_STAKE_PERMISSION,NO,NO
2026-08-04,2026-08-04T11:11:12+01:00,API_SHADOW_00008,API_CAL_RULE_0031,1556628,Dundee Utd,Rangers,Premiership,Scotland,FINISHED_RESULT,1,1,Rangers,AWAY,100,HIGH_SIGNAL_REVIEW,P1_MANUAL_REVIEW,REVIEW_PRIORITY,P1_MANUAL_REVIEW,API_DOUBLE_CHANCE,FUTURE_RULE_REVIEW_ONLY,RULE_CANDIDATE_PROTECTED_MARKET,YES_REVIEW_ONLY,HIT,HIT,SHADOW_EVALUATED,Paper-trading only. Candidate rule applied to historical/postmatch ledger row.,SHADOW_ONLY,NO_RULE_ACTIVATION_PERMISSION,NO_CANONICAL_BOARD_PERMISSION,NO_PICK_PERMISSION,NO_STAKE_PERMISSION,NO,NO
2026-08-04,2026-08-04T11:11:12+01:00,API_SHADOW_00009,API_CAL_RULE_0033,1556628,Dundee Utd,Rangers,Premiership,Scotland,FINISHED_RESULT,1,1,Rangers,AWAY,100,HIGH_SIGNAL_REVIEW,P1_MANUAL_REVIEW,REVIEW_PRIORITY,P1_MANUAL_REVIEW,OVER_1_5,FUTURE_RULE_REVIEW_ONLY,RULE_CANDIDATE_TOTAL_MARKET,YES_REVIEW_ONLY,HIT,HIT,SHADOW_EVALUATED,Paper-trading only. Candidate rule applied to historical/postmatch ledger row.,SHADOW_ONLY,NO_RULE_ACTIVATION_PERMISSION,NO_CANONICAL_BOARD_PERMISSION,NO_PICK_PERMISSION,NO_STAKE_PERMISSION,NO,NO
2026-08-04,2026-08-04T11:11:12+01:00,API_SHADOW_00010,API_CAL_RULE_0065,1556628,Dundee Utd,Rangers,Premiership,Scotland,FINISHED_RESULT,1,1,Rangers,AWAY,100,HIGH_SIGNAL_REVIEW,P1_MANUAL_REVIEW,SCORE_BUCKET,SCORE_90_PLUS,API_DNB,FUTURE_RULE_REVIEW_ONLY,RULE_CANDIDATE_PROTECTED_MARKET,YES_REVIEW_ONLY,VOID,VOID,SHADOW_EVALUATED,Paper-trading only. Candidate rule applied to historical/postmatch ledger row.,SHADOW_ONLY,NO_RULE_ACTIVATION_PERMISSION,NO_CANONICAL_BOARD_PERMISSION,NO_PICK_PERMISSION,NO_STAKE_PERMISSION,NO,NO
2026-08-04,2026-08-04T11:11:12+01:00,API_SHADOW_00011,API_CAL_RULE_0066,1556628,Dundee Utd,Rangers,Premiership,Scotland,FINISHED_RESULT,1,1,Rangers,AWAY,100,HIGH_SIGNAL_REVIEW,P1_MANUAL_REVIEW,SCORE_BUCKET,SCORE_90_PLUS,API_DOUBLE_CHANCE,FUTURE_RULE_REVIEW_ONLY,RULE_CANDIDATE_PROTECTED_MARKET,YES_REVIEW_ONLY,HIT,HIT,SHADOW_EVALUATED,Paper-trading only. Candidate rule applied to historical/postmatch ledger row.,SHADOW_ONLY,NO_RULE_ACTIVATION_PERMISSION,NO_CANONICAL_BOARD_PERMISSION,NO_PICK_PERMISSION,NO_STAKE_PERMISSION,NO,NO
2026-08-04,2026-08-04T11:11:12+01:00,API_SHADOW_00012,API_CAL_RULE_0068,1556628,Dundee Utd,Rangers,Premiership,Scotland,FINISHED_RESULT,1,1,Rangers,AWAY,100,HIGH_SIGNAL_REVIEW,P1_MANUAL_REVIEW,SCORE_BUCKET,SCORE_90_PLUS,OVER_1_5,FUTURE_RULE_REVIEW_ONLY,RULE_CANDIDATE_TOTAL_MARKET,YES_REVIEW_ONLY,HIT,HIT,SHADOW_EVALUATED,Paper-trading only. Candidate rule applied to historical/postmatch ledger row.,SHADOW_ONLY,NO_RULE_ACTIVATION_PERMISSION,NO_CANONICAL_BOARD_PERMISSION,NO_PICK_PERMISSION,NO_STAKE_PERMISSION,NO,NO
2026-08-04,2026-08-04T11:11:12+01:00,API_SHADOW_00013,API_CAL_RULE_0070,1556628,Dundee Utd,Rangers,Premiership,Scotland,FINISHED_RESULT,1,1,Rangers,AWAY,100,HIGH_SIGNAL_REVIEW,P1_MANUAL_REVIEW,SCORE_BUCKET,SCORE_90_PLUS,UNDER_3_5,FUTURE_RULE_REVIEW_ONLY,RULE_CANDIDATE_TOTAL_MARKET,YES_REVIEW_ONLY,HIT,HIT,SHADOW_EVALUATED,Paper-trading only. Candidate rule applied to historical/postmatch ledger row.,SHADOW_ONLY,NO_RULE_ACTIVATION_PERMISSION,NO_CANONICAL_BOARD_PERMISSION,NO_PICK_PERMISSION,NO_STAKE_PERMISSION,NO,NO
2026-08-04,2026-08-04T11:11:12+01:00,API_SHADOW_00014,API_CAL_RULE_0072,1556628,Dundee Utd,Rangers,Premiership,Scotland,FINISHED_RESULT,1,1,Rangers,AWAY,100,HIGH_SIGNAL_REVIEW,P1_MANUAL_REVIEW,SIGNAL_BAND,HIGH_SIGNAL_REVIEW,API_DNB,FUTURE_RULE_REVIEW_ONLY,RULE_CANDIDATE_PROTECTED_MARKET,YES_REVIEW_ONLY,VOID,VOID,SHADOW_EVALUATED,Paper-trading only. Candidate rule applied to historical/postmatch ledger row.,SHADOW_ONLY,NO_RULE_ACTIVATION_PERMISSION,NO_CANONICAL_BOARD_PERMISSION,NO_PICK_PERMISSION,NO_STAKE_PERMISSION,NO,NO
2026-08-04,2026-08-04T11:11:12+01:00,API_SHADOW_00015,API_CAL_RULE_0073,1556628,Dundee Utd,Rangers,Premiership,Scotland,FINISHED_RESULT,1,1,Rangers,AWAY,100,HIGH_SIGNAL_REVIEW,P1_MANUAL_REVIEW,SIGNAL_BAND,HIGH_SIGNAL_REVIEW,API_DOUBLE_CHANCE,FUTURE_RULE_REVIEW_ONLY,RULE_CANDIDATE_PROTECTED_MARKET,YES_REVIEW_ONLY,HIT,HIT,SHADOW_EVALUATED,Paper-trading only. Candidate rule applied to historical/postmatch ledger row.,SHADOW_ONLY,NO_RULE_ACTIVATION_PERMISSION,NO_CANONICAL_BOARD_PERMISSION,NO_PICK_PERMISSION,NO_STAKE_PERMISSION,NO,NO
2026-08-04,2026-08-04T11:11:12+01:00,API_SHADOW_00016,API_CAL_RULE_0075,1556628,Dundee Utd,Rangers,Premiership,Scotland,FINISHED_RESULT,1,1,Rangers,AWAY,100,HIGH_SIGNAL_REVIEW,P1_MANUAL_REVIEW,SIGNAL_BAND,HIGH_SIGNAL_REVIEW,OVER_1_5,FUTURE_RULE_REVIEW_ONLY,RULE_CANDIDATE_TOTAL_MARKET,YES_REVIEW_ONLY,HIT,HIT,SHADOW_EVALUATED,Paper-trading only. Candidate rule applied to historical/postmatch ledger row.,SHADOW_ONLY,NO_RULE_ACTIVATION_PERMISSION,NO_CANONICAL_BOARD_PERMISSION,NO_PICK_PERMISSION,NO_STAKE_PERMISSION,NO,NO
