target_date,generated_at,rule_id,group_type,group_value,market,sample_rows,evaluated_rows,hit_rows,miss_rows,void_rows,pending_rows,hit_rate_pct,hit_or_void_rate_pct,miss_rate_pct,calibration_status,sample_warning,rule_bucket,rule_decision,rule_reason,future_rule_candidate,activation_permission,canonical_board_permission,pick_permission,stake_permission,auto_apply,production_change
2026-08-22,2026-08-22T08:55:05+01:00,API_CAL_RULE_0001,ALL,ALL,API_1X2,705,350,183,167,0,354,52.3,52.3,47.7,CALIBRATION_NEUTRAL,SAMPLE_OK_100_PLUS,RULE_BLOCK_NEGATIVE_OR_WEAK_MARKET,BLOCK_ML_PROMOTION,API 1X2 hit_rate=52.3% is below the 60% minimum for any ML review.,NO_BLOCKED_MARKET,NO_RULE_ACTIVATION_PERMISSION,NO_CANONICAL_BOARD_PERMISSION,NO_PICK_PERMISSION,NO_STAKE_PERMISSION,NO,NO
2026-08-22,2026-08-22T08:55:05+01:00,API_CAL_RULE_0002,ALL,ALL,API_DNB,705,350,183,78,89,354,52.3,77.7,22.3,CALIBRATION_STRONG_PROTECTED_MARKET,SAMPLE_OK_100_PLUS,RULE_CANDIDATE_PROTECTED_MARKET,FUTURE_RULE_REVIEW_ONLY,API DNB hit_or_void=77.7% and miss_rate=22.3% meet protected-market threshold.,YES_REVIEW_ONLY,NO_RULE_ACTIVATION_PERMISSION,NO_CANONICAL_BOARD_PERMISSION,NO_PICK_PERMISSION,NO_STAKE_PERMISSION,NO,NO
2026-08-22,2026-08-22T08:55:05+01:00,API_CAL_RULE_0003,ALL,ALL,API_DOUBLE_CHANCE,705,350,272,78,0,354,77.7,77.7,22.3,CALIBRATION_STRONG_OBSERVED_EDGE,SAMPLE_OK_100_PLUS,RULE_CANDIDATE_PROTECTED_MARKET,FUTURE_RULE_REVIEW_ONLY,API double chance hit_rate=77.7% meets protected-market threshold.,YES_REVIEW_ONLY,NO_RULE_ACTIVATION_PERMISSION,NO_CANONICAL_BOARD_PERMISSION,NO_PICK_PERMISSION,NO_STAKE_PERMISSION,NO,NO
2026-08-22,2026-08-22T08:55:05+01:00,API_CAL_RULE_0004,ALL,ALL,BTTS_YES,705,351,198,153,0,354,56.4,56.4,43.6,CALIBRATION_NEUTRAL,SAMPLE_OK_100_PLUS,RULE_NEUTRAL_OBSERVE_MORE,OBSERVE_MORE_GLOBAL_MARKET,Global market BTTS_YES does not meet candidate/block thresholds decisively.,NO_OBSERVE_MORE,NO_RULE_ACTIVATION_PERMISSION,NO_CANONICAL_BOARD_PERMISSION,NO_PICK_PERMISSION,NO_STAKE_PERMISSION,NO,NO
2026-08-22,2026-08-22T08:55:05+01:00,API_CAL_RULE_0005,ALL,ALL,OVER_1_5,705,351,269,82,0,354,76.6,76.6,23.4,CALIBRATION_STRONG_OBSERVED_EDGE,SAMPLE_OK_100_PLUS,RULE_CANDIDATE_TOTAL_MARKET,FUTURE_RULE_REVIEW_ONLY,Over 1.5 hit_rate=76.6% meets total-market threshold.,YES_REVIEW_ONLY,NO_RULE_ACTIVATION_PERMISSION,NO_CANONICAL_BOARD_PERMISSION,NO_PICK_PERMISSION,NO_STAKE_PERMISSION,NO,NO
2026-08-22,2026-08-22T08:55:05+01:00,API_CAL_RULE_0006,ALL,ALL,OVER_2_5,705,351,182,169,0,354,51.9,51.9,48.1,CALIBRATION_NEUTRAL,SAMPLE_OK_100_PLUS,RULE_BLOCK_NEGATIVE_OR_WEAK_MARKET,BLOCK_OVER_2_5_PROMOTION,OVER_2_5 hit_rate=51.9% is weak/negative in current calibration.,NO_BLOCKED_MARKET,NO_RULE_ACTIVATION_PERMISSION,NO_CANONICAL_BOARD_PERMISSION,NO_PICK_PERMISSION,NO_STAKE_PERMISSION,NO,NO
2026-08-22,2026-08-22T08:55:05+01:00,API_CAL_RULE_0007,ALL,ALL,UNDER_3_5,705,351,235,116,0,354,67.0,67.0,33.0,CALIBRATION_MEDIUM_OBSERVED_EDGE,SAMPLE_OK_100_PLUS,RULE_NEUTRAL_OBSERVE_MORE,OBSERVE_MORE_GLOBAL_MARKET,Global market UNDER_3_5 does not meet candidate/block thresholds decisively.,NO_OBSERVE_MORE,NO_RULE_ACTIVATION_PERMISSION,NO_CANONICAL_BOARD_PERMISSION,NO_PICK_PERMISSION,NO_STAKE_PERMISSION,NO,NO
2026-08-22,2026-08-22T08:55:05+01:00,API_CAL_RULE_0008,PREDICTED_SIDE,AWAY,API_1X2,334,177,88,89,0,157,49.7,49.7,50.3,CALIBRATION_WEAK_OR_NEGATIVE,SAMPLE_OK_100_PLUS,RULE_BLOCK_NEGATIVE_OR_WEAK_MARKET,BLOCK_ML_PROMOTION,API 1X2 hit_rate=49.7% is below the 60% minimum for any ML review.,NO_BLOCKED_MARKET,NO_RULE_ACTIVATION_PERMISSION,NO_CANONICAL_BOARD_PERMISSION,NO_PICK_PERMISSION,NO_STAKE_PERMISSION,NO,NO
2026-08-22,2026-08-22T08:55:05+01:00,API_CAL_RULE_0009,PREDICTED_SIDE,AWAY,API_DNB,334,177,88,39,50,157,49.7,78.0,22.0,CALIBRATION_STRONG_PROTECTED_MARKET,SAMPLE_OK_100_PLUS,RULE_CANDIDATE_PROTECTED_MARKET,FUTURE_RULE_REVIEW_ONLY,API DNB hit_or_void=78.0% and miss_rate=22.0% meet protected-market threshold.,YES_REVIEW_ONLY,NO_RULE_ACTIVATION_PERMISSION,NO_CANONICAL_BOARD_PERMISSION,NO_PICK_PERMISSION,NO_STAKE_PERMISSION,NO,NO
2026-08-22,2026-08-22T08:55:05+01:00,API_CAL_RULE_0010,PREDICTED_SIDE,AWAY,API_DOUBLE_CHANCE,334,177,138,39,0,157,78.0,78.0,22.0,CALIBRATION_STRONG_OBSERVED_EDGE,SAMPLE_OK_100_PLUS,RULE_CANDIDATE_PROTECTED_MARKET,FUTURE_RULE_REVIEW_ONLY,API double chance hit_rate=78.0% meets protected-market threshold.,YES_REVIEW_ONLY,NO_RULE_ACTIVATION_PERMISSION,NO_CANONICAL_BOARD_PERMISSION,NO_PICK_PERMISSION,NO_STAKE_PERMISSION,NO,NO
2026-08-22,2026-08-22T08:55:05+01:00,API_CAL_RULE_0011,PREDICTED_SIDE,AWAY,BTTS_YES,334,177,113,64,0,157,63.8,63.8,36.2,CALIBRATION_NEUTRAL,SAMPLE_OK_100_PLUS,RULE_OBSERVE_ONLY_SEGMENT,OBSERVE_MORE_SEGMENT,Segment PREDICTED_SIDE=AWAY for BTTS_YES needs more sample before rule review.,NO_SEGMENT_SAMPLE_TOO_SMALL,NO_RULE_ACTIVATION_PERMISSION,NO_CANONICAL_BOARD_PERMISSION,NO_PICK_PERMISSION,NO_STAKE_PERMISSION,NO,NO
2026-08-22,2026-08-22T08:55:05+01:00,API_CAL_RULE_0012,PREDICTED_SIDE,AWAY,OVER_1_5,334,177,144,33,0,157,81.4,81.4,18.6,CALIBRATION_STRONG_OBSERVED_EDGE,SAMPLE_OK_100_PLUS,RULE_CANDIDATE_TOTAL_MARKET,FUTURE_RULE_REVIEW_ONLY,Over 1.5 hit_rate=81.4% meets total-market threshold.,YES_REVIEW_ONLY,NO_RULE_ACTIVATION_PERMISSION,NO_CANONICAL_BOARD_PERMISSION,NO_PICK_PERMISSION,NO_STAKE_PERMISSION,NO,NO
2026-08-22,2026-08-22T08:55:05+01:00,API_CAL_RULE_0013,PREDICTED_SIDE,AWAY,OVER_2_5,334,177,102,75,0,157,57.6,57.6,42.4,CALIBRATION_NEUTRAL,SAMPLE_OK_100_PLUS,RULE_OBSERVE_ONLY_SEGMENT,OBSERVE_MORE_SEGMENT,Segment PREDICTED_SIDE=AWAY for OVER_2_5 needs more sample before rule review.,NO_SEGMENT_SAMPLE_TOO_SMALL,NO_RULE_ACTIVATION_PERMISSION,NO_CANONICAL_BOARD_PERMISSION,NO_PICK_PERMISSION,NO_STAKE_PERMISSION,NO,NO
2026-08-22,2026-08-22T08:55:05+01:00,API_CAL_RULE_0014,PREDICTED_SIDE,AWAY,UNDER_3_5,334,177,112,65,0,157,63.3,63.3,36.7,CALIBRATION_NEUTRAL,SAMPLE_OK_100_PLUS,RULE_OBSERVE_ONLY_SEGMENT,OBSERVE_MORE_SEGMENT,Segment PREDICTED_SIDE=AWAY for UNDER_3_5 needs more sample before rule review.,NO_SEGMENT_SAMPLE_TOO_SMALL,NO_RULE_ACTIVATION_PERMISSION,NO_CANONICAL_BOARD_PERMISSION,NO_PICK_PERMISSION,NO_STAKE_PERMISSION,NO,NO
2026-08-22,2026-08-22T08:55:05+01:00,API_CAL_RULE_0015,PREDICTED_SIDE,HOME,API_1X2,370,173,95,78,0,197,54.9,54.9,45.1,CALIBRATION_NEUTRAL,SAMPLE_OK_100_PLUS,RULE_BLOCK_NEGATIVE_OR_WEAK_MARKET,BLOCK_ML_PROMOTION,API 1X2 hit_rate=54.9% is below the 60% minimum for any ML review.,NO_BLOCKED_MARKET,NO_RULE_ACTIVATION_PERMISSION,NO_CANONICAL_BOARD_PERMISSION,NO_PICK_PERMISSION,NO_STAKE_PERMISSION,NO,NO
2026-08-22,2026-08-22T08:55:05+01:00,API_CAL_RULE_0016,PREDICTED_SIDE,HOME,API_DNB,370,173,95,39,39,197,54.9,77.5,22.5,CALIBRATION_STRONG_PROTECTED_MARKET,SAMPLE_OK_100_PLUS,RULE_CANDIDATE_PROTECTED_MARKET,FUTURE_RULE_REVIEW_ONLY,API DNB hit_or_void=77.5% and miss_rate=22.5% meet protected-market threshold.,YES_REVIEW_ONLY,NO_RULE_ACTIVATION_PERMISSION,NO_CANONICAL_BOARD_PERMISSION,NO_PICK_PERMISSION,NO_STAKE_PERMISSION,NO,NO
2026-08-22,2026-08-22T08:55:05+01:00,API_CAL_RULE_0017,PREDICTED_SIDE,HOME,API_DOUBLE_CHANCE,370,173,134,39,0,197,77.5,77.5,22.5,CALIBRATION_STRONG_OBSERVED_EDGE,SAMPLE_OK_100_PLUS,RULE_CANDIDATE_PROTECTED_MARKET,FUTURE_RULE_REVIEW_ONLY,API double chance hit_rate=77.5% meets protected-market threshold.,YES_REVIEW_ONLY,NO_RULE_ACTIVATION_PERMISSION,NO_CANONICAL_BOARD_PERMISSION,NO_PICK_PERMISSION,NO_STAKE_PERMISSION,NO,NO
2026-08-22,2026-08-22T08:55:05+01:00,API_CAL_RULE_0018,PREDICTED_SIDE,HOME,BTTS_YES,370,173,85,88,0,197,49.1,49.1,50.9,CALIBRATION_WEAK_OR_NEGATIVE,SAMPLE_OK_100_PLUS,RULE_BLOCK_NEGATIVE_OR_WEAK_MARKET,BLOCK_BTTS_YES_PROMOTION,BTTS_YES hit_rate=49.1% is weak/negative in current calibration.,NO_BLOCKED_MARKET,NO_RULE_ACTIVATION_PERMISSION,NO_CANONICAL_BOARD_PERMISSION,NO_PICK_PERMISSION,NO_STAKE_PERMISSION,NO,NO
2026-08-22,2026-08-22T08:55:05+01:00,API_CAL_RULE_0019,PREDICTED_SIDE,HOME,OVER_1_5,370,173,125,48,0,197,72.3,72.3,27.7,CALIBRATION_MEDIUM_OBSERVED_EDGE,SAMPLE_OK_100_PLUS,RULE_CANDIDATE_TOTAL_MARKET,FUTURE_RULE_REVIEW_ONLY,Over 1.5 hit_rate=72.3% meets total-market threshold.,YES_REVIEW_ONLY,NO_RULE_ACTIVATION_PERMISSION,NO_CANONICAL_BOARD_PERMISSION,NO_PICK_PERMISSION,NO_STAKE_PERMISSION,NO,NO
2026-08-22,2026-08-22T08:55:05+01:00,API_CAL_RULE_0020,PREDICTED_SIDE,HOME,OVER_2_5,370,173,80,93,0,197,46.2,46.2,53.8,CALIBRATION_WEAK_OR_NEGATIVE,SAMPLE_OK_100_PLUS,RULE_BLOCK_NEGATIVE_OR_WEAK_MARKET,BLOCK_OVER_2_5_PROMOTION,OVER_2_5 hit_rate=46.2% is weak/negative in current calibration.,NO_BLOCKED_MARKET,NO_RULE_ACTIVATION_PERMISSION,NO_CANONICAL_BOARD_PERMISSION,NO_PICK_PERMISSION,NO_STAKE_PERMISSION,NO,NO
2026-08-22,2026-08-22T08:55:05+01:00,API_CAL_RULE_0021,PREDICTED_SIDE,HOME,UNDER_3_5,370,173,122,51,0,197,70.5,70.5,29.5,CALIBRATION_MEDIUM_OBSERVED_EDGE,SAMPLE_OK_100_PLUS,RULE_CANDIDATE_TOTAL_MARKET,FUTURE_RULE_REVIEW_ONLY,Under 3.5 hit_rate=70.5% meets total-market threshold.,YES_REVIEW_ONLY,NO_RULE_ACTIVATION_PERMISSION,NO_CANONICAL_BOARD_PERMISSION,NO_PICK_PERMISSION,NO_STAKE_PERMISSION,NO,NO
2026-08-22,2026-08-22T08:55:05+01:00,API_CAL_RULE_0022,PREDICTED_SIDE,UNKNOWN,API_1X2,1,0,0,0,0,0,,,,CALIBRATION_OBSERVE_ONLY,INSUFFICIENT_SAMPLE_UNDER_20,RULE_OBSERVE_ONLY_INSUFFICIENT_SAMPLE,COLLECT_MORE_SAMPLE,Only 0 evaluated rows; minimum observation sample is 20.,NO_SAMPLE_TOO_SMALL,NO_RULE_ACTIVATION_PERMISSION,NO_CANONICAL_BOARD_PERMISSION,NO_PICK_PERMISSION,NO_STAKE_PERMISSION,NO,NO
2026-08-22,2026-08-22T08:55:05+01:00,API_CAL_RULE_0023,PREDICTED_SIDE,UNKNOWN,API_DNB,1,0,0,0,0,0,,,,CALIBRATION_OBSERVE_ONLY,INSUFFICIENT_SAMPLE_UNDER_20,RULE_OBSERVE_ONLY_INSUFFICIENT_SAMPLE,COLLECT_MORE_SAMPLE,Only 0 evaluated rows; minimum observation sample is 20.,NO_SAMPLE_TOO_SMALL,NO_RULE_ACTIVATION_PERMISSION,NO_CANONICAL_BOARD_PERMISSION,NO_PICK_PERMISSION,NO_STAKE_PERMISSION,NO,NO
2026-08-22,2026-08-22T08:55:05+01:00,API_CAL_RULE_0024,PREDICTED_SIDE,UNKNOWN,API_DOUBLE_CHANCE,1,0,0,0,0,0,,,,CALIBRATION_OBSERVE_ONLY,INSUFFICIENT_SAMPLE_UNDER_20,RULE_OBSERVE_ONLY_INSUFFICIENT_SAMPLE,COLLECT_MORE_SAMPLE,Only 0 evaluated rows; minimum observation sample is 20.,NO_SAMPLE_TOO_SMALL,NO_RULE_ACTIVATION_PERMISSION,NO_CANONICAL_BOARD_PERMISSION,NO_PICK_PERMISSION,NO_STAKE_PERMISSION,NO,NO
2026-08-22,2026-08-22T08:55:05+01:00,API_CAL_RULE_0025,PREDICTED_SIDE,UNKNOWN,BTTS_YES,1,1,0,1,0,0,0.0,0.0,100.0,CALIBRATION_OBSERVE_ONLY,INSUFFICIENT_SAMPLE_UNDER_20,RULE_OBSERVE_ONLY_INSUFFICIENT_SAMPLE,COLLECT_MORE_SAMPLE,Only 1 evaluated rows; minimum observation sample is 20.,NO_SAMPLE_TOO_SMALL,NO_RULE_ACTIVATION_PERMISSION,NO_CANONICAL_BOARD_PERMISSION,NO_PICK_PERMISSION,NO_STAKE_PERMISSION,NO,NO
2026-08-22,2026-08-22T08:55:05+01:00,API_CAL_RULE_0026,PREDICTED_SIDE,UNKNOWN,OVER_1_5,1,1,0,1,0,0,0.0,0.0,100.0,CALIBRATION_OBSERVE_ONLY,INSUFFICIENT_SAMPLE_UNDER_20,RULE_OBSERVE_ONLY_INSUFFICIENT_SAMPLE,COLLECT_MORE_SAMPLE,Only 1 evaluated rows; minimum observation sample is 20.,NO_SAMPLE_TOO_SMALL,NO_RULE_ACTIVATION_PERMISSION,NO_CANONICAL_BOARD_PERMISSION,NO_PICK_PERMISSION,NO_STAKE_PERMISSION,NO,NO
2026-08-22,2026-08-22T08:55:05+01:00,API_CAL_RULE_0027,PREDICTED_SIDE,UNKNOWN,OVER_2_5,1,1,0,1,0,0,0.0,0.0,100.0,CALIBRATION_OBSERVE_ONLY,INSUFFICIENT_SAMPLE_UNDER_20,RULE_OBSERVE_ONLY_INSUFFICIENT_SAMPLE,COLLECT_MORE_SAMPLE,Only 1 evaluated rows; minimum observation sample is 20.,NO_SAMPLE_TOO_SMALL,NO_RULE_ACTIVATION_PERMISSION,NO_CANONICAL_BOARD_PERMISSION,NO_PICK_PERMISSION,NO_STAKE_PERMISSION,NO,NO
2026-08-22,2026-08-22T08:55:05+01:00,API_CAL_RULE_0028,PREDICTED_SIDE,UNKNOWN,UNDER_3_5,1,1,1,0,0,0,100.0,100.0,0.0,CALIBRATION_OBSERVE_ONLY,INSUFFICIENT_SAMPLE_UNDER_20,RULE_OBSERVE_ONLY_INSUFFICIENT_SAMPLE,COLLECT_MORE_SAMPLE,Only 1 evaluated rows; minimum observation sample is 20.,NO_SAMPLE_TOO_SMALL,NO_RULE_ACTIVATION_PERMISSION,NO_CANONICAL_BOARD_PERMISSION,NO_PICK_PERMISSION,NO_STAKE_PERMISSION,NO,NO
2026-08-22,2026-08-22T08:55:05+01:00,API_CAL_RULE_0029,REVIEW_PRIORITY,P1_MANUAL_REVIEW,API_1X2,345,174,91,83,0,170,52.3,52.3,47.7,CALIBRATION_NEUTRAL,SAMPLE_OK_100_PLUS,RULE_BLOCK_NEGATIVE_OR_WEAK_MARKET,BLOCK_ML_PROMOTION,API 1X2 hit_rate=52.3% is below the 60% minimum for any ML review.,NO_BLOCKED_MARKET,NO_RULE_ACTIVATION_PERMISSION,NO_CANONICAL_BOARD_PERMISSION,NO_PICK_PERMISSION,NO_STAKE_PERMISSION,NO,NO
2026-08-22,2026-08-22T08:55:05+01:00,API_CAL_RULE_0030,REVIEW_PRIORITY,P1_MANUAL_REVIEW,API_DNB,345,174,91,33,50,170,52.3,81.0,19.0,CALIBRATION_STRONG_PROTECTED_MARKET,SAMPLE_OK_100_PLUS,RULE_CANDIDATE_PROTECTED_MARKET,FUTURE_RULE_REVIEW_ONLY,API DNB hit_or_void=81.0% and miss_rate=19.0% meet protected-market threshold.,YES_REVIEW_ONLY,NO_RULE_ACTIVATION_PERMISSION,NO_CANONICAL_BOARD_PERMISSION,NO_PICK_PERMISSION,NO_STAKE_PERMISSION,NO,NO
2026-08-22,2026-08-22T08:55:05+01:00,API_CAL_RULE_0031,REVIEW_PRIORITY,P1_MANUAL_REVIEW,API_DOUBLE_CHANCE,345,174,141,33,0,170,81.0,81.0,19.0,CALIBRATION_STRONG_OBSERVED_EDGE,SAMPLE_OK_100_PLUS,RULE_CANDIDATE_PROTECTED_MARKET,FUTURE_RULE_REVIEW_ONLY,API double chance hit_rate=81.0% meets protected-market threshold.,YES_REVIEW_ONLY,NO_RULE_ACTIVATION_PERMISSION,NO_CANONICAL_BOARD_PERMISSION,NO_PICK_PERMISSION,NO_STAKE_PERMISSION,NO,NO
2026-08-22,2026-08-22T08:55:05+01:00,API_CAL_RULE_0032,REVIEW_PRIORITY,P1_MANUAL_REVIEW,BTTS_YES,345,175,97,78,0,170,55.4,55.4,44.6,CALIBRATION_NEUTRAL,SAMPLE_OK_100_PLUS,RULE_OBSERVE_ONLY_SEGMENT,OBSERVE_MORE_SEGMENT,Segment REVIEW_PRIORITY=P1_MANUAL_REVIEW for BTTS_YES needs more sample before rule review.,NO_SEGMENT_SAMPLE_TOO_SMALL,NO_RULE_ACTIVATION_PERMISSION,NO_CANONICAL_BOARD_PERMISSION,NO_PICK_PERMISSION,NO_STAKE_PERMISSION,NO,NO
2026-08-22,2026-08-22T08:55:05+01:00,API_CAL_RULE_0033,REVIEW_PRIORITY,P1_MANUAL_REVIEW,OVER_1_5,345,175,133,42,0,170,76.0,76.0,24.0,CALIBRATION_STRONG_OBSERVED_EDGE,SAMPLE_OK_100_PLUS,RULE_CANDIDATE_TOTAL_MARKET,FUTURE_RULE_REVIEW_ONLY,Over 1.5 hit_rate=76.0% meets total-market threshold.,YES_REVIEW_ONLY,NO_RULE_ACTIVATION_PERMISSION,NO_CANONICAL_BOARD_PERMISSION,NO_PICK_PERMISSION,NO_STAKE_PERMISSION,NO,NO
2026-08-22,2026-08-22T08:55:05+01:00,API_CAL_RULE_0034,REVIEW_PRIORITY,P1_MANUAL_REVIEW,OVER_2_5,345,175,81,94,0,170,46.3,46.3,53.7,CALIBRATION_WEAK_OR_NEGATIVE,SAMPLE_OK_100_PLUS,RULE_BLOCK_NEGATIVE_OR_WEAK_MARKET,BLOCK_OVER_2_5_PROMOTION,OVER_2_5 hit_rate=46.3% is weak/negative in current calibration.,NO_BLOCKED_MARKET,NO_RULE_ACTIVATION_PERMISSION,NO_CANONICAL_BOARD_PERMISSION,NO_PICK_PERMISSION,NO_STAKE_PERMISSION,NO,NO
2026-08-22,2026-08-22T08:55:05+01:00,API_CAL_RULE_0035,REVIEW_PRIORITY,P1_MANUAL_REVIEW,UNDER_3_5,345,175,126,49,0,170,72.0,72.0,28.0,CALIBRATION_MEDIUM_OBSERVED_EDGE,SAMPLE_OK_100_PLUS,RULE_CANDIDATE_TOTAL_MARKET,FUTURE_RULE_REVIEW_ONLY,Under 3.5 hit_rate=72.0% meets total-market threshold.,YES_REVIEW_ONLY,NO_RULE_ACTIVATION_PERMISSION,NO_CANONICAL_BOARD_PERMISSION,NO_PICK_PERMISSION,NO_STAKE_PERMISSION,NO,NO
2026-08-22,2026-08-22T08:55:05+01:00,API_CAL_RULE_0036,REVIEW_PRIORITY,P2_MANUAL_REVIEW,API_1X2,360,176,92,84,0,184,52.3,52.3,47.7,CALIBRATION_NEUTRAL,SAMPLE_OK_100_PLUS,RULE_BLOCK_NEGATIVE_OR_WEAK_MARKET,BLOCK_ML_PROMOTION,API 1X2 hit_rate=52.3% is below the 60% minimum for any ML review.,NO_BLOCKED_MARKET,NO_RULE_ACTIVATION_PERMISSION,NO_CANONICAL_BOARD_PERMISSION,NO_PICK_PERMISSION,NO_STAKE_PERMISSION,NO,NO
2026-08-22,2026-08-22T08:55:05+01:00,API_CAL_RULE_0037,REVIEW_PRIORITY,P2_MANUAL_REVIEW,API_DNB,360,176,92,45,39,184,52.3,74.4,25.6,CALIBRATION_MEDIUM_PROTECTED_MARKET,SAMPLE_OK_100_PLUS,RULE_OBSERVE_ONLY_SEGMENT,OBSERVE_MORE_SEGMENT,Segment REVIEW_PRIORITY=P2_MANUAL_REVIEW for API_DNB needs more sample before rule review.,NO_SEGMENT_SAMPLE_TOO_SMALL,NO_RULE_ACTIVATION_PERMISSION,NO_CANONICAL_BOARD_PERMISSION,NO_PICK_PERMISSION,NO_STAKE_PERMISSION,NO,NO
2026-08-22,2026-08-22T08:55:05+01:00,API_CAL_RULE_0038,REVIEW_PRIORITY,P2_MANUAL_REVIEW,API_DOUBLE_CHANCE,360,176,131,45,0,184,74.4,74.4,25.6,CALIBRATION_MEDIUM_OBSERVED_EDGE,SAMPLE_OK_100_PLUS,RULE_OBSERVE_ONLY_SEGMENT,OBSERVE_MORE_SEGMENT,Segment REVIEW_PRIORITY=P2_MANUAL_REVIEW for API_DOUBLE_CHANCE needs more sample before rule review.,NO_SEGMENT_SAMPLE_TOO_SMALL,NO_RULE_ACTIVATION_PERMISSION,NO_CANONICAL_BOARD_PERMISSION,NO_PICK_PERMISSION,NO_STAKE_PERMISSION,NO,NO
2026-08-22,2026-08-22T08:55:05+01:00,API_CAL_RULE_0039,REVIEW_PRIORITY,P2_MANUAL_REVIEW,BTTS_YES,360,176,101,75,0,184,57.4,57.4,42.6,CALIBRATION_NEUTRAL,SAMPLE_OK_100_PLUS,RULE_OBSERVE_ONLY_SEGMENT,OBSERVE_MORE_SEGMENT,Segment REVIEW_PRIORITY=P2_MANUAL_REVIEW for BTTS_YES needs more sample before rule review.,NO_SEGMENT_SAMPLE_TOO_SMALL,NO_RULE_ACTIVATION_PERMISSION,NO_CANONICAL_BOARD_PERMISSION,NO_PICK_PERMISSION,NO_STAKE_PERMISSION,NO,NO
2026-08-22,2026-08-22T08:55:05+01:00,API_CAL_RULE_0040,REVIEW_PRIORITY,P2_MANUAL_REVIEW,OVER_1_5,360,176,136,40,0,184,77.3,77.3,22.7,CALIBRATION_STRONG_OBSERVED_EDGE,SAMPLE_OK_100_PLUS,RULE_CANDIDATE_TOTAL_MARKET,FUTURE_RULE_REVIEW_ONLY,Over 1.5 hit_rate=77.3% meets total-market threshold.,YES_REVIEW_ONLY,NO_RULE_ACTIVATION_PERMISSION,NO_CANONICAL_BOARD_PERMISSION,NO_PICK_PERMISSION,NO_STAKE_PERMISSION,NO,NO
2026-08-22,2026-08-22T08:55:05+01:00,API_CAL_RULE_0041,REVIEW_PRIORITY,P2_MANUAL_REVIEW,OVER_2_5,360,176,101,75,0,184,57.4,57.4,42.6,CALIBRATION_NEUTRAL,SAMPLE_OK_100_PLUS,RULE_OBSERVE_ONLY_SEGMENT,OBSERVE_MORE_SEGMENT,Segment REVIEW_PRIORITY=P2_MANUAL_REVIEW for OVER_2_5 needs more sample before rule review.,NO_SEGMENT_SAMPLE_TOO_SMALL,NO_RULE_ACTIVATION_PERMISSION,NO_CANONICAL_BOARD_PERMISSION,NO_PICK_PERMISSION,NO_STAKE_PERMISSION,NO,NO
2026-08-22,2026-08-22T08:55:05+01:00,API_CAL_RULE_0042,REVIEW_PRIORITY,P2_MANUAL_REVIEW,UNDER_3_5,360,176,109,67,0,184,61.9,61.9,38.1,CALIBRATION_NEUTRAL,SAMPLE_OK_100_PLUS,RULE_OBSERVE_ONLY_SEGMENT,OBSERVE_MORE_SEGMENT,Segment REVIEW_PRIORITY=P2_MANUAL_REVIEW for UNDER_3_5 needs more sample before rule review.,NO_SEGMENT_SAMPLE_TOO_SMALL,NO_RULE_ACTIVATION_PERMISSION,NO_CANONICAL_BOARD_PERMISSION,NO_PICK_PERMISSION,NO_STAKE_PERMISSION,NO,NO
2026-08-22,2026-08-22T08:55:05+01:00,API_CAL_RULE_0043,SCORE_BUCKET,SCORE_55_69,API_1X2,194,81,36,45,0,113,44.4,44.4,55.6,CALIBRATION_WEAK_OR_NEGATIVE,MEDIUM_SAMPLE_UNDER_100,RULE_BLOCK_NEGATIVE_OR_WEAK_MARKET,BLOCK_ML_PROMOTION,API 1X2 hit_rate=44.4% is below the 60% minimum for any ML review.,NO_BLOCKED_MARKET,NO_RULE_ACTIVATION_PERMISSION,NO_CANONICAL_BOARD_PERMISSION,NO_PICK_PERMISSION,NO_STAKE_PERMISSION,NO,NO
2026-08-22,2026-08-22T08:55:05+01:00,API_CAL_RULE_0044,SCORE_BUCKET,SCORE_55_69,API_DNB,194,81,36,25,20,113,44.4,69.1,30.9,CALIBRATION_MEDIUM_PROTECTED_MARKET,MEDIUM_SAMPLE_UNDER_100,RULE_OBSERVE_ONLY_SEGMENT,OBSERVE_MORE_SEGMENT,Segment SCORE_BUCKET=SCORE_55_69 for API_DNB needs more sample before rule review.,NO_SEGMENT_SAMPLE_TOO_SMALL,NO_RULE_ACTIVATION_PERMISSION,NO_CANONICAL_BOARD_PERMISSION,NO_PICK_PERMISSION,NO_STAKE_PERMISSION,NO,NO
2026-08-22,2026-08-22T08:55:05+01:00,API_CAL_RULE_0045,SCORE_BUCKET,SCORE_55_69,API_DOUBLE_CHANCE,194,81,56,25,0,113,69.1,69.1,30.9,CALIBRATION_MEDIUM_OBSERVED_EDGE,MEDIUM_SAMPLE_UNDER_100,RULE_OBSERVE_ONLY_SEGMENT,OBSERVE_MORE_SEGMENT,Segment SCORE_BUCKET=SCORE_55_69 for API_DOUBLE_CHANCE needs more sample before rule review.,NO_SEGMENT_SAMPLE_TOO_SMALL,NO_RULE_ACTIVATION_PERMISSION,NO_CANONICAL_BOARD_PERMISSION,NO_PICK_PERMISSION,NO_STAKE_PERMISSION,NO,NO
2026-08-22,2026-08-22T08:55:05+01:00,API_CAL_RULE_0046,SCORE_BUCKET,SCORE_55_69,BTTS_YES,194,81,48,33,0,113,59.3,59.3,40.7,CALIBRATION_NEUTRAL,MEDIUM_SAMPLE_UNDER_100,RULE_OBSERVE_ONLY_SEGMENT,OBSERVE_MORE_SEGMENT,Segment SCORE_BUCKET=SCORE_55_69 for BTTS_YES needs more sample before rule review.,NO_SEGMENT_SAMPLE_TOO_SMALL,NO_RULE_ACTIVATION_PERMISSION,NO_CANONICAL_BOARD_PERMISSION,NO_PICK_PERMISSION,NO_STAKE_PERMISSION,NO,NO
2026-08-22,2026-08-22T08:55:05+01:00,API_CAL_RULE_0047,SCORE_BUCKET,SCORE_55_69,OVER_1_5,194,81,57,24,0,113,70.4,70.4,29.6,CALIBRATION_MEDIUM_OBSERVED_EDGE,MEDIUM_SAMPLE_UNDER_100,RULE_CANDIDATE_TOTAL_MARKET,FUTURE_RULE_REVIEW_ONLY,Over 1.5 hit_rate=70.4% meets total-market threshold.,YES_REVIEW_ONLY,NO_RULE_ACTIVATION_PERMISSION,NO_CANONICAL_BOARD_PERMISSION,NO_PICK_PERMISSION,NO_STAKE_PERMISSION,NO,NO
2026-08-22,2026-08-22T08:55:05+01:00,API_CAL_RULE_0048,SCORE_BUCKET,SCORE_55_69,OVER_2_5,194,81,43,38,0,113,53.1,53.1,46.9,CALIBRATION_NEUTRAL,MEDIUM_SAMPLE_UNDER_100,RULE_BLOCK_NEGATIVE_OR_WEAK_MARKET,BLOCK_OVER_2_5_PROMOTION,OVER_2_5 hit_rate=53.1% is weak/negative in current calibration.,NO_BLOCKED_MARKET,NO_RULE_ACTIVATION_PERMISSION,NO_CANONICAL_BOARD_PERMISSION,NO_PICK_PERMISSION,NO_STAKE_PERMISSION,NO,NO
2026-08-22,2026-08-22T08:55:05+01:00,API_CAL_RULE_0049,SCORE_BUCKET,SCORE_55_69,UNDER_3_5,194,81,55,26,0,113,67.9,67.9,32.1,CALIBRATION_MEDIUM_OBSERVED_EDGE,MEDIUM_SAMPLE_UNDER_100,RULE_OBSERVE_ONLY_SEGMENT,OBSERVE_MORE_SEGMENT,Segment SCORE_BUCKET=SCORE_55_69 for UNDER_3_5 needs more sample before rule review.,NO_SEGMENT_SAMPLE_TOO_SMALL,NO_RULE_ACTIVATION_PERMISSION,NO_CANONICAL_BOARD_PERMISSION,NO_PICK_PERMISSION,NO_STAKE_PERMISSION,NO,NO
2026-08-22,2026-08-22T08:55:05+01:00,API_CAL_RULE_0050,SCORE_BUCKET,SCORE_70_79,API_1X2,200,108,61,47,0,92,56.5,56.5,43.5,CALIBRATION_NEUTRAL,SAMPLE_OK_100_PLUS,RULE_BLOCK_NEGATIVE_OR_WEAK_MARKET,BLOCK_ML_PROMOTION,API 1X2 hit_rate=56.5% is below the 60% minimum for any ML review.,NO_BLOCKED_MARKET,NO_RULE_ACTIVATION_PERMISSION,NO_CANONICAL_BOARD_PERMISSION,NO_PICK_PERMISSION,NO_STAKE_PERMISSION,NO,NO
2026-08-22,2026-08-22T08:55:05+01:00,API_CAL_RULE_0051,SCORE_BUCKET,SCORE_70_79,API_DNB,200,108,61,25,22,92,56.5,76.9,23.1,CALIBRATION_STRONG_PROTECTED_MARKET,SAMPLE_OK_100_PLUS,RULE_CANDIDATE_PROTECTED_MARKET,FUTURE_RULE_REVIEW_ONLY,API DNB hit_or_void=76.9% and miss_rate=23.1% meet protected-market threshold.,YES_REVIEW_ONLY,NO_RULE_ACTIVATION_PERMISSION,NO_CANONICAL_BOARD_PERMISSION,NO_PICK_PERMISSION,NO_STAKE_PERMISSION,NO,NO
2026-08-22,2026-08-22T08:55:05+01:00,API_CAL_RULE_0052,SCORE_BUCKET,SCORE_70_79,API_DOUBLE_CHANCE,200,108,83,25,0,92,76.9,76.9,23.1,CALIBRATION_STRONG_OBSERVED_EDGE,SAMPLE_OK_100_PLUS,RULE_CANDIDATE_PROTECTED_MARKET,FUTURE_RULE_REVIEW_ONLY,API double chance hit_rate=76.9% meets protected-market threshold.,YES_REVIEW_ONLY,NO_RULE_ACTIVATION_PERMISSION,NO_CANONICAL_BOARD_PERMISSION,NO_PICK_PERMISSION,NO_STAKE_PERMISSION,NO,NO
2026-08-22,2026-08-22T08:55:05+01:00,API_CAL_RULE_0053,SCORE_BUCKET,SCORE_70_79,BTTS_YES,200,108,59,49,0,92,54.6,54.6,45.4,CALIBRATION_NEUTRAL,SAMPLE_OK_100_PLUS,RULE_BLOCK_NEGATIVE_OR_WEAK_MARKET,BLOCK_BTTS_YES_PROMOTION,BTTS_YES hit_rate=54.6% is weak/negative in current calibration.,NO_BLOCKED_MARKET,NO_RULE_ACTIVATION_PERMISSION,NO_CANONICAL_BOARD_PERMISSION,NO_PICK_PERMISSION,NO_STAKE_PERMISSION,NO,NO
2026-08-22,2026-08-22T08:55:05+01:00,API_CAL_RULE_0054,SCORE_BUCKET,SCORE_70_79,OVER_1_5,200,108,87,21,0,92,80.6,80.6,19.4,CALIBRATION_STRONG_OBSERVED_EDGE,SAMPLE_OK_100_PLUS,RULE_CANDIDATE_TOTAL_MARKET,FUTURE_RULE_REVIEW_ONLY,Over 1.5 hit_rate=80.6% meets total-market threshold.,YES_REVIEW_ONLY,NO_RULE_ACTIVATION_PERMISSION,NO_CANONICAL_BOARD_PERMISSION,NO_PICK_PERMISSION,NO_STAKE_PERMISSION,NO,NO
2026-08-22,2026-08-22T08:55:05+01:00,API_CAL_RULE_0055,SCORE_BUCKET,SCORE_70_79,OVER_2_5,200,108,65,43,0,92,60.2,60.2,39.8,CALIBRATION_NEUTRAL,SAMPLE_OK_100_PLUS,RULE_OBSERVE_ONLY_SEGMENT,OBSERVE_MORE_SEGMENT,Segment SCORE_BUCKET=SCORE_70_79 for OVER_2_5 needs more sample before rule review.,NO_SEGMENT_SAMPLE_TOO_SMALL,NO_RULE_ACTIVATION_PERMISSION,NO_CANONICAL_BOARD_PERMISSION,NO_PICK_PERMISSION,NO_STAKE_PERMISSION,NO,NO
2026-08-22,2026-08-22T08:55:05+01:00,API_CAL_RULE_0056,SCORE_BUCKET,SCORE_70_79,UNDER_3_5,200,108,61,47,0,92,56.5,56.5,43.5,CALIBRATION_NEUTRAL,SAMPLE_OK_100_PLUS,RULE_OBSERVE_ONLY_SEGMENT,OBSERVE_MORE_SEGMENT,Segment SCORE_BUCKET=SCORE_70_79 for UNDER_3_5 needs more sample before rule review.,NO_SEGMENT_SAMPLE_TOO_SMALL,NO_RULE_ACTIVATION_PERMISSION,NO_CANONICAL_BOARD_PERMISSION,NO_PICK_PERMISSION,NO_STAKE_PERMISSION,NO,NO
2026-08-22,2026-08-22T08:55:05+01:00,API_CAL_RULE_0057,SCORE_BUCKET,SCORE_80_89,API_1X2,75,30,13,17,0,44,43.3,43.3,56.7,CALIBRATION_WEAK_OR_NEGATIVE,LOW_SAMPLE_UNDER_50,RULE_BLOCK_NEGATIVE_OR_WEAK_MARKET,BLOCK_ML_PROMOTION,API 1X2 hit_rate=43.3% is below the 60% minimum for any ML review.,NO_BLOCKED_MARKET,NO_RULE_ACTIVATION_PERMISSION,NO_CANONICAL_BOARD_PERMISSION,NO_PICK_PERMISSION,NO_STAKE_PERMISSION,NO,NO
2026-08-22,2026-08-22T08:55:05+01:00,API_CAL_RULE_0058,SCORE_BUCKET,SCORE_80_89,API_DNB,75,30,13,11,6,44,43.3,63.3,36.7,CALIBRATION_WEAK_OR_NEGATIVE,LOW_SAMPLE_UNDER_50,RULE_OBSERVE_ONLY_SEGMENT,OBSERVE_MORE_SEGMENT,Segment SCORE_BUCKET=SCORE_80_89 for API_DNB needs more sample before rule review.,NO_SEGMENT_SAMPLE_TOO_SMALL,NO_RULE_ACTIVATION_PERMISSION,NO_CANONICAL_BOARD_PERMISSION,NO_PICK_PERMISSION,NO_STAKE_PERMISSION,NO,NO
2026-08-22,2026-08-22T08:55:05+01:00,API_CAL_RULE_0059,SCORE_BUCKET,SCORE_80_89,API_DOUBLE_CHANCE,75,30,19,11,0,44,63.3,63.3,36.7,CALIBRATION_NEUTRAL,LOW_SAMPLE_UNDER_50,RULE_OBSERVE_ONLY_SEGMENT,OBSERVE_MORE_SEGMENT,Segment SCORE_BUCKET=SCORE_80_89 for API_DOUBLE_CHANCE needs more sample before rule review.,NO_SEGMENT_SAMPLE_TOO_SMALL,NO_RULE_ACTIVATION_PERMISSION,NO_CANONICAL_BOARD_PERMISSION,NO_PICK_PERMISSION,NO_STAKE_PERMISSION,NO,NO
2026-08-22,2026-08-22T08:55:05+01:00,API_CAL_RULE_0060,SCORE_BUCKET,SCORE_80_89,BTTS_YES,75,31,15,16,0,44,48.4,48.4,51.6,CALIBRATION_WEAK_OR_NEGATIVE,LOW_SAMPLE_UNDER_50,RULE_BLOCK_NEGATIVE_OR_WEAK_MARKET,BLOCK_BTTS_YES_PROMOTION,BTTS_YES hit_rate=48.4% is weak/negative in current calibration.,NO_BLOCKED_MARKET,NO_RULE_ACTIVATION_PERMISSION,NO_CANONICAL_BOARD_PERMISSION,NO_PICK_PERMISSION,NO_STAKE_PERMISSION,NO,NO
2026-08-22,2026-08-22T08:55:05+01:00,API_CAL_RULE_0061,SCORE_BUCKET,SCORE_80_89,OVER_1_5,75,31,20,11,0,44,64.5,64.5,35.5,CALIBRATION_NEUTRAL,LOW_SAMPLE_UNDER_50,RULE_OBSERVE_ONLY_SEGMENT,OBSERVE_MORE_SEGMENT,Segment SCORE_BUCKET=SCORE_80_89 for OVER_1_5 needs more sample before rule review.,NO_SEGMENT_SAMPLE_TOO_SMALL,NO_RULE_ACTIVATION_PERMISSION,NO_CANONICAL_BOARD_PERMISSION,NO_PICK_PERMISSION,NO_STAKE_PERMISSION,NO,NO
2026-08-22,2026-08-22T08:55:05+01:00,API_CAL_RULE_0062,SCORE_BUCKET,SCORE_80_89,OVER_2_5,75,31,15,16,0,44,48.4,48.4,51.6,CALIBRATION_WEAK_OR_NEGATIVE,LOW_SAMPLE_UNDER_50,RULE_BLOCK_NEGATIVE_OR_WEAK_MARKET,BLOCK_OVER_2_5_PROMOTION,OVER_2_5 hit_rate=48.4% is weak/negative in current calibration.,NO_BLOCKED_MARKET,NO_RULE_ACTIVATION_PERMISSION,NO_CANONICAL_BOARD_PERMISSION,NO_PICK_PERMISSION,NO_STAKE_PERMISSION,NO,NO
2026-08-22,2026-08-22T08:55:05+01:00,API_CAL_RULE_0063,SCORE_BUCKET,SCORE_80_89,UNDER_3_5,75,31,20,11,0,44,64.5,64.5,35.5,CALIBRATION_NEUTRAL,LOW_SAMPLE_UNDER_50,RULE_OBSERVE_ONLY_SEGMENT,OBSERVE_MORE_SEGMENT,Segment SCORE_BUCKET=SCORE_80_89 for UNDER_3_5 needs more sample before rule review.,NO_SEGMENT_SAMPLE_TOO_SMALL,NO_RULE_ACTIVATION_PERMISSION,NO_CANONICAL_BOARD_PERMISSION,NO_PICK_PERMISSION,NO_STAKE_PERMISSION,NO,NO
2026-08-22,2026-08-22T08:55:05+01:00,API_CAL_RULE_0064,SCORE_BUCKET,SCORE_90_PLUS,API_1X2,236,131,73,58,0,105,55.7,55.7,44.3,CALIBRATION_NEUTRAL,SAMPLE_OK_100_PLUS,RULE_BLOCK_NEGATIVE_OR_WEAK_MARKET,BLOCK_ML_PROMOTION,API 1X2 hit_rate=55.7% is below the 60% minimum for any ML review.,NO_BLOCKED_MARKET,NO_RULE_ACTIVATION_PERMISSION,NO_CANONICAL_BOARD_PERMISSION,NO_PICK_PERMISSION,NO_STAKE_PERMISSION,NO,NO
2026-08-22,2026-08-22T08:55:05+01:00,API_CAL_RULE_0065,SCORE_BUCKET,SCORE_90_PLUS,API_DNB,236,131,73,17,41,105,55.7,87.0,13.0,CALIBRATION_STRONG_PROTECTED_MARKET,SAMPLE_OK_100_PLUS,RULE_CANDIDATE_PROTECTED_MARKET,FUTURE_RULE_REVIEW_ONLY,API DNB hit_or_void=87.0% and miss_rate=13.0% meet protected-market threshold.,YES_REVIEW_ONLY,NO_RULE_ACTIVATION_PERMISSION,NO_CANONICAL_BOARD_PERMISSION,NO_PICK_PERMISSION,NO_STAKE_PERMISSION,NO,NO
2026-08-22,2026-08-22T08:55:05+01:00,API_CAL_RULE_0066,SCORE_BUCKET,SCORE_90_PLUS,API_DOUBLE_CHANCE,236,131,114,17,0,105,87.0,87.0,13.0,CALIBRATION_STRONG_OBSERVED_EDGE,SAMPLE_OK_100_PLUS,RULE_CANDIDATE_PROTECTED_MARKET,FUTURE_RULE_REVIEW_ONLY,API double chance hit_rate=87.0% meets protected-market threshold.,YES_REVIEW_ONLY,NO_RULE_ACTIVATION_PERMISSION,NO_CANONICAL_BOARD_PERMISSION,NO_PICK_PERMISSION,NO_STAKE_PERMISSION,NO,NO
2026-08-22,2026-08-22T08:55:05+01:00,API_CAL_RULE_0067,SCORE_BUCKET,SCORE_90_PLUS,BTTS_YES,236,131,76,55,0,105,58.0,58.0,42.0,CALIBRATION_NEUTRAL,SAMPLE_OK_100_PLUS,RULE_OBSERVE_ONLY_SEGMENT,OBSERVE_MORE_SEGMENT,Segment SCORE_BUCKET=SCORE_90_PLUS for BTTS_YES needs more sample before rule review.,NO_SEGMENT_SAMPLE_TOO_SMALL,NO_RULE_ACTIVATION_PERMISSION,NO_CANONICAL_BOARD_PERMISSION,NO_PICK_PERMISSION,NO_STAKE_PERMISSION,NO,NO
2026-08-22,2026-08-22T08:55:05+01:00,API_CAL_RULE_0068,SCORE_BUCKET,SCORE_90_PLUS,OVER_1_5,236,131,105,26,0,105,80.2,80.2,19.8,CALIBRATION_STRONG_OBSERVED_EDGE,SAMPLE_OK_100_PLUS,RULE_CANDIDATE_TOTAL_MARKET,FUTURE_RULE_REVIEW_ONLY,Over 1.5 hit_rate=80.2% meets total-market threshold.,YES_REVIEW_ONLY,NO_RULE_ACTIVATION_PERMISSION,NO_CANONICAL_BOARD_PERMISSION,NO_PICK_PERMISSION,NO_STAKE_PERMISSION,NO,NO
2026-08-22,2026-08-22T08:55:05+01:00,API_CAL_RULE_0069,SCORE_BUCKET,SCORE_90_PLUS,OVER_2_5,236,131,59,72,0,105,45.0,45.0,55.0,CALIBRATION_WEAK_OR_NEGATIVE,SAMPLE_OK_100_PLUS,RULE_BLOCK_NEGATIVE_OR_WEAK_MARKET,BLOCK_OVER_2_5_PROMOTION,OVER_2_5 hit_rate=45.0% is weak/negative in current calibration.,NO_BLOCKED_MARKET,NO_RULE_ACTIVATION_PERMISSION,NO_CANONICAL_BOARD_PERMISSION,NO_PICK_PERMISSION,NO_STAKE_PERMISSION,NO,NO
2026-08-22,2026-08-22T08:55:05+01:00,API_CAL_RULE_0070,SCORE_BUCKET,SCORE_90_PLUS,UNDER_3_5,236,131,99,32,0,105,75.6,75.6,24.4,CALIBRATION_STRONG_OBSERVED_EDGE,SAMPLE_OK_100_PLUS,RULE_CANDIDATE_TOTAL_MARKET,FUTURE_RULE_REVIEW_ONLY,Under 3.5 hit_rate=75.6% meets total-market threshold.,YES_REVIEW_ONLY,NO_RULE_ACTIVATION_PERMISSION,NO_CANONICAL_BOARD_PERMISSION,NO_PICK_PERMISSION,NO_STAKE_PERMISSION,NO,NO
2026-08-22,2026-08-22T08:55:05+01:00,API_CAL_RULE_0071,SIGNAL_BAND,HIGH_SIGNAL_REVIEW,API_1X2,345,174,91,83,0,170,52.3,52.3,47.7,CALIBRATION_NEUTRAL,SAMPLE_OK_100_PLUS,RULE_BLOCK_NEGATIVE_OR_WEAK_MARKET,BLOCK_ML_PROMOTION,API 1X2 hit_rate=52.3% is below the 60% minimum for any ML review.,NO_BLOCKED_MARKET,NO_RULE_ACTIVATION_PERMISSION,NO_CANONICAL_BOARD_PERMISSION,NO_PICK_PERMISSION,NO_STAKE_PERMISSION,NO,NO
2026-08-22,2026-08-22T08:55:05+01:00,API_CAL_RULE_0072,SIGNAL_BAND,HIGH_SIGNAL_REVIEW,API_DNB,345,174,91,33,50,170,52.3,81.0,19.0,CALIBRATION_STRONG_PROTECTED_MARKET,SAMPLE_OK_100_PLUS,RULE_CANDIDATE_PROTECTED_MARKET,FUTURE_RULE_REVIEW_ONLY,API DNB hit_or_void=81.0% and miss_rate=19.0% meet protected-market threshold.,YES_REVIEW_ONLY,NO_RULE_ACTIVATION_PERMISSION,NO_CANONICAL_BOARD_PERMISSION,NO_PICK_PERMISSION,NO_STAKE_PERMISSION,NO,NO
2026-08-22,2026-08-22T08:55:05+01:00,API_CAL_RULE_0073,SIGNAL_BAND,HIGH_SIGNAL_REVIEW,API_DOUBLE_CHANCE,345,174,141,33,0,170,81.0,81.0,19.0,CALIBRATION_STRONG_OBSERVED_EDGE,SAMPLE_OK_100_PLUS,RULE_CANDIDATE_PROTECTED_MARKET,FUTURE_RULE_REVIEW_ONLY,API double chance hit_rate=81.0% meets protected-market threshold.,YES_REVIEW_ONLY,NO_RULE_ACTIVATION_PERMISSION,NO_CANONICAL_BOARD_PERMISSION,NO_PICK_PERMISSION,NO_STAKE_PERMISSION,NO,NO
2026-08-22,2026-08-22T08:55:05+01:00,API_CAL_RULE_0074,SIGNAL_BAND,HIGH_SIGNAL_REVIEW,BTTS_YES,345,175,97,78,0,170,55.4,55.4,44.6,CALIBRATION_NEUTRAL,SAMPLE_OK_100_PLUS,RULE_OBSERVE_ONLY_SEGMENT,OBSERVE_MORE_SEGMENT,Segment SIGNAL_BAND=HIGH_SIGNAL_REVIEW for BTTS_YES needs more sample before rule review.,NO_SEGMENT_SAMPLE_TOO_SMALL,NO_RULE_ACTIVATION_PERMISSION,NO_CANONICAL_BOARD_PERMISSION,NO_PICK_PERMISSION,NO_STAKE_PERMISSION,NO,NO
2026-08-22,2026-08-22T08:55:05+01:00,API_CAL_RULE_0075,SIGNAL_BAND,HIGH_SIGNAL_REVIEW,OVER_1_5,345,175,133,42,0,170,76.0,76.0,24.0,CALIBRATION_STRONG_OBSERVED_EDGE,SAMPLE_OK_100_PLUS,RULE_CANDIDATE_TOTAL_MARKET,FUTURE_RULE_REVIEW_ONLY,Over 1.5 hit_rate=76.0% meets total-market threshold.,YES_REVIEW_ONLY,NO_RULE_ACTIVATION_PERMISSION,NO_CANONICAL_BOARD_PERMISSION,NO_PICK_PERMISSION,NO_STAKE_PERMISSION,NO,NO
2026-08-22,2026-08-22T08:55:05+01:00,API_CAL_RULE_0076,SIGNAL_BAND,HIGH_SIGNAL_REVIEW,OVER_2_5,345,175,81,94,0,170,46.3,46.3,53.7,CALIBRATION_WEAK_OR_NEGATIVE,SAMPLE_OK_100_PLUS,RULE_BLOCK_NEGATIVE_OR_WEAK_MARKET,BLOCK_OVER_2_5_PROMOTION,OVER_2_5 hit_rate=46.3% is weak/negative in current calibration.,NO_BLOCKED_MARKET,NO_RULE_ACTIVATION_PERMISSION,NO_CANONICAL_BOARD_PERMISSION,NO_PICK_PERMISSION,NO_STAKE_PERMISSION,NO,NO
2026-08-22,2026-08-22T08:55:05+01:00,API_CAL_RULE_0077,SIGNAL_BAND,HIGH_SIGNAL_REVIEW,UNDER_3_5,345,175,126,49,0,170,72.0,72.0,28.0,CALIBRATION_MEDIUM_OBSERVED_EDGE,SAMPLE_OK_100_PLUS,RULE_CANDIDATE_TOTAL_MARKET,FUTURE_RULE_REVIEW_ONLY,Under 3.5 hit_rate=72.0% meets total-market threshold.,YES_REVIEW_ONLY,NO_RULE_ACTIVATION_PERMISSION,NO_CANONICAL_BOARD_PERMISSION,NO_PICK_PERMISSION,NO_STAKE_PERMISSION,NO,NO
2026-08-22,2026-08-22T08:55:05+01:00,API_CAL_RULE_0078,SIGNAL_BAND,MEDIUM_SIGNAL_REVIEW,API_1X2,360,176,92,84,0,184,52.3,52.3,47.7,CALIBRATION_NEUTRAL,SAMPLE_OK_100_PLUS,RULE_BLOCK_NEGATIVE_OR_WEAK_MARKET,BLOCK_ML_PROMOTION,API 1X2 hit_rate=52.3% is below the 60% minimum for any ML review.,NO_BLOCKED_MARKET,NO_RULE_ACTIVATION_PERMISSION,NO_CANONICAL_BOARD_PERMISSION,NO_PICK_PERMISSION,NO_STAKE_PERMISSION,NO,NO
2026-08-22,2026-08-22T08:55:05+01:00,API_CAL_RULE_0079,SIGNAL_BAND,MEDIUM_SIGNAL_REVIEW,API_DNB,360,176,92,45,39,184,52.3,74.4,25.6,CALIBRATION_MEDIUM_PROTECTED_MARKET,SAMPLE_OK_100_PLUS,RULE_OBSERVE_ONLY_SEGMENT,OBSERVE_MORE_SEGMENT,Segment SIGNAL_BAND=MEDIUM_SIGNAL_REVIEW for API_DNB needs more sample before rule review.,NO_SEGMENT_SAMPLE_TOO_SMALL,NO_RULE_ACTIVATION_PERMISSION,NO_CANONICAL_BOARD_PERMISSION,NO_PICK_PERMISSION,NO_STAKE_PERMISSION,NO,NO
2026-08-22,2026-08-22T08:55:05+01:00,API_CAL_RULE_0080,SIGNAL_BAND,MEDIUM_SIGNAL_REVIEW,API_DOUBLE_CHANCE,360,176,131,45,0,184,74.4,74.4,25.6,CALIBRATION_MEDIUM_OBSERVED_EDGE,SAMPLE_OK_100_PLUS,RULE_OBSERVE_ONLY_SEGMENT,OBSERVE_MORE_SEGMENT,Segment SIGNAL_BAND=MEDIUM_SIGNAL_REVIEW for API_DOUBLE_CHANCE needs more sample before rule review.,NO_SEGMENT_SAMPLE_TOO_SMALL,NO_RULE_ACTIVATION_PERMISSION,NO_CANONICAL_BOARD_PERMISSION,NO_PICK_PERMISSION,NO_STAKE_PERMISSION,NO,NO
2026-08-22,2026-08-22T08:55:05+01:00,API_CAL_RULE_0081,SIGNAL_BAND,MEDIUM_SIGNAL_REVIEW,BTTS_YES,360,176,101,75,0,184,57.4,57.4,42.6,CALIBRATION_NEUTRAL,SAMPLE_OK_100_PLUS,RULE_OBSERVE_ONLY_SEGMENT,OBSERVE_MORE_SEGMENT,Segment SIGNAL_BAND=MEDIUM_SIGNAL_REVIEW for BTTS_YES needs more sample before rule review.,NO_SEGMENT_SAMPLE_TOO_SMALL,NO_RULE_ACTIVATION_PERMISSION,NO_CANONICAL_BOARD_PERMISSION,NO_PICK_PERMISSION,NO_STAKE_PERMISSION,NO,NO
2026-08-22,2026-08-22T08:55:05+01:00,API_CAL_RULE_0082,SIGNAL_BAND,MEDIUM_SIGNAL_REVIEW,OVER_1_5,360,176,136,40,0,184,77.3,77.3,22.7,CALIBRATION_STRONG_OBSERVED_EDGE,SAMPLE_OK_100_PLUS,RULE_CANDIDATE_TOTAL_MARKET,FUTURE_RULE_REVIEW_ONLY,Over 1.5 hit_rate=77.3% meets total-market threshold.,YES_REVIEW_ONLY,NO_RULE_ACTIVATION_PERMISSION,NO_CANONICAL_BOARD_PERMISSION,NO_PICK_PERMISSION,NO_STAKE_PERMISSION,NO,NO
2026-08-22,2026-08-22T08:55:05+01:00,API_CAL_RULE_0083,SIGNAL_BAND,MEDIUM_SIGNAL_REVIEW,OVER_2_5,360,176,101,75,0,184,57.4,57.4,42.6,CALIBRATION_NEUTRAL,SAMPLE_OK_100_PLUS,RULE_OBSERVE_ONLY_SEGMENT,OBSERVE_MORE_SEGMENT,Segment SIGNAL_BAND=MEDIUM_SIGNAL_REVIEW for OVER_2_5 needs more sample before rule review.,NO_SEGMENT_SAMPLE_TOO_SMALL,NO_RULE_ACTIVATION_PERMISSION,NO_CANONICAL_BOARD_PERMISSION,NO_PICK_PERMISSION,NO_STAKE_PERMISSION,NO,NO
2026-08-22,2026-08-22T08:55:05+01:00,API_CAL_RULE_0084,SIGNAL_BAND,MEDIUM_SIGNAL_REVIEW,UNDER_3_5,360,176,109,67,0,184,61.9,61.9,38.1,CALIBRATION_NEUTRAL,SAMPLE_OK_100_PLUS,RULE_OBSERVE_ONLY_SEGMENT,OBSERVE_MORE_SEGMENT,Segment SIGNAL_BAND=MEDIUM_SIGNAL_REVIEW for UNDER_3_5 needs more sample before rule review.,NO_SEGMENT_SAMPLE_TOO_SMALL,NO_RULE_ACTIVATION_PERMISSION,NO_CANONICAL_BOARD_PERMISSION,NO_PICK_PERMISSION,NO_STAKE_PERMISSION,NO,NO
