target_date,generated_at,fixture_id,league,country,home_team,away_team,fixture_datetime_utc,source_path,raw_trust_status,trust_reason,allowed_downstream_use,auto_apply,production_change
2026-07-08,2026-07-08T23:32:18+01:00,1554374,UEFA Champions League,,Vikingur Reykjavik,Gyori ETO FC,,data/processed/governance/vsigma_match_stat_forecasts.csv,TRUSTED_RAW_SOURCE,source is not rejected and competition is not low-trust by token gate,SCORING_ALLOWED_WITH_NORMAL_GATES,NO,NO
2026-07-08,2026-07-08T23:32:18+01:00,1554368,UEFA Champions League,,Lincoln Red Imps FC,Inter Club d'Escaldes,,data/processed/governance/vsigma_match_stat_forecasts.csv,TRUSTED_RAW_SOURCE,source is not rejected and competition is not low-trust by token gate,SCORING_ALLOWED_WITH_NORMAL_GATES,NO,NO
2026-07-08,2026-07-08T23:32:18+01:00,1554414,,,Zira,Torpedo Kutaisi,,data/processed/governance/vsigma_promoted_raw_fixture_candidates.csv,TRUSTED_RAW_SOURCE,source is not rejected and competition is not low-trust by token gate,SCORING_ALLOWED_WITH_NORMAL_GATES,NO,NO
2026-07-08,2026-07-08T23:32:18+01:00,1554370,,,Petrocub,Egnatia Rrogozhinë,,data/processed/governance/vsigma_promoted_raw_fixture_candidates.csv,TRUSTED_RAW_SOURCE,source is not rejected and competition is not low-trust by token gate,SCORING_ALLOWED_WITH_NORMAL_GATES,NO,NO
2026-07-08,2026-07-08T23:32:18+01:00,1554363,UEFA Champions League,World,Flora Tallinn,Saburtalo,2026-07-08T17:00:00+01:00,data/processed/governance/vsigma_promoted_raw_fixture_candidates.csv,TRUSTED_RAW_SOURCE,source is not rejected and competition is not low-trust by token gate,SCORING_ALLOWED_WITH_NORMAL_GATES,NO,NO
2026-07-08,2026-07-08T23:32:18+01:00,1554365,UEFA Champions League,World,Kairat Almaty,Sutjeska,2026-07-08T16:00:00+01:00,data/processed/governance/vsigma_promoted_raw_fixture_candidates.csv,TRUSTED_RAW_SOURCE,source is not rejected and competition is not low-trust by token gate,SCORING_ALLOWED_WITH_NORMAL_GATES,NO,NO
2026-07-08,2026-07-08T23:32:18+01:00,1554369,UEFA Champions League,World,ML Vitebsk,Universitatea Craiova,2026-07-08T18:00:00+01:00,data/processed/governance/vsigma_promoted_raw_fixture_candidates.csv,TRUSTED_RAW_SOURCE,source is not rejected and competition is not low-trust by token gate,SCORING_ALLOWED_WITH_NORMAL_GATES,NO,NO
2026-07-08,2026-07-08T23:32:18+01:00,1554395,UEFA Europa Conference League,World,FC Differdange 03,Ilves,2026-07-08T18:30:00+01:00,data/processed/governance/vsigma_promoted_raw_fixture_candidates.csv,TRUSTED_RAW_SOURCE,source is not rejected and competition is not low-trust by token gate,SCORING_ALLOWED_WITH_NORMAL_GATES,NO,NO
2026-07-08,2026-07-08T23:32:18+01:00,1554393,UEFA Europa Conference League,World,GAP Connah S Quay FC,Ballkani,2026-07-08T18:30:00+01:00,data/processed/governance/vsigma_promoted_raw_fixture_candidates.csv,TRUSTED_RAW_SOURCE,source is not rejected and competition is not low-trust by token gate,SCORING_ALLOWED_WITH_NORMAL_GATES,NO,NO
2026-07-08,2026-07-08T23:32:18+01:00,1544845,Canadian Championship,Canada,Saint-Laurent,Forge,2026-07-08T20:00:00+01:00,data/processed/governance/vsigma_raw_candidate_trust_gate.csv,TRUSTED_RAW_SOURCE,source is not rejected and competition is not low-trust by token gate,SCORING_ALLOWED_WITH_NORMAL_GATES,NO,NO
2026-07-08,2026-07-08T23:32:18+01:00,1542926,Copa Ecuador,Ecuador,Santo Domingo,Independiente del Valle,2026-07-08T23:30:00+01:00,data/processed/governance/vsigma_raw_candidate_trust_gate.csv,TRUSTED_RAW_SOURCE,source is not rejected and competition is not low-trust by token gate,SCORING_ALLOWED_WITH_NORMAL_GATES,NO,NO
2026-07-08,2026-07-08T23:32:18+01:00,1541992,Catarinense - 2,Brazil,Blumenau,Juventus SC,2026-07-08T19:00:00+01:00,data/processed/governance/vsigma_raw_candidate_trust_gate.csv,TRUSTED_RAW_SOURCE,source is not rejected and competition is not low-trust by token gate,SCORING_ALLOWED_WITH_NORMAL_GATES,NO,NO
2026-07-08,2026-07-08T23:32:18+01:00,1560418,Copa Rio,Brazil,CEAC / Araruama,São Cristóvão RJ,2026-07-08T18:45:00+01:00,data/processed/governance/vsigma_raw_candidate_trust_gate.csv,TRUSTED_RAW_SOURCE,source is not rejected and competition is not low-trust by token gate,SCORING_ALLOWED_WITH_NORMAL_GATES,NO,NO
2026-07-08,2026-07-08T23:32:18+01:00,1560835,Copa Venezuela,Venezuela,Academia Anzoátegui,Marítimo,2026-07-08T21:00:00+01:00,data/processed/governance/vsigma_raw_candidate_trust_gate.csv,QUARANTINE_REVIEW,youth/women/reserve/academy competition requires explicit whitelist before scoring,QUARANTINE_ONLY,NO,NO
2026-07-08,2026-07-08T23:32:18+01:00,1560837,Copa Venezuela,Venezuela,Caracas FC,Yaracuyanos FC,2026-07-08T21:00:00+01:00,data/processed/governance/vsigma_raw_candidate_trust_gate.csv,TRUSTED_RAW_SOURCE,source is not rejected and competition is not low-trust by token gate,SCORING_ALLOWED_WITH_NORMAL_GATES,NO,NO
2026-07-08,2026-07-08T23:32:18+01:00,1560838,Copa Venezuela,Venezuela,Dinamo de Puerto La Cruz,Bolívar,2026-07-08T21:00:00+01:00,data/processed/governance/vsigma_raw_candidate_trust_gate.csv,TRUSTED_RAW_SOURCE,source is not rejected and competition is not low-trust by token gate,SCORING_ALLOWED_WITH_NORMAL_GATES,NO,NO
2026-07-08,2026-07-08T23:32:18+01:00,1560836,Copa Venezuela,Venezuela,Fundación Lara Deportiva,Aragua FC,2026-07-08T21:00:00+01:00,data/processed/governance/vsigma_raw_candidate_trust_gate.csv,TRUSTED_RAW_SOURCE,source is not rejected and competition is not low-trust by token gate,SCORING_ALLOWED_WITH_NORMAL_GATES,NO,NO
2026-07-08,2026-07-08T23:32:18+01:00,1560840,Copa Venezuela,Venezuela,Mineros de Guyana,Monagas SC,2026-07-08T21:00:00+01:00,data/processed/governance/vsigma_raw_candidate_trust_gate.csv,TRUSTED_RAW_SOURCE,source is not rejected and competition is not low-trust by token gate,SCORING_ALLOWED_WITH_NORMAL_GATES,NO,NO
2026-07-08,2026-07-08T23:32:18+01:00,1560841,Copa Venezuela,Venezuela,Petare FC,Atletico Avila FC,2026-07-08T21:00:00+01:00,data/processed/governance/vsigma_raw_candidate_trust_gate.csv,TRUSTED_RAW_SOURCE,source is not rejected and competition is not low-trust by token gate,SCORING_ALLOWED_WITH_NORMAL_GATES,NO,NO
2026-07-08,2026-07-08T23:32:18+01:00,1560842,Copa Venezuela,Venezuela,Rayo Zuliano,Deportivo Lara,2026-07-08T21:00:00+01:00,data/processed/governance/vsigma_raw_candidate_trust_gate.csv,TRUSTED_RAW_SOURCE,source is not rejected and competition is not low-trust by token gate,SCORING_ALLOWED_WITH_NORMAL_GATES,NO,NO
2026-07-08,2026-07-08T23:32:18+01:00,1560839,Copa Venezuela,Venezuela,Real Frontera,Atletico el Vigia FC,2026-07-08T21:00:00+01:00,data/processed/governance/vsigma_raw_candidate_trust_gate.csv,TRUSTED_RAW_SOURCE,source is not rejected and competition is not low-trust by token gate,SCORING_ALLOWED_WITH_NORMAL_GATES,NO,NO
2026-07-08,2026-07-08T23:32:18+01:00,1560843,Copa Venezuela,Venezuela,Urena SC,Trujillanos FC,2026-07-08T21:00:00+01:00,data/processed/governance/vsigma_raw_candidate_trust_gate.csv,TRUSTED_RAW_SOURCE,source is not rejected and competition is not low-trust by token gate,SCORING_ALLOWED_WITH_NORMAL_GATES,NO,NO
2026-07-08,2026-07-08T23:32:18+01:00,1560844,Copa Venezuela,Venezuela,Zamora FC,Club Atletico Barinas,2026-07-08T21:00:00+01:00,data/processed/governance/vsigma_raw_candidate_trust_gate.csv,TRUSTED_RAW_SOURCE,source is not rejected and competition is not low-trust by token gate,SCORING_ALLOWED_WITH_NORMAL_GATES,NO,NO
2026-07-08,2026-07-08T23:32:18+01:00,1545037,Cup,Morocco,FAR Rabat,Stade Marocain,2026-07-08T20:00:00+01:00,data/processed/governance/vsigma_raw_candidate_trust_gate.csv,TRUSTED_RAW_SOURCE,source is not rejected and competition is not low-trust by token gate,SCORING_ALLOWED_WITH_NORMAL_GATES,NO,NO
2026-07-08,2026-07-08T23:32:18+01:00,1541749,Kakkonen - Lohko C,Finland,Jaro 2,SJK-juniorit,2026-07-08T16:30:00+01:00,data/processed/governance/vsigma_raw_candidate_trust_gate.csv,TRUSTED_RAW_SOURCE,source is not rejected and competition is not low-trust by token gate,SCORING_ALLOWED_WITH_NORMAL_GATES,NO,NO
2026-07-08,2026-07-08T23:32:18+01:00,1532768,League Two,China,Langfang Glory City,Jiangxi Liansheng,2026-07-08T12:30:00+01:00,data/processed/governance/vsigma_raw_candidate_trust_gate.csv,TRUSTED_RAW_SOURCE,source is not rejected and competition is not low-trust by token gate,SCORING_ALLOWED_WITH_NORMAL_GATES,NO,NO
2026-07-08,2026-07-08T23:32:18+01:00,1526567,Liga Pro Serie B,Ecuador,El Nacional,Cumbayá,2026-07-08T21:00:00+01:00,data/processed/governance/vsigma_raw_candidate_trust_gate.csv,TRUSTED_RAW_SOURCE,source is not rejected and competition is not low-trust by token gate,SCORING_ALLOWED_WITH_NORMAL_GATES,NO,NO
2026-07-08,2026-07-08T23:32:18+01:00,1581823,Ligi kuu Bara,Tanzania,Tanzania Prisons,Mbeya City,2026-07-08T14:00:00+01:00,data/processed/governance/vsigma_raw_candidate_trust_gate.csv,TRUSTED_RAW_SOURCE,source is not rejected and competition is not low-trust by token gate,SCORING_ALLOWED_WITH_NORMAL_GATES,NO,NO
2026-07-08,2026-07-08T23:32:18+01:00,1523779,Northern NSW NPL,Australia,Kahibah,Maitland,2026-07-08T11:00:00+01:00,data/processed/governance/vsigma_raw_candidate_trust_gate.csv,TRUSTED_RAW_SOURCE,source is not rejected and competition is not low-trust by token gate,SCORING_ALLOWED_WITH_NORMAL_GATES,NO,NO
2026-07-08,2026-07-08T23:32:18+01:00,1527634,Premier League,Kyrgyzstan,Alay,Toktogul,2026-07-08T15:30:00+01:00,data/processed/governance/vsigma_raw_candidate_trust_gate.csv,TRUSTED_RAW_SOURCE,source is not rejected and competition is not low-trust by token gate,SCORING_ALLOWED_WITH_NORMAL_GATES,NO,NO
2026-07-08,2026-07-08T23:32:18+01:00,1527637,Premier League,Kyrgyzstan,Alga,Dordoi Bishkek,2026-07-08T15:30:00+01:00,data/processed/governance/vsigma_raw_candidate_trust_gate.csv,TRUSTED_RAW_SOURCE,source is not rejected and competition is not low-trust by token gate,SCORING_ALLOWED_WITH_NORMAL_GATES,NO,NO
2026-07-08,2026-07-08T23:32:18+01:00,1538366,Primera División,Bolivia,Real Oruro,Universitario de Vinto,2026-07-08T23:00:00+01:00,data/processed/governance/vsigma_raw_candidate_trust_gate.csv,TRUSTED_RAW_SOURCE,source is not rejected and competition is not low-trust by token gate,SCORING_ALLOWED_WITH_NORMAL_GATES,NO,NO
2026-07-08,2026-07-08T23:32:18+01:00,1493895,USL League One,USA,Tormenta,Portland Hearts of Pine,2026-07-08T21:00:00+01:00,data/processed/governance/vsigma_raw_candidate_trust_gate.csv,TRUSTED_RAW_SOURCE,source is not rejected and competition is not low-trust by token gate,SCORING_ALLOWED_WITH_NORMAL_GATES,NO,NO
2026-07-08,2026-07-08T23:32:18+01:00,1525284,USL League Two,USA,Bethesda SC,Virginia Marauders,2026-07-08T23:30:00+01:00,data/processed/governance/vsigma_raw_candidate_trust_gate.csv,TRUSTED_RAW_SOURCE,source is not rejected and competition is not low-trust by token gate,SCORING_ALLOWED_WITH_NORMAL_GATES,NO,NO
2026-07-08,2026-07-08T23:32:18+01:00,1525282,USL League Two,USA,Cleveland Force,Steel City,2026-07-08T23:00:00+01:00,data/processed/governance/vsigma_raw_candidate_trust_gate.csv,TRUSTED_RAW_SOURCE,source is not rejected and competition is not low-trust by token gate,SCORING_ALLOWED_WITH_NORMAL_GATES,NO,NO
2026-07-08,2026-07-08T23:32:18+01:00,1525275,USL League Two,USA,Colorado Storm,Unión Villa Krause,2026-07-08T02:30:00+01:00,data/processed/governance/vsigma_raw_candidate_trust_gate.csv,TRUSTED_RAW_SOURCE,source is not rejected and competition is not low-trust by token gate,SCORING_ALLOWED_WITH_NORMAL_GATES,NO,NO
2026-07-08,2026-07-08T23:32:18+01:00,1525423,USL League Two,USA,Delaware FC,Eagle FC,2026-07-08T22:00:00+01:00,data/processed/governance/vsigma_raw_candidate_trust_gate.csv,TRUSTED_RAW_SOURCE,source is not rejected and competition is not low-trust by token gate,SCORING_ALLOWED_WITH_NORMAL_GATES,NO,NO
2026-07-08,2026-07-08T23:32:18+01:00,1525283,USL League Two,USA,North Carolina II,Charlotte Eagles,2026-07-08T23:00:00+01:00,data/processed/governance/vsigma_raw_candidate_trust_gate.csv,TRUSTED_RAW_SOURCE,source is not rejected and competition is not low-trust by token gate,SCORING_ALLOWED_WITH_NORMAL_GATES,NO,NO
2026-07-08,2026-07-08T23:32:18+01:00,1543931,Brasileiro U17,Brazil,America MG U17,Atletico GO U17,2026-07-08T19:00:00+01:00,data/processed/governance/vsigma_raw_candidate_trust_gate.csv,QUARANTINE_REVIEW,youth/women/reserve/academy competition requires explicit whitelist before scoring,QUARANTINE_ONLY,NO,NO
2026-07-08,2026-07-08T23:32:18+01:00,1543933,Brasileiro U17,Brazil,Bahia U17,Gremio U17,2026-07-08T19:00:00+01:00,data/processed/governance/vsigma_raw_candidate_trust_gate.csv,QUARANTINE_REVIEW,youth/women/reserve/academy competition requires explicit whitelist before scoring,QUARANTINE_ONLY,NO,NO
2026-07-08,2026-07-08T23:32:18+01:00,1543936,Brasileiro U17,Brazil,Flamengo RJ U17,Vitoria U17,2026-07-08T19:00:00+01:00,data/processed/governance/vsigma_raw_candidate_trust_gate.csv,QUARANTINE_REVIEW,youth/women/reserve/academy competition requires explicit whitelist before scoring,QUARANTINE_ONLY,NO,NO
2026-07-08,2026-07-08T23:32:18+01:00,1543939,Brasileiro U17,Brazil,Sao Paulo U17,RB Bragantino U17,2026-07-08T19:00:00+01:00,data/processed/governance/vsigma_raw_candidate_trust_gate.csv,QUARANTINE_REVIEW,youth/women/reserve/academy competition requires explicit whitelist before scoring,QUARANTINE_ONLY,NO,NO
2026-07-08,2026-07-08T23:32:18+01:00,1576747,Brasileiro U20 A,Brazil,Athletico PR U20,RB Bragantino U20,2026-07-08T19:00:00+01:00,data/processed/governance/vsigma_raw_candidate_trust_gate.csv,QUARANTINE_REVIEW,youth/women/reserve/academy competition requires explicit whitelist before scoring,QUARANTINE_ONLY,NO,NO
2026-07-08,2026-07-08T23:32:18+01:00,1576748,Brasileiro U20 A,Brazil,Corinthians U20,Palmeiras U20,2026-07-08T19:00:00+01:00,data/processed/governance/vsigma_raw_candidate_trust_gate.csv,QUARANTINE_REVIEW,youth/women/reserve/academy competition requires explicit whitelist before scoring,QUARANTINE_ONLY,NO,NO
2026-07-08,2026-07-08T23:32:18+01:00,1576749,Brasileiro U20 A,Brazil,Cruzeiro U20,Vasco da Gama U20,2026-07-08T19:00:00+01:00,data/processed/governance/vsigma_raw_candidate_trust_gate.csv,QUARANTINE_REVIEW,youth/women/reserve/academy competition requires explicit whitelist before scoring,QUARANTINE_ONLY,NO,NO
2026-07-08,2026-07-08T23:32:18+01:00,1576750,Brasileiro U20 A,Brazil,Santos U20,Botafogo U20,2026-07-08T19:00:00+01:00,data/processed/governance/vsigma_raw_candidate_trust_gate.csv,QUARANTINE_REVIEW,youth/women/reserve/academy competition requires explicit whitelist before scoring,QUARANTINE_ONLY,NO,NO
2026-07-08,2026-07-08T23:32:18+01:00,1567322,Cearense U20,Brazil,Anjos do Céu U20,Alianca U20,2026-07-08T14:00:00+01:00,data/processed/governance/vsigma_raw_candidate_trust_gate.csv,QUARANTINE_REVIEW,youth/women/reserve/academy competition requires explicit whitelist before scoring,QUARANTINE_ONLY,NO,NO
2026-07-08,2026-07-08T23:32:18+01:00,1540190,Cearense U20,Brazil,Ceará U20,Fortaleza U20,2026-07-08T19:00:00+01:00,data/processed/governance/vsigma_raw_candidate_trust_gate.csv,QUARANTINE_REVIEW,youth/women/reserve/academy competition requires explicit whitelist before scoring,QUARANTINE_ONLY,NO,NO
2026-07-08,2026-07-08T23:32:18+01:00,1583646,Friendlies,World,Australia U17,Nigeria U17,2026-07-08T09:00:00+01:00,data/processed/governance/vsigma_raw_candidate_trust_gate.csv,QUARANTINE_REVIEW,youth/women/reserve/academy competition requires explicit whitelist before scoring,QUARANTINE_ONLY,NO,NO
2026-07-08,2026-07-08T23:32:18+01:00,1583648,Friendlies,World,China PR U17,Tanzania U17,2026-07-08T12:35:00+01:00,data/processed/governance/vsigma_raw_candidate_trust_gate.csv,QUARANTINE_REVIEW,youth/women/reserve/academy competition requires explicit whitelist before scoring,QUARANTINE_ONLY,NO,NO
2026-07-08,2026-07-08T23:32:18+01:00,1583647,Friendlies,World,Vietnam,Yongin City,2026-07-08T09:00:00+01:00,data/processed/governance/vsigma_raw_candidate_trust_gate.csv,TRUSTED_RAW_SOURCE,source is not rejected and competition is not low-trust by token gate,SCORING_ALLOWED_WITH_NORMAL_GATES,NO,NO
2026-07-08,2026-07-08T23:32:18+01:00,1554782,Friendlies Clubs,World,ASC Dortmund,Borussia Dortmund II,2026-07-08T18:00:00+01:00,data/processed/governance/vsigma_raw_candidate_trust_gate.csv,TRUSTED_RAW_SOURCE,source is not rejected and competition is not low-trust by token gate,SCORING_ALLOWED_WITH_NORMAL_GATES,NO,NO
2026-07-08,2026-07-08T23:32:18+01:00,1554810,Friendlies Clubs,World,Admira Wacker,Fenerbahçe,2026-07-08T18:30:00+01:00,data/processed/governance/vsigma_raw_candidate_trust_gate.csv,TRUSTED_RAW_SOURCE,source is not rejected and competition is not low-trust by token gate,SCORING_ALLOWED_WITH_NORMAL_GATES,NO,NO
2026-07-08,2026-07-08T23:32:18+01:00,1554804,Friendlies Clubs,World,Altglienicke,Union Klosterfelde,2026-07-08T17:30:00+01:00,data/processed/governance/vsigma_raw_candidate_trust_gate.csv,TRUSTED_RAW_SOURCE,source is not rejected and competition is not low-trust by token gate,SCORING_ALLOWED_WITH_NORMAL_GATES,NO,NO
2026-07-08,2026-07-08T23:32:18+01:00,1547927,Friendlies Clubs,World,Anker Wismar,Hansa Rostock,2026-07-08T17:30:00+01:00,data/processed/governance/vsigma_raw_candidate_trust_gate.csv,TRUSTED_RAW_SOURCE,source is not rejected and competition is not low-trust by token gate,SCORING_ALLOWED_WITH_NORMAL_GATES,NO,NO
2026-07-08,2026-07-08T23:32:18+01:00,1548791,Friendlies Clubs,World,Aubel,Standard Liege,2026-07-08T17:30:00+01:00,data/processed/governance/vsigma_raw_candidate_trust_gate.csv,TRUSTED_RAW_SOURCE,source is not rejected and competition is not low-trust by token gate,SCORING_ALLOWED_WITH_NORMAL_GATES,NO,NO
2026-07-08,2026-07-08T23:32:18+01:00,1567572,Friendlies Clubs,World,Austin,Sporting JAX,2026-07-08T21:00:00+01:00,data/processed/governance/vsigma_raw_candidate_trust_gate.csv,TRUSTED_RAW_SOURCE,source is not rejected and competition is not low-trust by token gate,SCORING_ALLOWED_WITH_NORMAL_GATES,NO,NO
2026-07-08,2026-07-08T23:32:18+01:00,1546631,Friendlies Clubs,World,Austria Vienna,Dunajska Streda,2026-07-08T17:00:00+01:00,data/processed/governance/vsigma_raw_candidate_trust_gate.csv,TRUSTED_RAW_SOURCE,source is not rejected and competition is not low-trust by token gate,SCORING_ALLOWED_WITH_NORMAL_GATES,NO,NO
2026-07-08,2026-07-08T23:32:18+01:00,1554806,Friendlies Clubs,World,Bersenbrück,HSC Hannover,2026-07-08T18:00:00+01:00,data/processed/governance/vsigma_raw_candidate_trust_gate.csv,TRUSTED_RAW_SOURCE,source is not rejected and competition is not low-trust by token gate,SCORING_ALLOWED_WITH_NORMAL_GATES,NO,NO
2026-07-08,2026-07-08T23:32:18+01:00,1567568,Friendlies Clubs,World,Boulogne,Versailles,2026-07-08T16:00:00+01:00,data/processed/governance/vsigma_raw_candidate_trust_gate.csv,TRUSTED_RAW_SOURCE,source is not rejected and competition is not low-trust by token gate,SCORING_ALLOWED_WITH_NORMAL_GATES,NO,NO
2026-07-08,2026-07-08T23:32:18+01:00,1548792,Friendlies Clubs,World,Brechin,Dundee,2026-07-08T19:45:00+01:00,data/processed/governance/vsigma_raw_candidate_trust_gate.csv,TRUSTED_RAW_SOURCE,source is not rejected and competition is not low-trust by token gate,SCORING_ALLOWED_WITH_NORMAL_GATES,NO,NO
2026-07-08,2026-07-08T23:32:18+01:00,1560541,Friendlies Clubs,World,Brinje-Grosuplje,Uta Arad,2026-07-08T13:00:00+01:00,data/processed/governance/vsigma_raw_candidate_trust_gate.csv,TRUSTED_RAW_SOURCE,source is not rejected and competition is not low-trust by token gate,SCORING_ALLOWED_WITH_NORMAL_GATES,NO,NO
2026-07-08,2026-07-08T23:32:18+01:00,1554784,Friendlies Clubs,World,Celje,MTK Budapest,2026-07-08T16:30:00+01:00,data/processed/governance/vsigma_raw_candidate_trust_gate.csv,TRUSTED_RAW_SOURCE,source is not rejected and competition is not low-trust by token gate,SCORING_ALLOWED_WITH_NORMAL_GATES,NO,NO
2026-07-08,2026-07-08T23:32:18+01:00,1554785,Friendlies Clubs,World,Cherno More Varna,Dobrudzha,2026-07-08T16:00:00+01:00,data/processed/governance/vsigma_raw_candidate_trust_gate.csv,TRUSTED_RAW_SOURCE,source is not rejected and competition is not low-trust by token gate,SCORING_ALLOWED_WITH_NORMAL_GATES,NO,NO
2026-07-08,2026-07-08T23:32:18+01:00,1554786,Friendlies Clubs,World,Chojniczanka Chojnice,Polonia Środa,2026-07-08T13:00:00+01:00,data/processed/governance/vsigma_raw_candidate_trust_gate.csv,TRUSTED_RAW_SOURCE,source is not rejected and competition is not low-trust by token gate,SCORING_ALLOWED_WITH_NORMAL_GATES,NO,NO
2026-07-08,2026-07-08T23:32:18+01:00,1554799,Friendlies Clubs,World,Eintracht Braunschw. II,Schöningen,2026-07-08T17:00:00+01:00,data/processed/governance/vsigma_raw_candidate_trust_gate.csv,TRUSTED_RAW_SOURCE,source is not rejected and competition is not low-trust by token gate,SCORING_ALLOWED_WITH_NORMAL_GATES,NO,NO
2026-07-08,2026-07-08T23:32:18+01:00,1554801,Friendlies Clubs,World,Eltersdorf,SpVgg Greuther Fürth,2026-07-08T17:00:00+01:00,data/processed/governance/vsigma_raw_candidate_trust_gate.csv,TRUSTED_RAW_SOURCE,source is not rejected and competition is not low-trust by token gate,SCORING_ALLOWED_WITH_NORMAL_GATES,NO,NO
2026-07-08,2026-07-08T23:32:18+01:00,1550539,Friendlies Clubs,World,Erzgebirge Aue,VfL Halle,2026-07-08T17:30:00+01:00,data/processed/governance/vsigma_raw_candidate_trust_gate.csv,TRUSTED_RAW_SOURCE,source is not rejected and competition is not low-trust by token gate,SCORING_ALLOWED_WITH_NORMAL_GATES,NO,NO
2026-07-08,2026-07-08T23:32:18+01:00,1547920,Friendlies Clubs,World,FC Basel 1893,Yverdon Sport,2026-07-08T13:00:00+01:00,data/processed/governance/vsigma_raw_candidate_trust_gate.csv,TRUSTED_RAW_SOURCE,source is not rejected and competition is not low-trust by token gate,SCORING_ALLOWED_WITH_NORMAL_GATES,NO,NO
2026-07-08,2026-07-08T23:32:18+01:00,1554797,Friendlies Clubs,World,FC Gutersloh,Arminia Bielefeld,2026-07-08T14:00:00+01:00,data/processed/governance/vsigma_raw_candidate_trust_gate.csv,TRUSTED_RAW_SOURCE,source is not rejected and competition is not low-trust by token gate,SCORING_ALLOWED_WITH_NORMAL_GATES,NO,NO
2026-07-08,2026-07-08T23:32:18+01:00,1560552,Friendlies Clubs,World,FC Lok Stendal,BFC Dynamo,2026-07-08T17:00:00+01:00,data/processed/governance/vsigma_raw_candidate_trust_gate.csv,TRUSTED_RAW_SOURCE,source is not rejected and competition is not low-trust by token gate,SCORING_ALLOWED_WITH_NORMAL_GATES,NO,NO
2026-07-08,2026-07-08T23:32:18+01:00,1554789,Friendlies Clubs,World,FK Jablonec,Pafos,2026-07-08T17:00:00+01:00,data/processed/governance/vsigma_raw_candidate_trust_gate.csv,TRUSTED_RAW_SOURCE,source is not rejected and competition is not low-trust by token gate,SCORING_ALLOWED_WITH_NORMAL_GATES,NO,NO
2026-07-08,2026-07-08T23:32:18+01:00,1547924,Friendlies Clubs,World,FSV Zwickau,Greuther Fürth II,2026-07-08T16:30:00+01:00,data/processed/governance/vsigma_raw_candidate_trust_gate.csv,TRUSTED_RAW_SOURCE,source is not rejected and competition is not low-trust by token gate,SCORING_ALLOWED_WITH_NORMAL_GATES,NO,NO
2026-07-08,2026-07-08T23:32:18+01:00,1554798,Friendlies Clubs,World,Farul Constanta,Cherno More Varna,2026-07-08T15:30:00+01:00,data/processed/governance/vsigma_raw_candidate_trust_gate.csv,TRUSTED_RAW_SOURCE,source is not rejected and competition is not low-trust by token gate,SCORING_ALLOWED_WITH_NORMAL_GATES,NO,NO
2026-07-08,2026-07-08T23:32:18+01:00,1562887,Friendlies Clubs,World,Flamengo,Lausanne,2026-07-08T20:30:00+01:00,data/processed/governance/vsigma_raw_candidate_trust_gate.csv,TRUSTED_RAW_SOURCE,source is not rejected and competition is not low-trust by token gate,SCORING_ALLOWED_WITH_NORMAL_GATES,NO,NO
2026-07-08,2026-07-08T23:32:18+01:00,1550541,Friendlies Clubs,World,GO Ahead Eagles,Almere City FC,2026-07-08T18:00:00+01:00,data/processed/governance/vsigma_raw_candidate_trust_gate.csv,TRUSTED_RAW_SOURCE,source is not rejected and competition is not low-trust by token gate,SCORING_ALLOWED_WITH_NORMAL_GATES,NO,NO
2026-07-08,2026-07-08T23:32:18+01:00,1554787,Friendlies Clubs,World,Genk,SK Beveren,2026-07-08T14:00:00+01:00,data/processed/governance/vsigma_raw_candidate_trust_gate.csv,TRUSTED_RAW_SOURCE,source is not rejected and competition is not low-trust by token gate,SCORING_ALLOWED_WITH_NORMAL_GATES,NO,NO
2026-07-08,2026-07-08T23:32:18+01:00,1554800,Friendlies Clubs,World,Germania Ober-Roden,Kickers Offenbach,2026-07-08T17:00:00+01:00,data/processed/governance/vsigma_raw_candidate_trust_gate.csv,TRUSTED_RAW_SOURCE,source is not rejected and competition is not low-trust by token gate,SCORING_ALLOWED_WITH_NORMAL_GATES,NO,NO
2026-07-08,2026-07-08T23:32:18+01:00,1548790,Friendlies Clubs,World,Górnik Łęczna,Hetman Zamosc,2026-07-08T10:00:00+01:00,data/processed/governance/vsigma_raw_candidate_trust_gate.csv,TRUSTED_RAW_SOURCE,source is not rejected and competition is not low-trust by token gate,SCORING_ALLOWED_WITH_NORMAL_GATES,NO,NO
2026-07-08,2026-07-08T23:32:18+01:00,1554788,Friendlies Clubs,World,Hannover 96 II,BSG Chemie Leipzig,2026-07-08T13:00:00+01:00,data/processed/governance/vsigma_raw_candidate_trust_gate.csv,TRUSTED_RAW_SOURCE,source is not rejected and competition is not low-trust by token gate,SCORING_ALLOWED_WITH_NORMAL_GATES,NO,NO
2026-07-08,2026-07-08T23:32:18+01:00,1554807,Friendlies Clubs,World,Heracles,Groningen,2026-07-08T18:00:00+01:00,data/processed/governance/vsigma_raw_candidate_trust_gate.csv,TRUSTED_RAW_SOURCE,source is not rejected and competition is not low-trust by token gate,SCORING_ALLOWED_WITH_NORMAL_GATES,NO,NO
2026-07-08,2026-07-08T23:32:18+01:00,1550538,Friendlies Clubs,World,Karlsruhe II,FC 08 Homburg,2026-07-08T17:00:00+01:00,data/processed/governance/vsigma_raw_candidate_trust_gate.csv,TRUSTED_RAW_SOURCE,source is not rejected and competition is not low-trust by token gate,SCORING_ALLOWED_WITH_NORMAL_GATES,NO,NO
2026-07-08,2026-07-08T23:32:18+01:00,1560548,Friendlies Clubs,World,Kolding IF,Vendsyssel FF,2026-07-08T13:00:00+01:00,data/processed/governance/vsigma_raw_candidate_trust_gate.csv,TRUSTED_RAW_SOURCE,source is not rejected and competition is not low-trust by token gate,SCORING_ALLOWED_WITH_NORMAL_GATES,NO,NO
2026-07-08,2026-07-08T23:32:18+01:00,1550537,Friendlies Clubs,World,Komárno,Lokomotíva Zvolen,2026-07-08T16:00:00+01:00,data/processed/governance/vsigma_raw_candidate_trust_gate.csv,TRUSTED_RAW_SOURCE,source is not rejected and competition is not low-trust by token gate,SCORING_ALLOWED_WITH_NORMAL_GATES,NO,NO
2026-07-08,2026-07-08T23:32:18+01:00,1546632,Friendlies Clubs,World,Kornburg,1. FC Nürnberg,2026-07-08T18:00:00+01:00,data/processed/governance/vsigma_raw_candidate_trust_gate.csv,TRUSTED_RAW_SOURCE,source is not rejected and competition is not low-trust by token gate,SCORING_ALLOWED_WITH_NORMAL_GATES,NO,NO
2026-07-08,2026-07-08T23:32:18+01:00,1554805,Friendlies Clubs,World,Lichtenberg,Hertha BSC,2026-07-08T17:30:00+01:00,data/processed/governance/vsigma_raw_candidate_trust_gate.csv,TRUSTED_RAW_SOURCE,source is not rejected and competition is not low-trust by token gate,SCORING_ALLOWED_WITH_NORMAL_GATES,NO,NO
2026-07-08,2026-07-08T23:32:18+01:00,1560551,Friendlies Clubs,World,Lipany,Humenné,2026-07-08T16:00:00+01:00,data/processed/governance/vsigma_raw_candidate_trust_gate.csv,TRUSTED_RAW_SOURCE,source is not rejected and competition is not low-trust by token gate,SCORING_ALLOWED_WITH_NORMAL_GATES,NO,NO
2026-07-08,2026-07-08T23:32:18+01:00,1560553,Friendlies Clubs,World,Luckenwalde,Optik Rathenow,2026-07-08T17:30:00+01:00,data/processed/governance/vsigma_raw_candidate_trust_gate.csv,TRUSTED_RAW_SOURCE,source is not rejected and competition is not low-trust by token gate,SCORING_ALLOWED_WITH_NORMAL_GATES,NO,NO
2026-07-08,2026-07-08T23:32:18+01:00,1554779,Friendlies Clubs,World,Lyon,Mâcon,2026-07-08T09:30:00+01:00,data/processed/governance/vsigma_raw_candidate_trust_gate.csv,TRUSTED_RAW_SOURCE,source is not rejected and competition is not low-trust by token gate,SCORING_ALLOWED_WITH_NORMAL_GATES,NO,NO
2026-07-08,2026-07-08T23:32:18+01:00,1547925,Friendlies Clubs,World,Maccabi Haifa,Paks,2026-07-08T16:00:00+01:00,data/processed/governance/vsigma_raw_candidate_trust_gate.csv,TRUSTED_RAW_SOURCE,source is not rejected and competition is not low-trust by token gate,SCORING_ALLOWED_WITH_NORMAL_GATES,NO,NO
2026-07-08,2026-07-08T23:32:18+01:00,1554813,Friendlies Clubs,World,Montrose,Inverurie Loco Works,2026-07-08T19:30:00+01:00,data/processed/governance/vsigma_raw_candidate_trust_gate.csv,TRUSTED_RAW_SOURCE,source is not rejected and competition is not low-trust by token gate,SCORING_ALLOWED_WITH_NORMAL_GATES,NO,NO
2026-07-08,2026-07-08T23:32:18+01:00,1546633,Friendlies Clubs,World,NAC Breda,FC Eindhoven,2026-07-08T18:00:00+01:00,data/processed/governance/vsigma_raw_candidate_trust_gate.csv,TRUSTED_RAW_SOURCE,source is not rejected and competition is not low-trust by token gate,SCORING_ALLOWED_WITH_NORMAL_GATES,NO,NO
2026-07-08,2026-07-08T23:32:18+01:00,1560549,Friendlies Clubs,World,NEC Nijmegen,MSV Duisburg,2026-07-08T13:00:00+01:00,data/processed/governance/vsigma_raw_candidate_trust_gate.csv,TRUSTED_RAW_SOURCE,source is not rejected and competition is not low-trust by token gate,SCORING_ALLOWED_WITH_NORMAL_GATES,NO,NO
2026-07-08,2026-07-08T23:32:18+01:00,1567570,Friendlies Clubs,World,NK Slaven Belupo,Csikszereda,2026-07-08T16:30:00+01:00,data/processed/governance/vsigma_raw_candidate_trust_gate.csv,TRUSTED_RAW_SOURCE,source is not rejected and competition is not low-trust by token gate,SCORING_ALLOWED_WITH_NORMAL_GATES,NO,NO
2026-07-08,2026-07-08T23:32:18+01:00,1554814,Friendlies Clubs,World,Newport City,Newport County,2026-07-08T19:30:00+01:00,data/processed/governance/vsigma_raw_candidate_trust_gate.csv,TRUSTED_RAW_SOURCE,source is not rejected and competition is not low-trust by token gate,SCORING_ALLOWED_WITH_NORMAL_GATES,NO,NO
2026-07-08,2026-07-08T23:32:18+01:00,1547921,Friendlies Clubs,World,Nyiregyhaza,Cigand SE,2026-07-08T17:00:00+01:00,data/processed/governance/vsigma_raw_candidate_trust_gate.csv,TRUSTED_RAW_SOURCE,source is not rejected and competition is not low-trust by token gate,SCORING_ALLOWED_WITH_NORMAL_GATES,NO,NO
2026-07-08,2026-07-08T23:32:18+01:00,1567566,Friendlies Clubs,World,Oleksandria,Inhulets,2026-07-08T14:00:00+01:00,data/processed/governance/vsigma_raw_candidate_trust_gate.csv,TRUSTED_RAW_SOURCE,source is not rejected and competition is not low-trust by token gate,SCORING_ALLOWED_WITH_NORMAL_GATES,NO,NO
2026-07-08,2026-07-08T23:32:18+01:00,1554778,Friendlies Clubs,World,Olympiakos Piraeus,Raków Częstochowa,2026-07-08T17:00:00+01:00,data/processed/governance/vsigma_raw_candidate_trust_gate.csv,TRUSTED_RAW_SOURCE,source is not rejected and competition is not low-trust by token gate,SCORING_ALLOWED_WITH_NORMAL_GATES,NO,NO
2026-07-08,2026-07-08T23:32:18+01:00,1547926,Friendlies Clubs,World,Opava,Unie Hlubina,2026-07-08T16:00:00+01:00,data/processed/governance/vsigma_raw_candidate_trust_gate.csv,TRUSTED_RAW_SOURCE,source is not rejected and competition is not low-trust by token gate,SCORING_ALLOWED_WITH_NORMAL_GATES,NO,NO
2026-07-08,2026-07-08T23:32:18+01:00,1548789,Friendlies Clubs,World,Rapid,FK Košice,2026-07-08T16:30:00+01:00,data/processed/governance/vsigma_raw_candidate_trust_gate.csv,TRUSTED_RAW_SOURCE,source is not rejected and competition is not low-trust by token gate,SCORING_ALLOWED_WITH_NORMAL_GATES,NO,NO
2026-07-08,2026-07-08T23:32:18+01:00,1554791,Friendlies Clubs,World,Rilski Sportist,Lokomotiv Plovdiv,2026-07-08T16:00:00+01:00,data/processed/governance/vsigma_raw_candidate_trust_gate.csv,TRUSTED_RAW_SOURCE,source is not rejected and competition is not low-trust by token gate,SCORING_ALLOWED_WITH_NORMAL_GATES,NO,NO
2026-07-08,2026-07-08T23:32:18+01:00,1554811,Friendlies Clubs,World,SC St. Tönis,Fortuna Düsseldorf,2026-07-08T18:30:00+01:00,data/processed/governance/vsigma_raw_candidate_trust_gate.csv,TRUSTED_RAW_SOURCE,source is not rejected and competition is not low-trust by token gate,SCORING_ALLOWED_WITH_NORMAL_GATES,NO,NO
2026-07-08,2026-07-08T23:32:18+01:00,1550540,Friendlies Clubs,World,SG Sonnenhof Grossaspach,CFR Pforzheim,2026-07-08T18:00:00+01:00,data/processed/governance/vsigma_raw_candidate_trust_gate.csv,TRUSTED_RAW_SOURCE,source is not rejected and competition is not low-trust by token gate,SCORING_ALLOWED_WITH_NORMAL_GATES,NO,NO
2026-07-08,2026-07-08T23:32:18+01:00,1554783,Friendlies Clubs,World,SV Babelsberg 03,Hamburger SV II,2026-07-08T13:30:00+01:00,data/processed/governance/vsigma_raw_candidate_trust_gate.csv,TRUSTED_RAW_SOURCE,source is not rejected and competition is not low-trust by token gate,SCORING_ALLOWED_WITH_NORMAL_GATES,NO,NO
2026-07-08,2026-07-08T23:32:18+01:00,1562885,Friendlies Clubs,World,Schalke 04 II,Preußen Münster II,2026-07-08T10:00:00+01:00,data/processed/governance/vsigma_raw_candidate_trust_gate.csv,TRUSTED_RAW_SOURCE,source is not rejected and competition is not low-trust by token gate,SCORING_ALLOWED_WITH_NORMAL_GATES,NO,NO
2026-07-08,2026-07-08T23:32:18+01:00,1554780,Friendlies Clubs,World,Servette FC,Stade Lausanne-Ouchy,2026-07-08T10:00:00+01:00,data/processed/governance/vsigma_raw_candidate_trust_gate.csv,TRUSTED_RAW_SOURCE,source is not rejected and competition is not low-trust by token gate,SCORING_ALLOWED_WITH_NORMAL_GATES,NO,NO
2026-07-08,2026-07-08T23:32:18+01:00,1554802,Friendlies Clubs,World,Siedenbollentin,Greifswalder FC,2026-07-08T17:00:00+01:00,data/processed/governance/vsigma_raw_candidate_trust_gate.csv,TRUSTED_RAW_SOURCE,source is not rejected and competition is not low-trust by token gate,SCORING_ALLOWED_WITH_NORMAL_GATES,NO,NO
2026-07-08,2026-07-08T23:32:18+01:00,1554792,Friendlies Clubs,World,Slovácko,Zorya Luhansk,2026-07-08T15:00:00+01:00,data/processed/governance/vsigma_raw_candidate_trust_gate.csv,TRUSTED_RAW_SOURCE,source is not rejected and competition is not low-trust by token gate,SCORING_ALLOWED_WITH_NORMAL_GATES,NO,NO
2026-07-08,2026-07-08T23:32:18+01:00,1554812,Friendlies Clubs,World,Spartak Moscow,Rubin,2026-07-08T18:30:00+01:00,data/processed/governance/vsigma_raw_candidate_trust_gate.csv,TRUSTED_RAW_SOURCE,source is not rejected and competition is not low-trust by token gate,SCORING_ALLOWED_WITH_NORMAL_GATES,NO,NO
2026-07-08,2026-07-08T23:32:18+01:00,1560550,Friendlies Clubs,World,Spartak Varna,Nesebar,2026-07-08T16:30:00+01:00,data/processed/governance/vsigma_raw_candidate_trust_gate.csv,TRUSTED_RAW_SOURCE,source is not rejected and competition is not low-trust by token gate,SCORING_ALLOWED_WITH_NORMAL_GATES,NO,NO
2026-07-08,2026-07-08T23:32:18+01:00,1554793,Friendlies Clubs,World,Sturm Graz,Kalsdorf,2026-07-08T17:00:00+01:00,data/processed/governance/vsigma_raw_candidate_trust_gate.csv,TRUSTED_RAW_SOURCE,source is not rejected and competition is not low-trust by token gate,SCORING_ALLOWED_WITH_NORMAL_GATES,NO,NO
2026-07-08,2026-07-08T23:32:18+01:00,1567571,Friendlies Clubs,World,Słowianin,Karkonosze Jelenia Góra,2026-07-08T16:30:00+01:00,data/processed/governance/vsigma_raw_candidate_trust_gate.csv,TRUSTED_RAW_SOURCE,source is not rejected and competition is not low-trust by token gate,SCORING_ALLOWED_WITH_NORMAL_GATES,NO,NO
2026-07-08,2026-07-08T23:32:18+01:00,1562886,Friendlies Clubs,World,TSV Hartberg,Zbrojovka Brno,2026-07-08T16:00:00+01:00,data/processed/governance/vsigma_raw_candidate_trust_gate.csv,TRUSTED_RAW_SOURCE,source is not rejected and competition is not low-trust by token gate,SCORING_ALLOWED_WITH_NORMAL_GATES,NO,NO
2026-07-08,2026-07-08T23:32:18+01:00,1554808,Friendlies Clubs,World,Tasmania Berlin,Reinickendorfer Fuchse,2026-07-08T18:00:00+01:00,data/processed/governance/vsigma_raw_candidate_trust_gate.csv,TRUSTED_RAW_SOURCE,source is not rejected and competition is not low-trust by token gate,SCORING_ALLOWED_WITH_NORMAL_GATES,NO,NO
2026-07-08,2026-07-08T23:32:18+01:00,1554795,Friendlies Clubs,World,Vasas,Kisvarda FC,2026-07-08T16:00:00+01:00,data/processed/governance/vsigma_raw_candidate_trust_gate.csv,TRUSTED_RAW_SOURCE,source is not rejected and competition is not low-trust by token gate,SCORING_ALLOWED_WITH_NORMAL_GATES,NO,NO
2026-07-08,2026-07-08T23:32:18+01:00,1554809,Friendlies Clubs,World,Wiedenbrück,Hiltrup,2026-07-08T18:00:00+01:00,data/processed/governance/vsigma_raw_candidate_trust_gate.csv,TRUSTED_RAW_SOURCE,source is not rejected and competition is not low-trust by token gate,SCORING_ALLOWED_WITH_NORMAL_GATES,NO,NO
2026-07-08,2026-07-08T23:32:18+01:00,1554803,Friendlies Clubs,World,Zenit,Neftchi,2026-07-08T17:00:00+01:00,data/processed/governance/vsigma_raw_candidate_trust_gate.csv,TRUSTED_RAW_SOURCE,source is not rejected and competition is not low-trust by token gate,SCORING_ALLOWED_WITH_NORMAL_GATES,NO,NO
2026-07-08,2026-07-08T23:32:18+01:00,1550536,Friendlies Clubs,World,Zulte Waregem,Raków Częstochowa,2026-07-08T10:30:00+01:00,data/processed/governance/vsigma_raw_candidate_trust_gate.csv,TRUSTED_RAW_SOURCE,source is not rejected and competition is not low-trust by token gate,SCORING_ALLOWED_WITH_NORMAL_GATES,NO,NO
2026-07-08,2026-07-08T23:32:18+01:00,1567567,Friendlies Clubs,World,Świt Skolwin,Kluczevia Stargard,2026-07-08T16:30:00+01:00,data/processed/governance/vsigma_raw_candidate_trust_gate.csv,TRUSTED_RAW_SOURCE,source is not rejected and competition is not low-trust by token gate,SCORING_ALLOWED_WITH_NORMAL_GATES,NO,NO
2026-07-08,2026-07-08T23:32:18+01:00,1567569,Friendlies Clubs,World,Žilina II,Třinec,2026-07-08T16:00:00+01:00,data/processed/governance/vsigma_raw_candidate_trust_gate.csv,TRUSTED_RAW_SOURCE,source is not rejected and competition is not low-trust by token gate,SCORING_ALLOWED_WITH_NORMAL_GATES,NO,NO
2026-07-08,2026-07-08T23:32:18+01:00,1583659,Friendlies Women,World,Egypt W,Senegal W,2026-07-08T18:00:00+01:00,data/processed/governance/vsigma_raw_candidate_trust_gate.csv,QUARANTINE_REVIEW,youth/women/reserve/academy competition requires explicit whitelist before scoring,QUARANTINE_ONLY,NO,NO
2026-07-08,2026-07-08T23:32:18+01:00,1576776,Paraibano U20,Brazil,Treze U20,Cruzeiro Itaporanga U20,2026-07-08T23:30:00+01:00,data/processed/governance/vsigma_raw_candidate_trust_gate.csv,QUARANTINE_REVIEW,youth/women/reserve/academy competition requires explicit whitelist before scoring,QUARANTINE_ONLY,NO,NO
2026-07-08,2026-07-08T23:32:18+01:00,1549966,Torneo Promocional Amateur,Argentina,Ezeiza,Control Orientado,2026-07-08T19:00:00+01:00,data/processed/governance/vsigma_raw_candidate_trust_gate.csv,TRUSTED_RAW_SOURCE,source is not rejected and competition is not low-trust by token gate,SCORING_ALLOWED_WITH_NORMAL_GATES,NO,NO
2026-07-08,2026-07-08T23:32:18+01:00,1582359,UEFA U19 Championship,World,Denmark U19,Italy U19,2026-07-08T14:00:00+01:00,data/processed/governance/vsigma_raw_candidate_trust_gate.csv,QUARANTINE_REVIEW,youth/women/reserve/academy competition requires explicit whitelist before scoring,QUARANTINE_ONLY,NO,NO
2026-07-08,2026-07-08T23:32:18+01:00,1582360,UEFA U19 Championship,World,Spain U19,Croatia U19,2026-07-08T16:30:00+01:00,data/processed/governance/vsigma_raw_candidate_trust_gate.csv,QUARANTINE_REVIEW,youth/women/reserve/academy competition requires explicit whitelist before scoring,QUARANTINE_ONLY,NO,NO
2026-07-08,2026-07-08T23:32:18+01:00,1582361,UEFA U19 Championship,World,Ukraine U19,Germany U19,2026-07-08T19:00:00+01:00,data/processed/governance/vsigma_raw_candidate_trust_gate.csv,QUARANTINE_REVIEW,youth/women/reserve/academy competition requires explicit whitelist before scoring,QUARANTINE_ONLY,NO,NO
