target_date,fixture_id,league,home_team,away_team,market_primary,experiment_id,source_candidate_version,pre_price,prelock_price,close_proxy_price,clv_delta,clv_percent,clv_direction,clv_interpretation,result,profit_units,snapshot_rebuild_mode,true_pre_snapshot_available_flag,clv_usable_for_threshold_calibration_flag,source_snapshot_stage,source_snapshot_note
2026-07-26,1492303,Serie A,Cruzeiro,Botafogo,OVER_2_5,DEEP_ANALYSIS_CANDIDATES,DEEP_ANALYSIS_BET,1.87,,,,,CLV_UNAVAILABLE,CLV unavailable: missing close-proxy price.,,,CANONICAL_CAPTURED,1,0,PRE,Captured by odds snapshot pipeline.
2026-07-26,1492306,Serie A,Palmeiras,Atletico-MG,HOME_WIN,DEEP_ANALYSIS_CANDIDATES,DEEP_ANALYSIS_BET,1.7,,,,,CLV_UNAVAILABLE,CLV unavailable: missing close-proxy price.,,,CANONICAL_CAPTURED,1,0,PRE,Captured by odds snapshot pipeline.
2026-07-26,1492307,Serie A,Remo,Vitoria,OVER_1_5,DEEP_ANALYSIS_CANDIDATES,DEEP_ANALYSIS_BET,1.37,,,,,CLV_UNAVAILABLE,CLV unavailable: missing close-proxy price.,,,CANONICAL_CAPTURED,1,0,PRE,Captured by odds snapshot pipeline.
2026-07-26,1492307,Serie A,Remo,Vitoria,OVER_1_5,OFFICIAL_BASELINE,EXECUTION_SHORTLIST;OFFICIAL_RESULTS,1.37,,1.37,0.0,0.0,CLV_FLAT,Price movement was flat within tolerance.,WIN,0.37,CANONICAL_CAPTURED,1,1,POST;PRE,Captured by odds snapshot pipeline.
2026-07-26,1494217,Allsvenskan,IF Brommapojkarna,Hammarby FF,OVER_2_5,CANDIDATE_V2_SCHEDULE_ANOMALY,CANDIDATE_V2;CANDIDATE_V2_RESULTS,1.5,,1.5,0.0,0.0,CLV_FLAT,Price movement was flat within tolerance.,LOSS,-1.0,CANONICAL_CAPTURED,1,1,POST;PRE,Captured by odds snapshot pipeline.
2026-07-26,1494217,Allsvenskan,IF Brommapojkarna,Hammarby FF,OVER_2_5,DEEP_ANALYSIS_CANDIDATES,DEEP_ANALYSIS_BET,1.5,,,,,CLV_UNAVAILABLE,CLV unavailable: missing close-proxy price.,,,CANONICAL_CAPTURED,1,0,PRE,Captured by odds snapshot pipeline.
2026-07-26,1494217,Allsvenskan,IF Brommapojkarna,Hammarby FF,OVER_2_5,OFFICIAL_BASELINE,EXECUTION_SHORTLIST;OFFICIAL_BASELINE;OFFICIAL_RESULTS,1.5,,1.5,0.0,0.0,CLV_FLAT,Price movement was flat within tolerance.,LOSS,-1.0,CANONICAL_CAPTURED,1,1,POST;PRE,Captured by odds snapshot pipeline.
2026-07-26,1494222,Allsvenskan,Malmo FF,IF Elfsborg,OVER_2_5,DEEP_ANALYSIS_CANDIDATES,DEEP_ANALYSIS_BET,1.73,,,,,CLV_UNAVAILABLE,CLV unavailable: missing close-proxy price.,,,CANONICAL_CAPTURED,1,0,PRE,Captured by odds snapshot pipeline.
2026-07-26,1494709,Eliteserien,Aalesund,Viking,AWAY_WIN,DEEP_ANALYSIS_CANDIDATES,DEEP_ANALYSIS_BET,1.54,,,,,CLV_UNAVAILABLE,CLV unavailable: missing close-proxy price.,,,CANONICAL_CAPTURED,1,0,PRE,Captured by odds snapshot pipeline.
2026-07-26,1494709,Eliteserien,Aalesund,Viking,AWAY_WIN,OFFICIAL_BASELINE,EXECUTION_SHORTLIST;OFFICIAL_RESULTS,1.54,,1.54,0.0,0.0,CLV_FLAT,Price movement was flat within tolerance.,LOSS,-1.0,CANONICAL_CAPTURED,1,1,POST;PRE,Captured by odds snapshot pipeline.
2026-07-26,1494711,Eliteserien,KFUM Oslo,Molde,OVER_2_5,DEEP_ANALYSIS_CANDIDATES,DEEP_ANALYSIS_BET,1.72,,,,,CLV_UNAVAILABLE,CLV unavailable: missing close-proxy price.,,,CANONICAL_CAPTURED,1,0,PRE,Captured by odds snapshot pipeline.
2026-07-26,1494711,Eliteserien,KFUM Oslo,Molde,OVER_2_5,OFFICIAL_BASELINE,EXECUTION_SHORTLIST;OFFICIAL_RESULTS,1.72,,1.72,0.0,0.0,CLV_FLAT,Price movement was flat within tolerance.,WIN,0.72,CANONICAL_CAPTURED,1,1,POST;PRE,Captured by odds snapshot pipeline.
2026-07-26,1507015,K League 1,FC Seoul,Ulsan Hyundai FC,OVER_2_5,DEEP_ANALYSIS_CANDIDATES,DEEP_ANALYSIS_BET,1.85,,,,,CLV_UNAVAILABLE,CLV unavailable: missing close-proxy price.,,,CANONICAL_CAPTURED,1,0,PRE,Captured by odds snapshot pipeline.
2026-07-26,1548976,Superliga,Sonderjyske,FC Midtjylland,OVER_2_5,DEEP_ANALYSIS_CANDIDATES,DEEP_ANALYSIS_BET,1.53,,,,,CLV_UNAVAILABLE,CLV unavailable: missing close-proxy price.,,,CANONICAL_CAPTURED,1,0,PRE,Captured by odds snapshot pipeline.
2026-07-26,1548979,Superliga,FC Copenhagen,Lyngby,BTTS_YES,DEEP_ANALYSIS_CANDIDATES,DEEP_ANALYSIS_BET,1.58,,,,,CLV_UNAVAILABLE,CLV unavailable: missing close-proxy price.,,,CANONICAL_CAPTURED,1,0,PRE,Captured by odds snapshot pipeline.
2026-07-26,1555351,Super League,FC Lugano,FC Vaduz,BTTS_YES,DEEP_ANALYSIS_CANDIDATES,DEEP_ANALYSIS_BET,1.67,,,,,CLV_UNAVAILABLE,CLV unavailable: missing close-proxy price.,,,CANONICAL_CAPTURED,1,0,PRE,Captured by odds snapshot pipeline.
2026-07-26,1555352,Super League,FC ST. Gallen,FC Zurich,OVER_2_5,DEEP_ANALYSIS_CANDIDATES,DEEP_ANALYSIS_BET,1.45,,,,,CLV_UNAVAILABLE,CLV unavailable: missing close-proxy price.,,,CANONICAL_CAPTURED,1,0,PRE,Captured by odds snapshot pipeline.
