target_date,generated_at,ledger_key,fixture_id,home_team,away_team,league,country,board_rank,final_decision,decision_bucket,board_bucket,primary_market,secondary_market,stake_band,execution_permission,portfolio_status,context_level,forecast_confidence,forecast_warning,translation_score,kill_switch,stat_profile,prelock_trigger,live_trigger,cancel_trigger,source_guard,operator_action_level,operator_final_decision,operator_risk_label,operator_health_status,ledger_status,official_pick_permission,pick_tracking_required,postmatch_audit_required,result_status,postmatch_quality_label,postmatch_quality_score,learning_status,operator_note,auto_apply,production_change
2026-06-04,2026-06-05T20:24:37+01:00,2026-06-04|DIAGNOSTIC_EMPTY_BY_PROMOTION_GATE|NO_MARKET,DIAGNOSTIC_EMPTY_BY_PROMOTION_GATE,NO_PROMOTED_RAW_CANDIDATES,NO_SCORING_SAFE_ROWS,,,0,NO_BET,DIAGNOSTIC_ONLY,EMPTY_BY_PROMOTION_GATE,NO_MARKET,NONE,NO_STAKE,NO_BET,PROMOTION_GATE_BLOCK,NO_PROMOTED_ROWS,NONE,no promoted raw candidates,0,EMPTY_BY_PROMOTION_GATE,none,none,none,default no bet; no promoted raw candidates,PROMOTION_GATE_DIAGNOSTIC_ONLY,NONE,NO_OPERATOR_ACTION,NONE,ATTENTION,DIAGNOSTIC_NO_PICK,NO_PICK_NO_STAKE,NO,NO,DIAGNOSTIC_NO_FIXTURE,PENDING,,DIAGNOSTIC_ONLY_NO_LEARNING,0 promoted raw candidates; no scoring-safe rows available,NO,NO
2026-06-05,2026-06-08T20:18:47+01:00,2026-06-05|1548053|NO_CLEAR_STAT_MARKET,1548053,Las Palmas,Malaga,,,1,NO_BET,NO_BET,BLOCKED,NO_CLEAR_STAT_MARKET,NONE,NO_STAKE,NO,REVIEW_ONLY,L6_REVIEW,LOW,LINEUPS_INACTIVE; LOW_LEAGUE_RELIABILITY; PARTIAL_RECENT_STATS; API_COVERAGE_UNKNOWN,-34,PROXY_BRIDGE_INVERSION_BLOCK,MEDIUM_TEMPO | MEDIUM_SHOT_VOLUME | MEDIUM_CORNER_VOLUME | MEDIUM_CARD_RISK | BALANCED_THREAT,none,none,default no bet; bad or incomplete lineups,DATED_INPUT_ONLY; API_COVERAGE_GATE_V2,NONE,NO_OPERATOR_ACTION,NONE,ATTENTION,OFFICIAL_NO_BET,NO_PICK_NO_STAKE,YES,YES,PENDING_NO_BET_AUDIT,PENDING,,PENDING_POSTMATCH,No execution permission.; api_gate=UNKNOWN; coverage_score=; missing=unknown,NO,NO
2026-06-08,2026-06-09T21:52:35+01:00,2026-06-08|1548054|NO_CLEAR_STAT_MARKET,1548054,Almeria,Castellón,,,1,NO_BET,NO_BET,BLOCKED,NO_CLEAR_STAT_MARKET,NONE,NO_STAKE,NO,REVIEW_ONLY,L6_REVIEW,LOW,LINEUPS_INACTIVE; LOW_LEAGUE_RELIABILITY; PARTIAL_RECENT_STATS; API_COVERAGE_UNKNOWN,-34,LOW_FORECAST_CONFIDENCE,MEDIUM_TEMPO | MEDIUM_SHOT_VOLUME | MEDIUM_CORNER_VOLUME | MEDIUM_CARD_RISK | BALANCED_THREAT,none,none,default no bet; low forecast confidence; bad or incomplete lineups,DATED_INPUT_ONLY; API_COVERAGE_GATE_V2,NONE,NO_OPERATOR_ACTION,NONE,ATTENTION,OFFICIAL_NO_BET,NO_PICK_NO_STAKE,YES,YES,PENDING_NO_BET_AUDIT,PENDING,,PENDING_POSTMATCH,No execution permission.; api_gate=UNKNOWN; coverage_score=; missing=unknown,NO,NO
2026-06-09,2026-06-09T22:10:57+01:00,2026-06-09|1548054|OVER_1_5_SUPPORTED,1548054,Almeria,Castellón,,,1,LIVE_ONLY,LIVE_ONLY,LIVE_CANDIDATE,OVER_1_5_SUPPORTED,OVER_2_5_REVIEW,NO_STAKE_OR_SYMBOLIC,NO_PREMATCH,LIVE_ONLY_OR_SYMBOLIC; EARLY_WATCH_MORE_DATA_REQUIRED,L7_SOFT_DOWN,MEDIUM,LINEUPS_INACTIVE; API_EARLY_LOW_SUPPORT,28,NONE,HIGH_TEMPO | HIGH_SHOT_VOLUME | MEDIUM_CORNER_VOLUME | MEDIUM_CARD_RISK | BOTH_TEAMS_THREAT,price remains above minimum; market not over-compressed; lineups confirmed,"live tempo: early shots, SoT threat, box entries, pressure and no dead 0-0 rhythm",bad or incomplete lineups,DATED_INPUT_ONLY; API_COVERAGE_GATE_V2,WATCH,WATCH_ONLY_NO_STAKE,LOW,ATTENTION,LIVE_REVIEW_REQUIRED,MANUAL_REVIEW_ONLY_NO_STAKE,YES,YES,PENDING_RESULT,PENDING,,PENDING_POSTMATCH,No prematch serious stake; require live tempo and chance confirmation.; api_gate=EARLY_WATCH_MORE_DATA_REQUIRED; coverage_score=80.0; missing=lineup_coverage=NOT_DUE_YET; injuries_coverage=NONE,NO,NO
2026-06-09,2026-06-09T22:10:57+01:00,2026-06-09|1520715|NO_CLEAR_STAT_MARKET,1520715,Nautico Recife,Fortaleza EC,,,2,NO_BET,NO_BET,BLOCKED,NO_CLEAR_STAT_MARKET,NONE,NO_STAKE,NO,NO_PORTFOLIO_CONTEXT,,LOW,PARTIAL_RECENT_STATS; SHOT_SAMPLE_WEAK; CORNER_SAMPLE_WEAK; CARD_SAMPLE_WEAK,-42,LOW_FORECAST_CONFIDENCE,MEDIUM_TEMPO | MEDIUM_SHOT_VOLUME | MEDIUM_CORNER_VOLUME | MEDIUM_CARD_RISK | BALANCED_THREAT,none,none,default no bet; low forecast confidence,DATED_INPUT_ONLY; API_COVERAGE_GATE_V2,WATCH,WATCH_ONLY_NO_STAKE,LOW,ATTENTION,OFFICIAL_NO_BET,NO_PICK_NO_STAKE,YES,YES,PENDING_NO_BET_AUDIT,PENDING,,PENDING_POSTMATCH,No execution permission.; api_gate=LOW_COVERAGE_NO_BET; coverage_score=20.0; missing=recent_stats_coverage=NONE; lineup_coverage=NONE; injuries_coverage=NONE; standings_coverage=NONE; odds_coverage=NONE,NO,NO
2026-06-09,2026-06-09T22:10:57+01:00,2026-06-09|1520717|NO_CLEAR_STAT_MARKET,1520717,Ponte Preta,Cuiaba,,,3,NO_BET,NO_BET,BLOCKED,NO_CLEAR_STAT_MARKET,NONE,NO_STAKE,NO,NO_PORTFOLIO_CONTEXT,,LOW,PARTIAL_RECENT_STATS; SHOT_SAMPLE_WEAK; CORNER_SAMPLE_WEAK; CARD_SAMPLE_WEAK,-42,LOW_FORECAST_CONFIDENCE,MEDIUM_TEMPO | MEDIUM_SHOT_VOLUME | MEDIUM_CORNER_VOLUME | MEDIUM_CARD_RISK | BALANCED_THREAT,none,none,default no bet; low forecast confidence,DATED_INPUT_ONLY; API_COVERAGE_GATE_V2,WATCH,WATCH_ONLY_NO_STAKE,LOW,ATTENTION,OFFICIAL_NO_BET,NO_PICK_NO_STAKE,YES,YES,PENDING_NO_BET_AUDIT,PENDING,,PENDING_POSTMATCH,No execution permission.; api_gate=LOW_COVERAGE_NO_BET; coverage_score=20.0; missing=recent_stats_coverage=NONE; lineup_coverage=NONE; injuries_coverage=NONE; standings_coverage=NONE; odds_coverage=NONE,NO,NO
2026-06-10,2026-06-14T16:29:34+01:00,2026-06-10|1548055|OVER_1_5_SUPPORTED,1548055,Malaga,Las Palmas,,,1,NO_BET,NO_BET,BLOCKED,OVER_1_5_SUPPORTED,OVER_2_5_REVIEW,NO_STAKE,NO,API_LOW_COVERAGE_BLOCKED,L6_REVIEW,MEDIUM,LINEUPS_INACTIVE,29,NONE; API_LOW_COVERAGE,MEDIUM_TEMPO | MEDIUM_SHOT_VOLUME | MEDIUM_CORNER_VOLUME | MEDIUM_CARD_RISK | BOTH_TEAMS_THREAT,price remains above minimum; market not over-compressed; lineups confirmed,"live tempo: early shots, SoT threat, box entries, pressure and no dead 0-0 rhythm",bad or incomplete lineups,DATED_INPUT_ONLY; API_COVERAGE_GATE_V2,NONE,NO_OPERATOR_ACTION,NONE,ATTENTION,OFFICIAL_NO_BET,NO_PICK_NO_STAKE,YES,YES,PENDING_NO_BET_AUDIT,PENDING,,PENDING_POSTMATCH,No prematch serious stake; require live tempo and chance confirmation.; api_gate=LOW_COVERAGE_NO_BET; coverage_score=47.5; missing=lineup_coverage=NONE; injuries_coverage=NONE; standings_coverage=PARTIAL; odds_coverage=NONE,NO,NO
2026-06-15,2026-06-15T19:12:12+01:00,2026-06-15|1526851|NO_CLEAR_STAT_MARKET,1526851,Maringá,Maranhão,,,1,NO_BET,NO_BET,BLOCKED,NO_CLEAR_STAT_MARKET,NONE,NO_STAKE,NO,NO_PORTFOLIO_CONTEXT,,LOW,PARTIAL_RECENT_STATS; SHOT_SAMPLE_WEAK; CORNER_SAMPLE_WEAK; CARD_SAMPLE_WEAK,-42,LOW_FORECAST_CONFIDENCE,MEDIUM_TEMPO | MEDIUM_SHOT_VOLUME | MEDIUM_CORNER_VOLUME | MEDIUM_CARD_RISK | BALANCED_THREAT,none,none,default no bet; low forecast confidence,DATED_INPUT_ONLY; API_COVERAGE_GATE_V2,NONE,NO_OPERATOR_ACTION,NONE,ATTENTION,OFFICIAL_NO_BET,NO_PICK_NO_STAKE,YES,YES,PENDING_NO_BET_AUDIT,PENDING,,PENDING_POSTMATCH,No execution permission.; api_gate=LOW_COVERAGE_NO_BET; coverage_score=15.0; missing=league_coverage=PARTIAL; recent_stats_coverage=NONE; lineup_coverage=NONE; injuries_coverage=NONE; standings_coverage=NONE; odds_coverage=NONE,NO,NO
2026-06-16,2026-06-16T19:20:15+01:00,2026-06-16|1547575|NO_CLEAR_STAT_MARKET,1547575,TransINVEST Vilnius,FK Trakai,,,1,NO_BET,NO_BET,BLOCKED,NO_CLEAR_STAT_MARKET,NONE,NO_STAKE,NO,NO_PORTFOLIO_CONTEXT,,LOW,PARTIAL_RECENT_STATS; SHOT_SAMPLE_WEAK; CORNER_SAMPLE_WEAK; CARD_SAMPLE_WEAK,-42,LOW_FORECAST_CONFIDENCE,MEDIUM_TEMPO | MEDIUM_SHOT_VOLUME | MEDIUM_CORNER_VOLUME | MEDIUM_CARD_RISK | BALANCED_THREAT,none,none,default no bet; low forecast confidence,DATED_INPUT_ONLY; API_COVERAGE_GATE_V2,NONE,NO_OPERATOR_ACTION,NONE,ATTENTION,OFFICIAL_NO_BET,NO_PICK_NO_STAKE,YES,YES,PENDING_NO_BET_AUDIT,PENDING,,PENDING_POSTMATCH,No execution permission.; api_gate=LOW_COVERAGE_NO_BET; coverage_score=15.0; missing=league_coverage=PARTIAL; recent_stats_coverage=NONE; lineup_coverage=NONE; injuries_coverage=NONE; standings_coverage=NONE; odds_coverage=NONE,NO,NO
2026-06-17,2026-06-17T17:51:20+01:00,2026-06-17|1495707|NO_CLEAR_STAT_MARKET,1495707,Gnistan,Lahti,,,1,NO_BET,NO_BET,BLOCKED,NO_CLEAR_STAT_MARKET,NONE,NO_STAKE,NO,NO_PORTFOLIO_CONTEXT,,LOW,PARTIAL_RECENT_STATS; SHOT_SAMPLE_WEAK; CORNER_SAMPLE_WEAK; CARD_SAMPLE_WEAK,-42,LOW_FORECAST_CONFIDENCE,MEDIUM_TEMPO | MEDIUM_SHOT_VOLUME | MEDIUM_CORNER_VOLUME | MEDIUM_CARD_RISK | BALANCED_THREAT,none,none,default no bet; low forecast confidence,DATED_INPUT_ONLY; API_COVERAGE_GATE_V2,NONE,NO_OPERATOR_ACTION,NONE,ATTENTION,OFFICIAL_NO_BET,NO_PICK_NO_STAKE,YES,YES,PENDING_NO_BET_AUDIT,PENDING,,PENDING_POSTMATCH,No execution permission.; api_gate=LOW_COVERAGE_NO_BET; coverage_score=20.0; missing=recent_stats_coverage=NONE; lineup_coverage=NONE; injuries_coverage=NONE; standings_coverage=NONE; odds_coverage=NONE,NO,NO
2026-06-17,2026-06-17T17:51:20+01:00,2026-06-17|1495708|NO_CLEAR_STAT_MARKET,1495708,SJK,VPS,,,2,NO_BET,NO_BET,BLOCKED,NO_CLEAR_STAT_MARKET,NONE,NO_STAKE,NO,NO_PORTFOLIO_CONTEXT,,LOW,PARTIAL_RECENT_STATS; SHOT_SAMPLE_WEAK; CORNER_SAMPLE_WEAK; CARD_SAMPLE_WEAK,-42,LOW_FORECAST_CONFIDENCE,MEDIUM_TEMPO | MEDIUM_SHOT_VOLUME | MEDIUM_CORNER_VOLUME | MEDIUM_CARD_RISK | BALANCED_THREAT,none,none,default no bet; low forecast confidence,DATED_INPUT_ONLY; API_COVERAGE_GATE_V2,NONE,NO_OPERATOR_ACTION,NONE,ATTENTION,OFFICIAL_NO_BET,NO_PICK_NO_STAKE,YES,YES,PENDING_NO_BET_AUDIT,PENDING,,PENDING_POSTMATCH,No execution permission.; api_gate=LOW_COVERAGE_NO_BET; coverage_score=20.0; missing=recent_stats_coverage=NONE; lineup_coverage=NONE; injuries_coverage=NONE; standings_coverage=NONE; odds_coverage=NONE,NO,NO
2026-06-18,2026-06-18T17:48:51+01:00,2026-06-18|DIAGNOSTIC_EMPTY_BY_PROMOTION_GATE|NO_MARKET,DIAGNOSTIC_EMPTY_BY_PROMOTION_GATE,NO_PROMOTED_RAW_CANDIDATES,NO_SCORING_SAFE_ROWS,,,0,NO_BET,DIAGNOSTIC_ONLY,EMPTY_BY_PROMOTION_GATE,NO_MARKET,NONE,NO_STAKE,NO_BET,PROMOTION_GATE_BLOCK,NO_PROMOTED_ROWS,NONE,no promoted raw candidates,0,EMPTY_BY_PROMOTION_GATE,none,none,none,default no bet; no promoted raw candidates,PROMOTION_GATE_DIAGNOSTIC_ONLY,NONE,NO_OPERATOR_ACTION,NONE,ATTENTION,DIAGNOSTIC_NO_PICK,NO_PICK_NO_STAKE,NO,NO,DIAGNOSTIC_NO_FIXTURE,PENDING,,DIAGNOSTIC_ONLY_NO_LEARNING,0 promoted raw candidates; no scoring-safe rows available,NO,NO
2026-06-19,2026-06-19T17:22:51+01:00,2026-06-19|DIAGNOSTIC_EMPTY_BY_PROMOTION_GATE|NO_MARKET,DIAGNOSTIC_EMPTY_BY_PROMOTION_GATE,NO_PROMOTED_RAW_CANDIDATES,NO_SCORING_SAFE_ROWS,,,0,NO_BET,DIAGNOSTIC_ONLY,EMPTY_BY_PROMOTION_GATE,NO_MARKET,NONE,NO_STAKE,NO_BET,PROMOTION_GATE_BLOCK,NO_PROMOTED_ROWS,NONE,no promoted raw candidates,0,EMPTY_BY_PROMOTION_GATE,none,none,none,default no bet; no promoted raw candidates,PROMOTION_GATE_DIAGNOSTIC_ONLY,NONE,NO_OPERATOR_ACTION,NONE,ATTENTION,DIAGNOSTIC_NO_PICK,NO_PICK_NO_STAKE,NO,NO,DIAGNOSTIC_NO_FIXTURE,PENDING,,DIAGNOSTIC_ONLY_NO_LEARNING,0 promoted raw candidates; no scoring-safe rows available,NO,NO
2026-06-20,2026-06-20T16:31:36+01:00,2026-06-20|1551272|OVER_1_5_SUPPORTED,1551272,Almeria,Malaga,,,1,LIVE_ONLY,LIVE_ONLY,LIVE_CANDIDATE,OVER_1_5_SUPPORTED,OVER_2_5_REVIEW,NO_STAKE_OR_SYMBOLIC,NO_PREMATCH,LIVE_ONLY_OR_SYMBOLIC; EARLY_WATCH_MORE_DATA_REQUIRED,L7_SOFT_DOWN,MEDIUM,LINEUPS_INACTIVE; API_EARLY_LOW_SUPPORT,28,NONE,HIGH_TEMPO | HIGH_SHOT_VOLUME | MEDIUM_CORNER_VOLUME | MEDIUM_CARD_RISK | BOTH_TEAMS_THREAT,price remains above minimum; market not over-compressed; lineups confirmed,"live tempo: early shots, SoT threat, box entries, pressure and no dead 0-0 rhythm",bad or incomplete lineups,DATED_INPUT_ONLY; API_COVERAGE_GATE_V2,LIVE,WAIT_LIVE_WINDOW,MEDIUM,ATTENTION,LIVE_REVIEW_REQUIRED,MANUAL_REVIEW_ONLY_NO_STAKE,YES,YES,PENDING_RESULT,PENDING,,PENDING_POSTMATCH,No prematch serious stake; require live tempo and chance confirmation.; api_gate=EARLY_WATCH_MORE_DATA_REQUIRED; coverage_score=80.0; missing=lineup_coverage=NOT_DUE_YET; injuries_coverage=NONE,NO,NO
2026-06-20,2026-06-20T16:31:36+01:00,2026-06-20|1520732|NO_CLEAR_STAT_MARKET,1520732,Ceara,Botafogo SP,,,2,NO_BET,NO_BET,BLOCKED,NO_CLEAR_STAT_MARKET,NONE,NO_STAKE,NO,NO_PORTFOLIO_CONTEXT,,LOW,PARTIAL_RECENT_STATS; SHOT_SAMPLE_WEAK; CORNER_SAMPLE_WEAK; CARD_SAMPLE_WEAK,-42,LOW_FORECAST_CONFIDENCE,MEDIUM_TEMPO | MEDIUM_SHOT_VOLUME | MEDIUM_CORNER_VOLUME | MEDIUM_CARD_RISK | BALANCED_THREAT,none,none,default no bet; low forecast confidence,DATED_INPUT_ONLY; API_COVERAGE_GATE_V2,LIVE,WAIT_LIVE_WINDOW,MEDIUM,ATTENTION,OFFICIAL_NO_BET,NO_PICK_NO_STAKE,YES,YES,PENDING_NO_BET_AUDIT,PENDING,,PENDING_POSTMATCH,No execution permission.; api_gate=LOW_COVERAGE_NO_BET; coverage_score=20.0; missing=recent_stats_coverage=NONE; lineup_coverage=NONE; injuries_coverage=NONE; standings_coverage=NONE; odds_coverage=NONE,NO,NO
2026-06-20,2026-06-20T16:31:36+01:00,2026-06-20|1520735|NO_CLEAR_STAT_MARKET,1520735,Londrina,Athletic Club,,,3,NO_BET,NO_BET,BLOCKED,NO_CLEAR_STAT_MARKET,NONE,NO_STAKE,NO,NO_PORTFOLIO_CONTEXT,,LOW,PARTIAL_RECENT_STATS; SHOT_SAMPLE_WEAK; CORNER_SAMPLE_WEAK; CARD_SAMPLE_WEAK,-42,LOW_FORECAST_CONFIDENCE,MEDIUM_TEMPO | MEDIUM_SHOT_VOLUME | MEDIUM_CORNER_VOLUME | MEDIUM_CARD_RISK | BALANCED_THREAT,none,none,default no bet; low forecast confidence,DATED_INPUT_ONLY; API_COVERAGE_GATE_V2,LIVE,WAIT_LIVE_WINDOW,MEDIUM,ATTENTION,OFFICIAL_NO_BET,NO_PICK_NO_STAKE,YES,YES,PENDING_NO_BET_AUDIT,PENDING,,PENDING_POSTMATCH,No execution permission.; api_gate=LOW_COVERAGE_NO_BET; coverage_score=20.0; missing=recent_stats_coverage=NONE; lineup_coverage=NONE; injuries_coverage=NONE; standings_coverage=NONE; odds_coverage=NONE,NO,NO
2026-06-20,2026-06-20T16:31:36+01:00,2026-06-20|1520739|NO_CLEAR_STAT_MARKET,1520739,Vila Nova,Nautico Recife,,,4,NO_BET,NO_BET,BLOCKED,NO_CLEAR_STAT_MARKET,NONE,NO_STAKE,NO,NO_PORTFOLIO_CONTEXT,,LOW,PARTIAL_RECENT_STATS; SHOT_SAMPLE_WEAK; CORNER_SAMPLE_WEAK; CARD_SAMPLE_WEAK,-42,LOW_FORECAST_CONFIDENCE,MEDIUM_TEMPO | MEDIUM_SHOT_VOLUME | MEDIUM_CORNER_VOLUME | MEDIUM_CARD_RISK | BALANCED_THREAT,none,none,default no bet; low forecast confidence,DATED_INPUT_ONLY; API_COVERAGE_GATE_V2,LIVE,WAIT_LIVE_WINDOW,MEDIUM,ATTENTION,OFFICIAL_NO_BET,NO_PICK_NO_STAKE,YES,YES,PENDING_NO_BET_AUDIT,PENDING,,PENDING_POSTMATCH,No execution permission.; api_gate=LOW_COVERAGE_NO_BET; coverage_score=20.0; missing=recent_stats_coverage=NONE; lineup_coverage=NONE; injuries_coverage=NONE; standings_coverage=NONE; odds_coverage=NONE,NO,NO
2026-06-20,2026-06-20T16:31:36+01:00,2026-06-20|1522830|NO_CLEAR_STAT_MARKET,1522830,Banga,FK Zalgiris Vilnius,,,5,NO_BET,NO_BET,BLOCKED,NO_CLEAR_STAT_MARKET,NONE,NO_STAKE,NO,NO_PORTFOLIO_CONTEXT,,LOW,PARTIAL_RECENT_STATS; SHOT_SAMPLE_WEAK; CORNER_SAMPLE_WEAK; CARD_SAMPLE_WEAK,-42,LOW_FORECAST_CONFIDENCE,MEDIUM_TEMPO | MEDIUM_SHOT_VOLUME | MEDIUM_CORNER_VOLUME | MEDIUM_CARD_RISK | BALANCED_THREAT,none,none,default no bet; low forecast confidence,DATED_INPUT_ONLY; API_COVERAGE_GATE_V2,LIVE,WAIT_LIVE_WINDOW,MEDIUM,ATTENTION,OFFICIAL_NO_BET,NO_PICK_NO_STAKE,YES,YES,PENDING_NO_BET_AUDIT,PENDING,,PENDING_POSTMATCH,No execution permission.; api_gate=LOW_COVERAGE_NO_BET; coverage_score=15.0; missing=league_coverage=PARTIAL; recent_stats_coverage=NONE; lineup_coverage=NONE; injuries_coverage=NONE; standings_coverage=NONE; odds_coverage=NONE,NO,NO
2026-06-20,2026-06-20T16:31:36+01:00,2026-06-20|1522828|NO_CLEAR_STAT_MARKET,1522828,Panevėžys,Šiauliai,,,6,NO_BET,NO_BET,BLOCKED,NO_CLEAR_STAT_MARKET,NONE,NO_STAKE,NO,NO_PORTFOLIO_CONTEXT,,LOW,PARTIAL_RECENT_STATS; SHOT_SAMPLE_WEAK; CORNER_SAMPLE_WEAK; CARD_SAMPLE_WEAK,-42,LOW_FORECAST_CONFIDENCE,MEDIUM_TEMPO | MEDIUM_SHOT_VOLUME | MEDIUM_CORNER_VOLUME | MEDIUM_CARD_RISK | BALANCED_THREAT,none,none,default no bet; low forecast confidence,DATED_INPUT_ONLY; API_COVERAGE_GATE_V2,LIVE,WAIT_LIVE_WINDOW,MEDIUM,ATTENTION,OFFICIAL_NO_BET,NO_PICK_NO_STAKE,YES,YES,PENDING_NO_BET_AUDIT,PENDING,,PENDING_POSTMATCH,No execution permission.; api_gate=LOW_COVERAGE_NO_BET; coverage_score=15.0; missing=league_coverage=PARTIAL; recent_stats_coverage=NONE; lineup_coverage=NONE; injuries_coverage=NONE; standings_coverage=NONE; odds_coverage=NONE,NO,NO
2026-06-20,2026-06-20T16:31:36+01:00,2026-06-20|1522829|NO_CLEAR_STAT_MARKET,1522829,TransINVEST Vilnius,Kauno Žalgiris,,,7,NO_BET,NO_BET,BLOCKED,NO_CLEAR_STAT_MARKET,NONE,NO_STAKE,NO,NO_PORTFOLIO_CONTEXT,,LOW,PARTIAL_RECENT_STATS; SHOT_SAMPLE_WEAK; CORNER_SAMPLE_WEAK; CARD_SAMPLE_WEAK,-42,LOW_FORECAST_CONFIDENCE,MEDIUM_TEMPO | MEDIUM_SHOT_VOLUME | MEDIUM_CORNER_VOLUME | MEDIUM_CARD_RISK | BALANCED_THREAT,none,none,default no bet; low forecast confidence,DATED_INPUT_ONLY; API_COVERAGE_GATE_V2,LIVE,WAIT_LIVE_WINDOW,MEDIUM,ATTENTION,OFFICIAL_NO_BET,NO_PICK_NO_STAKE,YES,YES,PENDING_NO_BET_AUDIT,PENDING,,PENDING_POSTMATCH,No execution permission.; api_gate=LOW_COVERAGE_NO_BET; coverage_score=15.0; missing=league_coverage=PARTIAL; recent_stats_coverage=NONE; lineup_coverage=NONE; injuries_coverage=NONE; standings_coverage=NONE; odds_coverage=NONE,NO,NO
2026-06-20,2026-06-20T16:31:36+01:00,2026-06-20|1526855|NO_CLEAR_STAT_MARKET,1526855,Anápolis,AO Itabaiana,,,8,NO_BET,NO_BET,BLOCKED,NO_CLEAR_STAT_MARKET,NONE,NO_STAKE,NO,NO_PORTFOLIO_CONTEXT,,LOW,PARTIAL_RECENT_STATS; SHOT_SAMPLE_WEAK; CORNER_SAMPLE_WEAK; CARD_SAMPLE_WEAK,-42,LOW_FORECAST_CONFIDENCE,MEDIUM_TEMPO | MEDIUM_SHOT_VOLUME | MEDIUM_CORNER_VOLUME | MEDIUM_CARD_RISK | BALANCED_THREAT,none,none,default no bet; low forecast confidence,DATED_INPUT_ONLY; API_COVERAGE_GATE_V2,LIVE,WAIT_LIVE_WINDOW,MEDIUM,ATTENTION,OFFICIAL_NO_BET,NO_PICK_NO_STAKE,YES,YES,PENDING_NO_BET_AUDIT,PENDING,,PENDING_POSTMATCH,No execution permission.; api_gate=LOW_COVERAGE_NO_BET; coverage_score=15.0; missing=league_coverage=PARTIAL; recent_stats_coverage=NONE; lineup_coverage=NONE; injuries_coverage=NONE; standings_coverage=NONE; odds_coverage=NONE,NO,NO
2026-06-20,2026-06-20T16:31:36+01:00,2026-06-20|1526857|NO_CLEAR_STAT_MARKET,1526857,Botafogo PB,Volta Redonda,,,9,NO_BET,NO_BET,BLOCKED,NO_CLEAR_STAT_MARKET,NONE,NO_STAKE,NO,NO_PORTFOLIO_CONTEXT,,LOW,PARTIAL_RECENT_STATS; SHOT_SAMPLE_WEAK; CORNER_SAMPLE_WEAK; CARD_SAMPLE_WEAK,-42,LOW_FORECAST_CONFIDENCE,MEDIUM_TEMPO | MEDIUM_SHOT_VOLUME | MEDIUM_CORNER_VOLUME | MEDIUM_CARD_RISK | BALANCED_THREAT,none,none,default no bet; low forecast confidence,DATED_INPUT_ONLY; API_COVERAGE_GATE_V2,LIVE,WAIT_LIVE_WINDOW,MEDIUM,ATTENTION,OFFICIAL_NO_BET,NO_PICK_NO_STAKE,YES,YES,PENDING_NO_BET_AUDIT,PENDING,,PENDING_POSTMATCH,No execution permission.; api_gate=LOW_COVERAGE_NO_BET; coverage_score=15.0; missing=league_coverage=PARTIAL; recent_stats_coverage=NONE; lineup_coverage=NONE; injuries_coverage=NONE; standings_coverage=NONE; odds_coverage=NONE,NO,NO
2026-06-20,2026-06-20T16:31:36+01:00,2026-06-20|1526863|NO_CLEAR_STAT_MARKET,1526863,Santa Cruz,Ypiranga-RS,,,10,NO_BET,NO_BET,BLOCKED,NO_CLEAR_STAT_MARKET,NONE,NO_STAKE,NO,NO_PORTFOLIO_CONTEXT,,LOW,PARTIAL_RECENT_STATS; SHOT_SAMPLE_WEAK; CORNER_SAMPLE_WEAK; CARD_SAMPLE_WEAK,-42,LOW_FORECAST_CONFIDENCE,MEDIUM_TEMPO | MEDIUM_SHOT_VOLUME | MEDIUM_CORNER_VOLUME | MEDIUM_CARD_RISK | BALANCED_THREAT,none,none,default no bet; low forecast confidence,DATED_INPUT_ONLY; API_COVERAGE_GATE_V2,LIVE,WAIT_LIVE_WINDOW,MEDIUM,ATTENTION,OFFICIAL_NO_BET,NO_PICK_NO_STAKE,YES,YES,PENDING_NO_BET_AUDIT,PENDING,,PENDING_POSTMATCH,No execution permission.; api_gate=LOW_COVERAGE_NO_BET; coverage_score=15.0; missing=league_coverage=PARTIAL; recent_stats_coverage=NONE; lineup_coverage=NONE; injuries_coverage=NONE; standings_coverage=NONE; odds_coverage=NONE,NO,NO
2026-06-21,2026-06-21T16:36:30+01:00,2026-06-21|1520733|NO_CLEAR_STAT_MARKET,1520733,CRB,Fortaleza EC,,,1,NO_BET,NO_BET,BLOCKED,NO_CLEAR_STAT_MARKET,NONE,NO_STAKE,NO,NO_PORTFOLIO_CONTEXT,,LOW,PARTIAL_RECENT_STATS; SHOT_SAMPLE_WEAK; CORNER_SAMPLE_WEAK; CARD_SAMPLE_WEAK,-42,LOW_FORECAST_CONFIDENCE,MEDIUM_TEMPO | MEDIUM_SHOT_VOLUME | MEDIUM_CORNER_VOLUME | MEDIUM_CARD_RISK | BALANCED_THREAT,none,none,default no bet; low forecast confidence,DATED_INPUT_ONLY; API_COVERAGE_GATE_V2,NONE,NO_OPERATOR_ACTION,NONE,ATTENTION,OFFICIAL_NO_BET,NO_PICK_NO_STAKE,YES,YES,PENDING_NO_BET_AUDIT,PENDING,,PENDING_POSTMATCH,No execution permission.; api_gate=LOW_COVERAGE_NO_BET; coverage_score=20.0; missing=recent_stats_coverage=NONE; lineup_coverage=NONE; injuries_coverage=NONE; standings_coverage=NONE; odds_coverage=NONE,NO,NO
2026-06-21,2026-06-21T16:36:30+01:00,2026-06-21|1520734|NO_CLEAR_STAT_MARKET,1520734,Goias,Operario-PR,,,2,NO_BET,NO_BET,BLOCKED,NO_CLEAR_STAT_MARKET,NONE,NO_STAKE,NO,NO_PORTFOLIO_CONTEXT,,LOW,PARTIAL_RECENT_STATS; SHOT_SAMPLE_WEAK; CORNER_SAMPLE_WEAK; CARD_SAMPLE_WEAK,-42,LOW_FORECAST_CONFIDENCE,MEDIUM_TEMPO | MEDIUM_SHOT_VOLUME | MEDIUM_CORNER_VOLUME | MEDIUM_CARD_RISK | BALANCED_THREAT,none,none,default no bet; low forecast confidence,DATED_INPUT_ONLY; API_COVERAGE_GATE_V2,NONE,NO_OPERATOR_ACTION,NONE,ATTENTION,OFFICIAL_NO_BET,NO_PICK_NO_STAKE,YES,YES,PENDING_NO_BET_AUDIT,PENDING,,PENDING_POSTMATCH,No execution permission.; api_gate=LOW_COVERAGE_NO_BET; coverage_score=20.0; missing=recent_stats_coverage=NONE; lineup_coverage=NONE; injuries_coverage=NONE; standings_coverage=NONE; odds_coverage=NONE,NO,NO
2026-06-21,2026-06-21T16:36:30+01:00,2026-06-21|1520737|NO_CLEAR_STAT_MARKET,1520737,São Bernardo,Juventude,,,3,NO_BET,NO_BET,BLOCKED,NO_CLEAR_STAT_MARKET,NONE,NO_STAKE,NO,NO_PORTFOLIO_CONTEXT,,LOW,PARTIAL_RECENT_STATS; SHOT_SAMPLE_WEAK; CORNER_SAMPLE_WEAK; CARD_SAMPLE_WEAK,-42,LOW_FORECAST_CONFIDENCE,MEDIUM_TEMPO | MEDIUM_SHOT_VOLUME | MEDIUM_CORNER_VOLUME | MEDIUM_CARD_RISK | BALANCED_THREAT,none,none,default no bet; low forecast confidence,DATED_INPUT_ONLY; API_COVERAGE_GATE_V2,NONE,NO_OPERATOR_ACTION,NONE,ATTENTION,OFFICIAL_NO_BET,NO_PICK_NO_STAKE,YES,YES,PENDING_NO_BET_AUDIT,PENDING,,PENDING_POSTMATCH,No execution permission.; api_gate=LOW_COVERAGE_NO_BET; coverage_score=20.0; missing=recent_stats_coverage=NONE; lineup_coverage=NONE; injuries_coverage=NONE; standings_coverage=NONE; odds_coverage=NONE,NO,NO
2026-06-21,2026-06-21T16:36:30+01:00,2026-06-21|1526856|NO_CLEAR_STAT_MARKET,1526856,Barra,Amazonas,,,4,NO_BET,NO_BET,BLOCKED,NO_CLEAR_STAT_MARKET,NONE,NO_STAKE,NO,NO_PORTFOLIO_CONTEXT,,LOW,PARTIAL_RECENT_STATS; SHOT_SAMPLE_WEAK; CORNER_SAMPLE_WEAK; CARD_SAMPLE_WEAK,-42,LOW_FORECAST_CONFIDENCE,MEDIUM_TEMPO | MEDIUM_SHOT_VOLUME | MEDIUM_CORNER_VOLUME | MEDIUM_CARD_RISK | BALANCED_THREAT,none,none,default no bet; low forecast confidence,DATED_INPUT_ONLY; API_COVERAGE_GATE_V2,NONE,NO_OPERATOR_ACTION,NONE,ATTENTION,OFFICIAL_NO_BET,NO_PICK_NO_STAKE,YES,YES,PENDING_NO_BET_AUDIT,PENDING,,PENDING_POSTMATCH,No execution permission.; api_gate=LOW_COVERAGE_NO_BET; coverage_score=15.0; missing=league_coverage=PARTIAL; recent_stats_coverage=NONE; lineup_coverage=NONE; injuries_coverage=NONE; standings_coverage=NONE; odds_coverage=NONE,NO,NO
2026-06-21,2026-06-21T16:36:30+01:00,2026-06-21|1526858|NO_CLEAR_STAT_MARKET,1526858,Brusque,Floresta,,,5,NO_BET,NO_BET,BLOCKED,NO_CLEAR_STAT_MARKET,NONE,NO_STAKE,NO,NO_PORTFOLIO_CONTEXT,,LOW,PARTIAL_RECENT_STATS; SHOT_SAMPLE_WEAK; CORNER_SAMPLE_WEAK; CARD_SAMPLE_WEAK,-42,LOW_FORECAST_CONFIDENCE,MEDIUM_TEMPO | MEDIUM_SHOT_VOLUME | MEDIUM_CORNER_VOLUME | MEDIUM_CARD_RISK | BALANCED_THREAT,none,none,default no bet; low forecast confidence,DATED_INPUT_ONLY; API_COVERAGE_GATE_V2,NONE,NO_OPERATOR_ACTION,NONE,ATTENTION,OFFICIAL_NO_BET,NO_PICK_NO_STAKE,YES,YES,PENDING_NO_BET_AUDIT,PENDING,,PENDING_POSTMATCH,No execution permission.; api_gate=LOW_COVERAGE_NO_BET; coverage_score=15.0; missing=league_coverage=PARTIAL; recent_stats_coverage=NONE; lineup_coverage=NONE; injuries_coverage=NONE; standings_coverage=NONE; odds_coverage=NONE,NO,NO
2026-06-21,2026-06-21T16:36:30+01:00,2026-06-21|1526860|NO_CLEAR_STAT_MARKET,1526860,Ferroviária,Inter De Limeira,,,6,NO_BET,NO_BET,BLOCKED,NO_CLEAR_STAT_MARKET,NONE,NO_STAKE,NO,NO_PORTFOLIO_CONTEXT,,LOW,PARTIAL_RECENT_STATS; SHOT_SAMPLE_WEAK; CORNER_SAMPLE_WEAK; CARD_SAMPLE_WEAK,-42,LOW_FORECAST_CONFIDENCE,MEDIUM_TEMPO | MEDIUM_SHOT_VOLUME | MEDIUM_CORNER_VOLUME | MEDIUM_CARD_RISK | BALANCED_THREAT,none,none,default no bet; low forecast confidence,DATED_INPUT_ONLY; API_COVERAGE_GATE_V2,NONE,NO_OPERATOR_ACTION,NONE,ATTENTION,OFFICIAL_NO_BET,NO_PICK_NO_STAKE,YES,YES,PENDING_NO_BET_AUDIT,PENDING,,PENDING_POSTMATCH,No execution permission.; api_gate=LOW_COVERAGE_NO_BET; coverage_score=15.0; missing=league_coverage=PARTIAL; recent_stats_coverage=NONE; lineup_coverage=NONE; injuries_coverage=NONE; standings_coverage=NONE; odds_coverage=NONE,NO,NO
2026-06-24,2026-06-24T11:32:47+01:00,2026-06-24|DIAGNOSTIC_EMPTY_BY_PROMOTION_GATE|NO_MARKET,DIAGNOSTIC_EMPTY_BY_PROMOTION_GATE,NO_PROMOTED_RAW_CANDIDATES,NO_SCORING_SAFE_ROWS,,,0,NO_BET,DIAGNOSTIC_ONLY,EMPTY_BY_PROMOTION_GATE,NO_MARKET,NONE,NO_STAKE,NO_BET,PROMOTION_GATE_BLOCK,NO_PROMOTED_ROWS,NONE,no promoted raw candidates,0,EMPTY_BY_PROMOTION_GATE,none,none,none,default no bet; no promoted raw candidates,PROMOTION_GATE_DIAGNOSTIC_ONLY,NONE,NO_OPERATOR_ACTION,NONE,ATTENTION,DIAGNOSTIC_NO_PICK,NO_PICK_NO_STAKE,NO,NO,DIAGNOSTIC_NO_FIXTURE,PENDING,,DIAGNOSTIC_ONLY_NO_LEARNING,0 promoted raw candidates; no scoring-safe rows available,NO,NO
2026-06-25,2026-06-25T11:25:15+01:00,2026-06-25|DIAGNOSTIC_EMPTY_BY_PROMOTION_GATE|NO_MARKET,DIAGNOSTIC_EMPTY_BY_PROMOTION_GATE,NO_PROMOTED_RAW_CANDIDATES,NO_SCORING_SAFE_ROWS,,,0,NO_BET,DIAGNOSTIC_ONLY,EMPTY_BY_PROMOTION_GATE,NO_MARKET,NONE,NO_STAKE,NO_BET,PROMOTION_GATE_BLOCK,NO_PROMOTED_ROWS,NONE,no promoted raw candidates,0,EMPTY_BY_PROMOTION_GATE,none,none,none,default no bet; no promoted raw candidates,PROMOTION_GATE_DIAGNOSTIC_ONLY,NONE,NO_OPERATOR_ACTION,NONE,ATTENTION,DIAGNOSTIC_NO_PICK,NO_PICK_NO_STAKE,NO,NO,DIAGNOSTIC_NO_FIXTURE,PENDING,,DIAGNOSTIC_ONLY_NO_LEARNING,0 promoted raw candidates; no scoring-safe rows available,NO,NO
2026-06-26,2026-06-26T11:36:14+01:00,2026-06-26|DIAGNOSTIC_EMPTY_BY_PROMOTION_GATE|NO_MARKET,DIAGNOSTIC_EMPTY_BY_PROMOTION_GATE,NO_PROMOTED_RAW_CANDIDATES,NO_SCORING_SAFE_ROWS,,,0,NO_BET,DIAGNOSTIC_ONLY,EMPTY_BY_PROMOTION_GATE,NO_MARKET,NONE,NO_STAKE,NO_BET,PROMOTION_GATE_BLOCK,NO_PROMOTED_ROWS,NONE,no promoted raw candidates,0,EMPTY_BY_PROMOTION_GATE,none,none,none,default no bet; no promoted raw candidates,PROMOTION_GATE_DIAGNOSTIC_ONLY,NONE,NO_OPERATOR_ACTION,NONE,ATTENTION,DIAGNOSTIC_NO_PICK,NO_PICK_NO_STAKE,NO,NO,DIAGNOSTIC_NO_FIXTURE,PENDING,,DIAGNOSTIC_ONLY_NO_LEARNING,0 promoted raw candidates; no scoring-safe rows available,NO,NO
2026-06-27,2026-06-27T10:37:37+01:00,2026-06-27|DIAGNOSTIC_EMPTY_BY_PROMOTION_GATE|NO_MARKET,DIAGNOSTIC_EMPTY_BY_PROMOTION_GATE,NO_PROMOTED_RAW_CANDIDATES,NO_SCORING_SAFE_ROWS,,,0,NO_BET,DIAGNOSTIC_ONLY,EMPTY_BY_PROMOTION_GATE,NO_MARKET,NONE,NO_STAKE,NO_BET,PROMOTION_GATE_BLOCK,NO_PROMOTED_ROWS,NONE,no promoted raw candidates,0,EMPTY_BY_PROMOTION_GATE,none,none,none,default no bet; no promoted raw candidates,PROMOTION_GATE_DIAGNOSTIC_ONLY,NONE,NO_OPERATOR_ACTION,NONE,ATTENTION,DIAGNOSTIC_NO_PICK,NO_PICK_NO_STAKE,NO,NO,DIAGNOSTIC_NO_FIXTURE,PENDING,,DIAGNOSTIC_ONLY_NO_LEARNING,0 promoted raw candidates; no scoring-safe rows available,NO,NO
2026-06-28,2026-06-28T11:11:53+01:00,2026-06-28|DIAGNOSTIC_EMPTY_BY_PROMOTION_GATE|NO_MARKET,DIAGNOSTIC_EMPTY_BY_PROMOTION_GATE,NO_PROMOTED_RAW_CANDIDATES,NO_SCORING_SAFE_ROWS,,,0,NO_BET,DIAGNOSTIC_ONLY,EMPTY_BY_PROMOTION_GATE,NO_MARKET,NONE,NO_STAKE,NO_BET,PROMOTION_GATE_BLOCK,NO_PROMOTED_ROWS,NONE,no promoted raw candidates,0,EMPTY_BY_PROMOTION_GATE,none,none,none,default no bet; no promoted raw candidates,PROMOTION_GATE_DIAGNOSTIC_ONLY,NONE,NO_OPERATOR_ACTION,NONE,ATTENTION,DIAGNOSTIC_NO_PICK,NO_PICK_NO_STAKE,NO,NO,DIAGNOSTIC_NO_FIXTURE,PENDING,,DIAGNOSTIC_ONLY_NO_LEARNING,0 promoted raw candidates; no scoring-safe rows available,NO,NO
2026-06-29,2026-06-29T13:16:13+01:00,2026-06-29|DIAGNOSTIC_EMPTY_BY_PROMOTION_GATE|NO_MARKET,DIAGNOSTIC_EMPTY_BY_PROMOTION_GATE,NO_PROMOTED_RAW_CANDIDATES,NO_SCORING_SAFE_ROWS,,,0,NO_BET,DIAGNOSTIC_ONLY,EMPTY_BY_PROMOTION_GATE,NO_MARKET,NONE,NO_STAKE,NO_BET,PROMOTION_GATE_BLOCK,NO_PROMOTED_ROWS,NONE,no promoted raw candidates,0,EMPTY_BY_PROMOTION_GATE,none,none,none,default no bet; no promoted raw candidates,PROMOTION_GATE_DIAGNOSTIC_ONLY,NONE,NO_OPERATOR_ACTION,NONE,ATTENTION,DIAGNOSTIC_NO_PICK,NO_PICK_NO_STAKE,NO,NO,DIAGNOSTIC_NO_FIXTURE,PENDING,,DIAGNOSTIC_ONLY_NO_LEARNING,0 promoted raw candidates; no scoring-safe rows available,NO,NO
2026-06-30,2026-06-30T11:43:35+01:00,2026-06-30|DIAGNOSTIC_EMPTY_BY_PROMOTION_GATE|NO_MARKET,DIAGNOSTIC_EMPTY_BY_PROMOTION_GATE,NO_PROMOTED_RAW_CANDIDATES,NO_SCORING_SAFE_ROWS,,,0,NO_BET,DIAGNOSTIC_ONLY,EMPTY_BY_PROMOTION_GATE,NO_MARKET,NONE,NO_STAKE,NO_BET,PROMOTION_GATE_BLOCK,NO_PROMOTED_ROWS,NONE,no promoted raw candidates,0,EMPTY_BY_PROMOTION_GATE,none,none,none,default no bet; no promoted raw candidates,PROMOTION_GATE_DIAGNOSTIC_ONLY,NONE,NO_OPERATOR_ACTION,NONE,ATTENTION,DIAGNOSTIC_NO_PICK,NO_PICK_NO_STAKE,NO,NO,DIAGNOSTIC_NO_FIXTURE,PENDING,,DIAGNOSTIC_ONLY_NO_LEARNING,0 promoted raw candidates; no scoring-safe rows available,NO,NO
2026-07-01,2026-07-01T11:54:03+01:00,2026-07-01|DIAGNOSTIC_EMPTY_BY_PROMOTION_GATE|NO_MARKET,DIAGNOSTIC_EMPTY_BY_PROMOTION_GATE,NO_PROMOTED_RAW_CANDIDATES,NO_SCORING_SAFE_ROWS,,,0,NO_BET,DIAGNOSTIC_ONLY,EMPTY_BY_PROMOTION_GATE,NO_MARKET,NONE,NO_STAKE,NO_BET,PROMOTION_GATE_BLOCK,NO_PROMOTED_ROWS,NONE,no promoted raw candidates,0,EMPTY_BY_PROMOTION_GATE,none,none,none,default no bet; no promoted raw candidates,PROMOTION_GATE_DIAGNOSTIC_ONLY,NONE,NO_OPERATOR_ACTION,NONE,ATTENTION,DIAGNOSTIC_NO_PICK,NO_PICK_NO_STAKE,NO,NO,DIAGNOSTIC_NO_FIXTURE,PENDING,,DIAGNOSTIC_ONLY_NO_LEARNING,0 promoted raw candidates; no scoring-safe rows available,NO,NO
2026-07-02,2026-07-02T11:18:09+01:00,2026-07-02|DIAGNOSTIC_EMPTY_BY_PROMOTION_GATE|NO_MARKET,DIAGNOSTIC_EMPTY_BY_PROMOTION_GATE,NO_PROMOTED_RAW_CANDIDATES,NO_SCORING_SAFE_ROWS,,,0,NO_BET,DIAGNOSTIC_ONLY,EMPTY_BY_PROMOTION_GATE,NO_MARKET,NONE,NO_STAKE,NO_BET,PROMOTION_GATE_BLOCK,NO_PROMOTED_ROWS,NONE,no promoted raw candidates,0,EMPTY_BY_PROMOTION_GATE,none,none,none,default no bet; no promoted raw candidates,PROMOTION_GATE_DIAGNOSTIC_ONLY,NONE,NO_OPERATOR_ACTION,NONE,ATTENTION,DIAGNOSTIC_NO_PICK,NO_PICK_NO_STAKE,NO,NO,DIAGNOSTIC_NO_FIXTURE,PENDING,,DIAGNOSTIC_ONLY_NO_LEARNING,0 promoted raw candidates; no scoring-safe rows available,NO,NO
2026-07-03,2026-07-03T11:14:18+01:00,2026-07-03|DIAGNOSTIC_EMPTY_BY_PROMOTION_GATE|NO_MARKET,DIAGNOSTIC_EMPTY_BY_PROMOTION_GATE,NO_PROMOTED_RAW_CANDIDATES,NO_SCORING_SAFE_ROWS,,,0,NO_BET,DIAGNOSTIC_ONLY,EMPTY_BY_PROMOTION_GATE,NO_MARKET,NONE,NO_STAKE,NO_BET,PROMOTION_GATE_BLOCK,NO_PROMOTED_ROWS,NONE,no promoted raw candidates,0,EMPTY_BY_PROMOTION_GATE,none,none,none,default no bet; no promoted raw candidates,PROMOTION_GATE_DIAGNOSTIC_ONLY,NONE,NO_OPERATOR_ACTION,NONE,ATTENTION,DIAGNOSTIC_NO_PICK,NO_PICK_NO_STAKE,NO,NO,DIAGNOSTIC_NO_FIXTURE,PENDING,,DIAGNOSTIC_ONLY_NO_LEARNING,0 promoted raw candidates; no scoring-safe rows available,NO,NO
2026-07-04,2026-07-04T10:37:17+01:00,2026-07-04|1494200|NO_CLEAR_STAT_MARKET,1494200,Sirius,Mjallby AIF,,,1,NO_BET,NO_BET,BLOCKED,NO_CLEAR_STAT_MARKET,NONE,NO_STAKE,NO,REVIEW_ONLY,L6_REVIEW,LOW,LINEUPS_INACTIVE; LOW_LEAGUE_RELIABILITY; PARTIAL_RECENT_STATS; API_COVERAGE_UNKNOWN,-34,LOW_FORECAST_CONFIDENCE,MEDIUM_TEMPO | MEDIUM_SHOT_VOLUME | MEDIUM_CORNER_VOLUME | MEDIUM_CARD_RISK | BALANCED_THREAT,none,none,default no bet; low forecast confidence; bad or incomplete lineups,DATED_INPUT_ONLY; API_COVERAGE_GATE_V2,NONE,NO_OPERATOR_ACTION,NONE,ATTENTION,OFFICIAL_NO_BET,NO_PICK_NO_STAKE,YES,YES,PENDING_NO_BET_AUDIT,PENDING,,PENDING_POSTMATCH,No execution permission.; api_gate=UNKNOWN; coverage_score=; missing=unknown,NO,NO
2026-07-05,2026-07-05T10:55:11+01:00,2026-07-05|1494194|NO_CLEAR_STAT_MARKET,1494194,Degerfors IF,Malmo FF,,,1,NO_BET,NO_BET,BLOCKED,NO_CLEAR_STAT_MARKET,NONE,NO_STAKE,NO,REVIEW_ONLY,L6_REVIEW,LOW,LINEUPS_INACTIVE; LOW_LEAGUE_RELIABILITY; PARTIAL_RECENT_STATS; API_COVERAGE_UNKNOWN,-34,LOW_FORECAST_CONFIDENCE,MEDIUM_TEMPO | MEDIUM_SHOT_VOLUME | MEDIUM_CORNER_VOLUME | MEDIUM_CARD_RISK | BALANCED_THREAT,none,none,default no bet; low forecast confidence; bad or incomplete lineups,DATED_INPUT_ONLY; API_COVERAGE_GATE_V2,NONE,NO_OPERATOR_ACTION,NONE,ATTENTION,OFFICIAL_NO_BET,NO_PICK_NO_STAKE,YES,YES,PENDING_NO_BET_AUDIT,PENDING,,PENDING_POSTMATCH,No execution permission.; api_gate=UNKNOWN; coverage_score=; missing=unknown,NO,NO
2026-07-05,2026-07-05T10:55:11+01:00,2026-07-05|1506988|NO_CLEAR_STAT_MARKET,1506988,Jeonbuk Motors,Gangwon FC,,,2,NO_BET,NO_BET,BLOCKED,NO_CLEAR_STAT_MARKET,NONE,NO_STAKE,NO,REVIEW_ONLY,L6_REVIEW,LOW,LINEUPS_INACTIVE; LOW_LEAGUE_RELIABILITY; PARTIAL_RECENT_STATS; API_COVERAGE_UNKNOWN,-34,PROXY_BRIDGE_INVERSION_BLOCK,MEDIUM_TEMPO | MEDIUM_SHOT_VOLUME | MEDIUM_CORNER_VOLUME | MEDIUM_CARD_RISK | BALANCED_THREAT,none,none,default no bet; bad or incomplete lineups,DATED_INPUT_ONLY; API_COVERAGE_GATE_V2,NONE,NO_OPERATOR_ACTION,NONE,ATTENTION,OFFICIAL_NO_BET,NO_PICK_NO_STAKE,YES,YES,PENDING_NO_BET_AUDIT,PENDING,,PENDING_POSTMATCH,No execution permission.; api_gate=UNKNOWN; coverage_score=; missing=unknown,NO,NO
2026-07-06,2026-07-06T12:48:22+01:00,2026-07-06|1494194|NO_CLEAR_STAT_MARKET,1494194,Degerfors IF,Malmo FF,,,1,NO_BET,NO_BET,BLOCKED,NO_CLEAR_STAT_MARKET,NONE,NO_STAKE,NO,REVIEW_ONLY,L6_REVIEW,LOW,LINEUPS_INACTIVE; LOW_LEAGUE_RELIABILITY; PARTIAL_RECENT_STATS; API_COVERAGE_UNKNOWN,-34,LOW_FORECAST_CONFIDENCE,MEDIUM_TEMPO | MEDIUM_SHOT_VOLUME | MEDIUM_CORNER_VOLUME | MEDIUM_CARD_RISK | BALANCED_THREAT,none,none,default no bet; low forecast confidence; bad or incomplete lineups,DATED_INPUT_ONLY; API_COVERAGE_GATE_V2,NONE,NO_OPERATOR_ACTION,NONE,ATTENTION,OFFICIAL_NO_BET,NO_PICK_NO_STAKE,YES,YES,PENDING_NO_BET_AUDIT,PENDING,,PENDING_POSTMATCH,No execution permission.; api_gate=UNKNOWN; coverage_score=; missing=unknown,NO,NO
2026-07-06,2026-07-06T12:48:22+01:00,2026-07-06|1506988|NO_CLEAR_STAT_MARKET,1506988,Jeonbuk Motors,Gangwon FC,,,2,NO_BET,NO_BET,BLOCKED,NO_CLEAR_STAT_MARKET,NONE,NO_STAKE,NO,REVIEW_ONLY,L6_REVIEW,LOW,LINEUPS_INACTIVE; LOW_LEAGUE_RELIABILITY; PARTIAL_RECENT_STATS; API_COVERAGE_UNKNOWN,-34,PROXY_BRIDGE_INVERSION_BLOCK,MEDIUM_TEMPO | MEDIUM_SHOT_VOLUME | MEDIUM_CORNER_VOLUME | MEDIUM_CARD_RISK | BALANCED_THREAT,none,none,default no bet; bad or incomplete lineups,DATED_INPUT_ONLY; API_COVERAGE_GATE_V2,NONE,NO_OPERATOR_ACTION,NONE,ATTENTION,OFFICIAL_NO_BET,NO_PICK_NO_STAKE,YES,YES,PENDING_NO_BET_AUDIT,PENDING,,PENDING_POSTMATCH,No execution permission.; api_gate=UNKNOWN; coverage_score=; missing=unknown,NO,NO
2026-07-07,2026-07-07T11:38:19+01:00,2026-07-07|1494197|NO_CLEAR_STAT_MARKET,1494197,BK Hacken,Djurgardens IF,,,1,NO_BET,NO_BET,BLOCKED,NO_CLEAR_STAT_MARKET,NONE,NO_STAKE,NO,REVIEW_ONLY,L6_REVIEW,LOW,LINEUPS_INACTIVE; LOW_LEAGUE_RELIABILITY; PARTIAL_RECENT_STATS; API_COVERAGE_UNKNOWN,-34,LOW_FORECAST_CONFIDENCE,MEDIUM_TEMPO | MEDIUM_SHOT_VOLUME | MEDIUM_CORNER_VOLUME | MEDIUM_CARD_RISK | BALANCED_THREAT,none,none,default no bet; low forecast confidence; bad or incomplete lineups,DATED_INPUT_ONLY; API_COVERAGE_GATE_V2,NONE,NO_OPERATOR_ACTION,NONE,ATTENTION,OFFICIAL_NO_BET,NO_PICK_NO_STAKE,YES,YES,PENDING_NO_BET_AUDIT,PENDING,,PENDING_POSTMATCH,No execution permission.; api_gate=UNKNOWN; coverage_score=; missing=unknown,NO,NO
2026-07-08,2026-07-08T10:55:25+01:00,2026-07-08|1554374|NO_CLEAR_STAT_MARKET,1554374,Vikingur Reykjavik,Gyori ETO FC,,,1,NO_BET,NO_BET,BLOCKED,NO_CLEAR_STAT_MARKET,NONE,NO_STAKE,NO,REVIEW_ONLY,L6_REVIEW,LOW,LINEUPS_INACTIVE; LOW_LEAGUE_RELIABILITY; PARTIAL_RECENT_STATS; API_COVERAGE_UNKNOWN,-34,LOW_FORECAST_CONFIDENCE,MEDIUM_TEMPO | MEDIUM_SHOT_VOLUME | MEDIUM_CORNER_VOLUME | MEDIUM_CARD_RISK | BALANCED_THREAT,none,none,default no bet; low forecast confidence; bad or incomplete lineups,DATED_INPUT_ONLY; API_COVERAGE_GATE_V2,NONE,NO_OPERATOR_ACTION,NONE,ATTENTION,OFFICIAL_NO_BET,NO_PICK_NO_STAKE,YES,YES,PENDING_NO_BET_AUDIT,PENDING,,PENDING_POSTMATCH,No execution permission.; api_gate=UNKNOWN; coverage_score=; missing=unknown,NO,NO
2026-07-08,2026-07-08T10:55:25+01:00,2026-07-08|1554368|NO_CLEAR_STAT_MARKET,1554368,Lincoln Red Imps FC,Inter Club d'Escaldes,,,2,NO_BET,NO_BET,BLOCKED,NO_CLEAR_STAT_MARKET,NONE,NO_STAKE,NO,REVIEW_ONLY,L6_REVIEW,LOW,LINEUPS_INACTIVE; LOW_LEAGUE_RELIABILITY; PARTIAL_RECENT_STATS; API_COVERAGE_UNKNOWN,-34,LOW_FORECAST_CONFIDENCE,MEDIUM_TEMPO | MEDIUM_SHOT_VOLUME | MEDIUM_CORNER_VOLUME | MEDIUM_CARD_RISK | BALANCED_THREAT,none,none,default no bet; low forecast confidence; bad or incomplete lineups,DATED_INPUT_ONLY; API_COVERAGE_GATE_V2,NONE,NO_OPERATOR_ACTION,NONE,ATTENTION,OFFICIAL_NO_BET,NO_PICK_NO_STAKE,YES,YES,PENDING_NO_BET_AUDIT,PENDING,,PENDING_POSTMATCH,No execution permission.; api_gate=UNKNOWN; coverage_score=; missing=unknown,NO,NO
2026-07-09,2026-07-09T11:37:53+01:00,2026-07-09|1554369|NO_CLEAR_STAT_MARKET,1554369,ML Vitebsk,Universitatea Craiova,,,1,NO_BET,NO_BET,BLOCKED,NO_CLEAR_STAT_MARKET,NONE,NO_STAKE,NO,REVIEW_ONLY,L6_REVIEW,LOW,LINEUPS_INACTIVE; LOW_LEAGUE_RELIABILITY; PARTIAL_RECENT_STATS; API_COVERAGE_UNKNOWN,-34,LOW_FORECAST_CONFIDENCE,MEDIUM_TEMPO | MEDIUM_SHOT_VOLUME | MEDIUM_CORNER_VOLUME | MEDIUM_CARD_RISK | BALANCED_THREAT,none,none,default no bet; low forecast confidence; bad or incomplete lineups,DATED_INPUT_ONLY; API_COVERAGE_GATE_V2,NONE,NO_OPERATOR_ACTION,NONE,ATTENTION,OFFICIAL_NO_BET,NO_PICK_NO_STAKE,YES,YES,PENDING_NO_BET_AUDIT,PENDING,,PENDING_POSTMATCH,No execution permission.; api_gate=UNKNOWN; coverage_score=; missing=unknown,NO,NO
2026-07-09,2026-07-09T11:37:53+01:00,2026-07-09|1554370|NO_CLEAR_STAT_MARKET,1554370,Petrocub,Egnatia Rrogozhinë,,,2,NO_BET,NO_BET,BLOCKED,NO_CLEAR_STAT_MARKET,NONE,NO_STAKE,NO,REVIEW_ONLY,L6_REVIEW,LOW,LINEUPS_INACTIVE; LOW_LEAGUE_RELIABILITY; PARTIAL_RECENT_STATS; API_COVERAGE_UNKNOWN,-34,PROXY_BRIDGE_INVERSION_BLOCK,MEDIUM_TEMPO | MEDIUM_SHOT_VOLUME | MEDIUM_CORNER_VOLUME | MEDIUM_CARD_RISK | BALANCED_THREAT,none,none,default no bet; bad or incomplete lineups,DATED_INPUT_ONLY; API_COVERAGE_GATE_V2,NONE,NO_OPERATOR_ACTION,NONE,ATTENTION,OFFICIAL_NO_BET,NO_PICK_NO_STAKE,YES,YES,PENDING_NO_BET_AUDIT,PENDING,,PENDING_POSTMATCH,No execution permission.; api_gate=UNKNOWN; coverage_score=; missing=unknown,NO,NO
2026-07-09,2026-07-09T11:37:53+01:00,2026-07-09|1554414|NO_CLEAR_STAT_MARKET,1554414,Zira,Torpedo Kutaisi,,,3,NO_BET,NO_BET,BLOCKED,NO_CLEAR_STAT_MARKET,NONE,NO_STAKE,NO,REVIEW_ONLY,L6_REVIEW,LOW,LINEUPS_INACTIVE; LOW_LEAGUE_RELIABILITY; PARTIAL_RECENT_STATS; API_COVERAGE_UNKNOWN,-34,PROXY_BRIDGE_INVERSION_BLOCK,MEDIUM_TEMPO | MEDIUM_SHOT_VOLUME | MEDIUM_CORNER_VOLUME | MEDIUM_CARD_RISK | BALANCED_THREAT,none,none,default no bet; bad or incomplete lineups,DATED_INPUT_ONLY; API_COVERAGE_GATE_V2,NONE,NO_OPERATOR_ACTION,NONE,ATTENTION,OFFICIAL_NO_BET,NO_PICK_NO_STAKE,YES,YES,PENDING_NO_BET_AUDIT,PENDING,,PENDING_POSTMATCH,No execution permission.; api_gate=UNKNOWN; coverage_score=; missing=unknown,NO,NO
2026-07-10,2026-07-10T11:34:50+01:00,2026-07-10|DIAGNOSTIC_EMPTY_BY_PROMOTION_GATE|NO_MARKET,DIAGNOSTIC_EMPTY_BY_PROMOTION_GATE,NO_PROMOTED_RAW_CANDIDATES,NO_SCORING_SAFE_ROWS,,,0,NO_BET,DIAGNOSTIC_ONLY,EMPTY_BY_PROMOTION_GATE,NO_MARKET,NONE,NO_STAKE,NO_BET,PROMOTION_GATE_BLOCK,NO_PROMOTED_ROWS,NONE,no promoted raw candidates,0,EMPTY_BY_PROMOTION_GATE,none,none,none,default no bet; no promoted raw candidates,PROMOTION_GATE_DIAGNOSTIC_ONLY,NONE,NO_OPERATOR_ACTION,NONE,ATTENTION,DIAGNOSTIC_NO_PICK,NO_PICK_NO_STAKE,NO,NO,DIAGNOSTIC_NO_FIXTURE,PENDING,,DIAGNOSTIC_ONLY_NO_LEARNING,0 promoted raw candidates; no scoring-safe rows available,NO,NO
2026-07-11,2026-07-11T10:07:33+01:00,2026-07-11|DIAGNOSTIC_EMPTY_BY_PROMOTION_GATE|NO_MARKET,DIAGNOSTIC_EMPTY_BY_PROMOTION_GATE,NO_PROMOTED_RAW_CANDIDATES,NO_SCORING_SAFE_ROWS,,,0,NO_BET,DIAGNOSTIC_ONLY,EMPTY_BY_PROMOTION_GATE,NO_MARKET,NONE,NO_STAKE,NO_BET,PROMOTION_GATE_BLOCK,NO_PROMOTED_ROWS,NONE,no promoted raw candidates,0,EMPTY_BY_PROMOTION_GATE,none,none,none,default no bet; no promoted raw candidates,PROMOTION_GATE_DIAGNOSTIC_ONLY,NONE,NO_OPERATOR_ACTION,NONE,ATTENTION,DIAGNOSTIC_NO_PICK,NO_PICK_NO_STAKE,NO,NO,DIAGNOSTIC_NO_FIXTURE,PENDING,,DIAGNOSTIC_ONLY_NO_LEARNING,0 promoted raw candidates; no scoring-safe rows available,NO,NO
2026-07-12,2026-07-12T10:27:18+01:00,2026-07-12|1506993|NO_CLEAR_STAT_MARKET,1506993,Gwangju FC,Pohang Steelers,,,1,NO_BET,NO_BET,BLOCKED,NO_CLEAR_STAT_MARKET,NONE,NO_STAKE,NO,REVIEW_ONLY,L6_REVIEW,LOW,LINEUPS_INACTIVE; LOW_LEAGUE_RELIABILITY; PARTIAL_RECENT_STATS; API_COVERAGE_UNKNOWN,-34,CANDIDATE_PROVENANCE_CEILING,MEDIUM_TEMPO | MEDIUM_SHOT_VOLUME | MEDIUM_CORNER_VOLUME | MEDIUM_CARD_RISK | BALANCED_THREAT,none,none,default no bet; bad or incomplete lineups,DATED_INPUT_ONLY; API_COVERAGE_GATE_V2,NONE,NO_OPERATOR_ACTION,NONE,ATTENTION,OFFICIAL_NO_BET,NO_PICK_NO_STAKE,YES,YES,PENDING_NO_BET_AUDIT,PENDING,,PENDING_POSTMATCH,No execution permission.; api_gate=UNKNOWN; coverage_score=; missing=unknown,NO,NO
2026-07-12,2026-07-12T10:27:18+01:00,2026-07-12|1506994|NO_CLEAR_STAT_MARKET,1506994,Ulsan Hyundai FC,Jeonbuk Motors,,,2,NO_BET,NO_BET,BLOCKED,NO_CLEAR_STAT_MARKET,NONE,NO_STAKE,NO,REVIEW_ONLY,L6_REVIEW,LOW,LINEUPS_INACTIVE; LOW_LEAGUE_RELIABILITY; PARTIAL_RECENT_STATS; API_COVERAGE_UNKNOWN,-34,PROXY_BRIDGE_INVERSION_BLOCK,MEDIUM_TEMPO | MEDIUM_SHOT_VOLUME | MEDIUM_CORNER_VOLUME | MEDIUM_CARD_RISK | BALANCED_THREAT,none,none,default no bet; bad or incomplete lineups,DATED_INPUT_ONLY; API_COVERAGE_GATE_V2,NONE,NO_OPERATOR_ACTION,NONE,ATTENTION,OFFICIAL_NO_BET,NO_PICK_NO_STAKE,YES,YES,PENDING_NO_BET_AUDIT,PENDING,,PENDING_POSTMATCH,No execution permission.; api_gate=UNKNOWN; coverage_score=; missing=unknown,NO,NO
2026-07-13,2026-07-13T11:39:08+01:00,2026-07-13|1506993|NO_CLEAR_STAT_MARKET,1506993,Gwangju FC,Pohang Steelers,,,1,NO_BET,NO_BET,BLOCKED,NO_CLEAR_STAT_MARKET,NONE,NO_STAKE,NO,REVIEW_ONLY,L6_REVIEW,LOW,LINEUPS_INACTIVE; LOW_LEAGUE_RELIABILITY; PARTIAL_RECENT_STATS; API_COVERAGE_UNKNOWN,-34,CANDIDATE_PROVENANCE_CEILING,MEDIUM_TEMPO | MEDIUM_SHOT_VOLUME | MEDIUM_CORNER_VOLUME | MEDIUM_CARD_RISK | BALANCED_THREAT,none,none,default no bet; bad or incomplete lineups,DATED_INPUT_ONLY; API_COVERAGE_GATE_V2,NONE,NO_OPERATOR_ACTION,NONE,ATTENTION,OFFICIAL_NO_BET,NO_PICK_NO_STAKE,YES,YES,PENDING_NO_BET_AUDIT,PENDING,,PENDING_POSTMATCH,No execution permission.; api_gate=UNKNOWN; coverage_score=; missing=unknown,NO,NO
2026-07-13,2026-07-13T11:39:08+01:00,2026-07-13|1506994|NO_CLEAR_STAT_MARKET,1506994,Ulsan Hyundai FC,Jeonbuk Motors,,,2,NO_BET,NO_BET,BLOCKED,NO_CLEAR_STAT_MARKET,NONE,NO_STAKE,NO,REVIEW_ONLY,L6_REVIEW,LOW,LINEUPS_INACTIVE; LOW_LEAGUE_RELIABILITY; PARTIAL_RECENT_STATS; API_COVERAGE_UNKNOWN,-34,PROXY_BRIDGE_INVERSION_BLOCK,MEDIUM_TEMPO | MEDIUM_SHOT_VOLUME | MEDIUM_CORNER_VOLUME | MEDIUM_CARD_RISK | BALANCED_THREAT,none,none,default no bet; bad or incomplete lineups,DATED_INPUT_ONLY; API_COVERAGE_GATE_V2,NONE,NO_OPERATOR_ACTION,NONE,ATTENTION,OFFICIAL_NO_BET,NO_PICK_NO_STAKE,YES,YES,PENDING_NO_BET_AUDIT,PENDING,,PENDING_POSTMATCH,No execution permission.; api_gate=UNKNOWN; coverage_score=; missing=unknown,NO,NO
2026-07-14,2026-07-14T10:25:38+01:00,2026-07-14|DIAGNOSTIC_EMPTY_BY_PROMOTION_GATE|NO_MARKET,DIAGNOSTIC_EMPTY_BY_PROMOTION_GATE,NO_PROMOTED_RAW_CANDIDATES,NO_SCORING_SAFE_ROWS,,,0,NO_BET,DIAGNOSTIC_ONLY,EMPTY_BY_PROMOTION_GATE,NO_MARKET,NONE,NO_STAKE,NO_BET,PROMOTION_GATE_BLOCK,NO_PROMOTED_ROWS,NONE,no promoted raw candidates,0,EMPTY_BY_PROMOTION_GATE,none,none,none,default no bet; no promoted raw candidates,PROMOTION_GATE_DIAGNOSTIC_ONLY,NONE,NO_OPERATOR_ACTION,NONE,ATTENTION,DIAGNOSTIC_NO_PICK,NO_PICK_NO_STAKE,NO,NO,DIAGNOSTIC_NO_FIXTURE,PENDING,,DIAGNOSTIC_ONLY_NO_LEARNING,0 promoted raw candidates; no scoring-safe rows available,NO,NO
2026-07-15,2026-07-15T10:29:26+01:00,2026-07-15|1554387|NO_CLEAR_STAT_MARKET,1554387,The New Saints,Sabah FA,,,1,NO_BET,NO_BET,BLOCKED,NO_CLEAR_STAT_MARKET,NONE,NO_STAKE,NO,LIVE_ONLY_OR_SYMBOLIC,L7_SOFT_DOWN,LOW,LINEUPS_INACTIVE; LOW_LEAGUE_RELIABILITY; PARTIAL_RECENT_STATS; API_COVERAGE_UNKNOWN,-34,CANDIDATE_PROVENANCE_CEILING,MEDIUM_TEMPO | MEDIUM_SHOT_VOLUME | MEDIUM_CORNER_VOLUME | MEDIUM_CARD_RISK | BALANCED_THREAT,none,none,default no bet; bad or incomplete lineups,DATED_INPUT_ONLY; API_COVERAGE_GATE_V2,NONE,NO_OPERATOR_ACTION,NONE,ATTENTION,OFFICIAL_NO_BET,NO_PICK_NO_STAKE,YES,YES,PENDING_NO_BET_AUDIT,PENDING,,PENDING_POSTMATCH,No execution permission.; api_gate=UNKNOWN; coverage_score=; missing=unknown,NO,NO
2026-07-16,2026-07-16T10:34:57+01:00,2026-07-16|1554428|NO_CLEAR_STAT_MARKET,1554428,Malisheva,Vllaznia Shkodër,,,1,NO_BET,NO_BET,BLOCKED,NO_CLEAR_STAT_MARKET,NONE,NO_STAKE,NO,REVIEW_ONLY,L6_REVIEW,LOW,LINEUPS_INACTIVE; LOW_LEAGUE_RELIABILITY; PARTIAL_RECENT_STATS; API_COVERAGE_UNKNOWN,-34,LOW_FORECAST_CONFIDENCE,MEDIUM_TEMPO | MEDIUM_SHOT_VOLUME | MEDIUM_CORNER_VOLUME | MEDIUM_CARD_RISK | BALANCED_THREAT,none,none,default no bet; low forecast confidence; bad or incomplete lineups,DATED_INPUT_ONLY; API_COVERAGE_GATE_V2,NONE,NO_OPERATOR_ACTION,NONE,ATTENTION,OFFICIAL_NO_BET,NO_PICK_NO_STAKE,YES,YES,PENDING_NO_BET_AUDIT,PENDING,,PENDING_POSTMATCH,No execution permission.; api_gate=UNKNOWN; coverage_score=; missing=unknown,NO,NO
2026-07-16,2026-07-16T10:34:57+01:00,2026-07-16|1554375|NO_CLEAR_STAT_MARKET,1554375,Atert Bissen,KI Klaksvik,,,2,NO_BET,NO_BET,BLOCKED,NO_CLEAR_STAT_MARKET,NONE,NO_STAKE,NO,REVIEW_ONLY,L6_REVIEW,LOW,LINEUPS_INACTIVE; LOW_LEAGUE_RELIABILITY; PARTIAL_RECENT_STATS; API_COVERAGE_UNKNOWN,-34,LOW_FORECAST_CONFIDENCE,MEDIUM_TEMPO | MEDIUM_SHOT_VOLUME | MEDIUM_CORNER_VOLUME | MEDIUM_CARD_RISK | BALANCED_THREAT,none,none,default no bet; low forecast confidence; bad or incomplete lineups,DATED_INPUT_ONLY; API_COVERAGE_GATE_V2,NONE,NO_OPERATOR_ACTION,NONE,ATTENTION,OFFICIAL_NO_BET,NO_PICK_NO_STAKE,YES,YES,PENDING_NO_BET_AUDIT,PENDING,,PENDING_POSTMATCH,No execution permission.; api_gate=UNKNOWN; coverage_score=; missing=unknown,NO,NO
2026-07-16,2026-07-16T10:34:57+01:00,2026-07-16|1554388|NO_CLEAR_STAT_MARKET,1554388,Universitatea Craiova,ML Vitebsk,,,3,NO_BET,NO_BET,BLOCKED,NO_CLEAR_STAT_MARKET,NONE,NO_STAKE,NO,REVIEW_ONLY,L6_REVIEW,LOW,LINEUPS_INACTIVE; LOW_LEAGUE_RELIABILITY; PARTIAL_RECENT_STATS; API_COVERAGE_UNKNOWN,-34,PROXY_BRIDGE_INVERSION_BLOCK,MEDIUM_TEMPO | MEDIUM_SHOT_VOLUME | MEDIUM_CORNER_VOLUME | MEDIUM_CARD_RISK | BALANCED_THREAT,none,none,default no bet; bad or incomplete lineups,DATED_INPUT_ONLY; API_COVERAGE_GATE_V2,NONE,NO_OPERATOR_ACTION,NONE,ATTENTION,OFFICIAL_NO_BET,NO_PICK_NO_STAKE,YES,YES,PENDING_NO_BET_AUDIT,PENDING,,PENDING_POSTMATCH,No execution permission.; api_gate=UNKNOWN; coverage_score=; missing=unknown,NO,NO
2026-07-17,2026-07-17T10:27:59+01:00,2026-07-17|1554428|NO_CLEAR_STAT_MARKET,1554428,Malisheva,Vllaznia Shkodër,,,1,NO_BET,NO_BET,BLOCKED,NO_CLEAR_STAT_MARKET,NONE,NO_STAKE,NO,REVIEW_ONLY,L6_REVIEW,LOW,LINEUPS_INACTIVE; LOW_LEAGUE_RELIABILITY; PARTIAL_RECENT_STATS; API_COVERAGE_UNKNOWN,-34,LOW_FORECAST_CONFIDENCE,MEDIUM_TEMPO | MEDIUM_SHOT_VOLUME | MEDIUM_CORNER_VOLUME | MEDIUM_CARD_RISK | BALANCED_THREAT,none,none,default no bet; low forecast confidence; bad or incomplete lineups,DATED_INPUT_ONLY; API_COVERAGE_GATE_V2,NONE,NO_OPERATOR_ACTION,NONE,ATTENTION,OFFICIAL_NO_BET,NO_PICK_NO_STAKE,YES,YES,PENDING_NO_BET_AUDIT,PENDING,,PENDING_POSTMATCH,No execution permission.; api_gate=UNKNOWN; coverage_score=; missing=unknown,NO,NO
2026-07-17,2026-07-17T10:27:59+01:00,2026-07-17|1554375|NO_CLEAR_STAT_MARKET,1554375,Atert Bissen,KI Klaksvik,,,2,NO_BET,NO_BET,BLOCKED,NO_CLEAR_STAT_MARKET,NONE,NO_STAKE,NO,REVIEW_ONLY,L6_REVIEW,LOW,LINEUPS_INACTIVE; LOW_LEAGUE_RELIABILITY; PARTIAL_RECENT_STATS; API_COVERAGE_UNKNOWN,-34,LOW_FORECAST_CONFIDENCE,MEDIUM_TEMPO | MEDIUM_SHOT_VOLUME | MEDIUM_CORNER_VOLUME | MEDIUM_CARD_RISK | BALANCED_THREAT,none,none,default no bet; low forecast confidence; bad or incomplete lineups,DATED_INPUT_ONLY; API_COVERAGE_GATE_V2,NONE,NO_OPERATOR_ACTION,NONE,ATTENTION,OFFICIAL_NO_BET,NO_PICK_NO_STAKE,YES,YES,PENDING_NO_BET_AUDIT,PENDING,,PENDING_POSTMATCH,No execution permission.; api_gate=UNKNOWN; coverage_score=; missing=unknown,NO,NO
2026-07-17,2026-07-17T10:27:59+01:00,2026-07-17|1554388|NO_CLEAR_STAT_MARKET,1554388,Universitatea Craiova,ML Vitebsk,,,3,NO_BET,NO_BET,BLOCKED,NO_CLEAR_STAT_MARKET,NONE,NO_STAKE,NO,REVIEW_ONLY,L6_REVIEW,LOW,LINEUPS_INACTIVE; LOW_LEAGUE_RELIABILITY; PARTIAL_RECENT_STATS; API_COVERAGE_UNKNOWN,-34,PROXY_BRIDGE_INVERSION_BLOCK,MEDIUM_TEMPO | MEDIUM_SHOT_VOLUME | MEDIUM_CORNER_VOLUME | MEDIUM_CARD_RISK | BALANCED_THREAT,none,none,default no bet; bad or incomplete lineups,DATED_INPUT_ONLY; API_COVERAGE_GATE_V2,NONE,NO_OPERATOR_ACTION,NONE,ATTENTION,OFFICIAL_NO_BET,NO_PICK_NO_STAKE,YES,YES,PENDING_NO_BET_AUDIT,PENDING,,PENDING_POSTMATCH,No execution permission.; api_gate=UNKNOWN; coverage_score=; missing=unknown,NO,NO
2026-07-18,2026-07-18T10:09:01+01:00,2026-07-18|1554428|NO_CLEAR_STAT_MARKET,1554428,Malisheva,Vllaznia Shkodër,,,1,NO_BET,NO_BET,BLOCKED,NO_CLEAR_STAT_MARKET,NONE,NO_STAKE,NO,REVIEW_ONLY,L6_REVIEW,LOW,LINEUPS_INACTIVE; LOW_LEAGUE_RELIABILITY; PARTIAL_RECENT_STATS; API_COVERAGE_UNKNOWN,-34,LOW_FORECAST_CONFIDENCE,MEDIUM_TEMPO | MEDIUM_SHOT_VOLUME | MEDIUM_CORNER_VOLUME | MEDIUM_CARD_RISK | BALANCED_THREAT,none,none,default no bet; low forecast confidence; bad or incomplete lineups,DATED_INPUT_ONLY; API_COVERAGE_GATE_V2,NONE,NO_OPERATOR_ACTION,NONE,ATTENTION,OFFICIAL_NO_BET,NO_PICK_NO_STAKE,YES,YES,PENDING_NO_BET_AUDIT,PENDING,,PENDING_POSTMATCH,No execution permission.; api_gate=UNKNOWN; coverage_score=; missing=unknown,NO,NO
2026-07-18,2026-07-18T10:09:01+01:00,2026-07-18|1554375|NO_CLEAR_STAT_MARKET,1554375,Atert Bissen,KI Klaksvik,,,2,NO_BET,NO_BET,BLOCKED,NO_CLEAR_STAT_MARKET,NONE,NO_STAKE,NO,REVIEW_ONLY,L6_REVIEW,LOW,LINEUPS_INACTIVE; LOW_LEAGUE_RELIABILITY; PARTIAL_RECENT_STATS; API_COVERAGE_UNKNOWN,-34,LOW_FORECAST_CONFIDENCE,MEDIUM_TEMPO | MEDIUM_SHOT_VOLUME | MEDIUM_CORNER_VOLUME | MEDIUM_CARD_RISK | BALANCED_THREAT,none,none,default no bet; low forecast confidence; bad or incomplete lineups,DATED_INPUT_ONLY; API_COVERAGE_GATE_V2,NONE,NO_OPERATOR_ACTION,NONE,ATTENTION,OFFICIAL_NO_BET,NO_PICK_NO_STAKE,YES,YES,PENDING_NO_BET_AUDIT,PENDING,,PENDING_POSTMATCH,No execution permission.; api_gate=UNKNOWN; coverage_score=; missing=unknown,NO,NO
2026-07-18,2026-07-18T10:09:01+01:00,2026-07-18|1554388|NO_CLEAR_STAT_MARKET,1554388,Universitatea Craiova,ML Vitebsk,,,3,NO_BET,NO_BET,BLOCKED,NO_CLEAR_STAT_MARKET,NONE,NO_STAKE,NO,REVIEW_ONLY,L6_REVIEW,LOW,LINEUPS_INACTIVE; LOW_LEAGUE_RELIABILITY; PARTIAL_RECENT_STATS; API_COVERAGE_UNKNOWN,-34,PROXY_BRIDGE_INVERSION_BLOCK,MEDIUM_TEMPO | MEDIUM_SHOT_VOLUME | MEDIUM_CORNER_VOLUME | MEDIUM_CARD_RISK | BALANCED_THREAT,none,none,default no bet; bad or incomplete lineups,DATED_INPUT_ONLY; API_COVERAGE_GATE_V2,NONE,NO_OPERATOR_ACTION,NONE,ATTENTION,OFFICIAL_NO_BET,NO_PICK_NO_STAKE,YES,YES,PENDING_NO_BET_AUDIT,PENDING,,PENDING_POSTMATCH,No execution permission.; api_gate=UNKNOWN; coverage_score=; missing=unknown,NO,NO
2026-07-19,2026-07-19T10:27:42+01:00,2026-07-19|1554428|NO_CLEAR_STAT_MARKET,1554428,Malisheva,Vllaznia Shkodër,,,1,NO_BET,NO_BET,BLOCKED,NO_CLEAR_STAT_MARKET,NONE,NO_STAKE,NO,REVIEW_ONLY,L6_REVIEW,LOW,LINEUPS_INACTIVE; LOW_LEAGUE_RELIABILITY; PARTIAL_RECENT_STATS; API_COVERAGE_UNKNOWN,-34,LOW_FORECAST_CONFIDENCE,MEDIUM_TEMPO | MEDIUM_SHOT_VOLUME | MEDIUM_CORNER_VOLUME | MEDIUM_CARD_RISK | BALANCED_THREAT,none,none,default no bet; low forecast confidence; bad or incomplete lineups,DATED_INPUT_ONLY; API_COVERAGE_GATE_V2,NONE,NO_OPERATOR_ACTION,NONE,ATTENTION,OFFICIAL_NO_BET,NO_PICK_NO_STAKE,YES,YES,PENDING_NO_BET_AUDIT,PENDING,,PENDING_POSTMATCH,No execution permission.; api_gate=UNKNOWN; coverage_score=; missing=unknown,NO,NO
2026-07-19,2026-07-19T10:27:42+01:00,2026-07-19|1554375|NO_CLEAR_STAT_MARKET,1554375,Atert Bissen,KI Klaksvik,,,2,NO_BET,NO_BET,BLOCKED,NO_CLEAR_STAT_MARKET,NONE,NO_STAKE,NO,REVIEW_ONLY,L6_REVIEW,LOW,LINEUPS_INACTIVE; LOW_LEAGUE_RELIABILITY; PARTIAL_RECENT_STATS; API_COVERAGE_UNKNOWN,-34,LOW_FORECAST_CONFIDENCE,MEDIUM_TEMPO | MEDIUM_SHOT_VOLUME | MEDIUM_CORNER_VOLUME | MEDIUM_CARD_RISK | BALANCED_THREAT,none,none,default no bet; low forecast confidence; bad or incomplete lineups,DATED_INPUT_ONLY; API_COVERAGE_GATE_V2,NONE,NO_OPERATOR_ACTION,NONE,ATTENTION,OFFICIAL_NO_BET,NO_PICK_NO_STAKE,YES,YES,PENDING_NO_BET_AUDIT,PENDING,,PENDING_POSTMATCH,No execution permission.; api_gate=UNKNOWN; coverage_score=; missing=unknown,NO,NO
2026-07-19,2026-07-19T10:27:42+01:00,2026-07-19|1554388|NO_CLEAR_STAT_MARKET,1554388,Universitatea Craiova,ML Vitebsk,,,3,NO_BET,NO_BET,BLOCKED,NO_CLEAR_STAT_MARKET,NONE,NO_STAKE,NO,REVIEW_ONLY,L6_REVIEW,LOW,LINEUPS_INACTIVE; LOW_LEAGUE_RELIABILITY; PARTIAL_RECENT_STATS; API_COVERAGE_UNKNOWN,-34,PROXY_BRIDGE_INVERSION_BLOCK,MEDIUM_TEMPO | MEDIUM_SHOT_VOLUME | MEDIUM_CORNER_VOLUME | MEDIUM_CARD_RISK | BALANCED_THREAT,none,none,default no bet; bad or incomplete lineups,DATED_INPUT_ONLY; API_COVERAGE_GATE_V2,NONE,NO_OPERATOR_ACTION,NONE,ATTENTION,OFFICIAL_NO_BET,NO_PICK_NO_STAKE,YES,YES,PENDING_NO_BET_AUDIT,PENDING,,PENDING_POSTMATCH,No execution permission.; api_gate=UNKNOWN; coverage_score=; missing=unknown,NO,NO
2026-07-20,2026-07-20T11:25:46+01:00,2026-07-20|1494212|NO_CLEAR_STAT_MARKET,1494212,Halmstad,BK Hacken,,,1,NO_BET,NO_BET,BLOCKED,NO_CLEAR_STAT_MARKET,NONE,NO_STAKE,NO,REVIEW_ONLY,L6_REVIEW,LOW,LINEUPS_INACTIVE; LOW_LEAGUE_RELIABILITY; PARTIAL_RECENT_STATS; API_COVERAGE_UNKNOWN,-34,CANDIDATE_PROVENANCE_CEILING,MEDIUM_TEMPO | MEDIUM_SHOT_VOLUME | MEDIUM_CORNER_VOLUME | MEDIUM_CARD_RISK | BALANCED_THREAT,none,none,default no bet; bad or incomplete lineups,DATED_INPUT_ONLY; API_COVERAGE_GATE_V2,NONE,NO_OPERATOR_ACTION,NONE,ATTENTION,OFFICIAL_NO_BET,NO_PICK_NO_STAKE,YES,YES,PENDING_NO_BET_AUDIT,PENDING,,PENDING_POSTMATCH,No execution permission.; api_gate=UNKNOWN; coverage_score=; missing=unknown,NO,NO
2026-07-20,2026-07-20T11:25:46+01:00,2026-07-20|1507002|NO_CLEAR_STAT_MARKET,1507002,FC Anyang,Gwangju FC,,,2,NO_BET,NO_BET,BLOCKED,NO_CLEAR_STAT_MARKET,NONE,NO_STAKE,NO,REVIEW_ONLY,L6_REVIEW,LOW,LINEUPS_INACTIVE; LOW_LEAGUE_RELIABILITY; PARTIAL_RECENT_STATS; API_COVERAGE_UNKNOWN,-34,CANDIDATE_PROVENANCE_CEILING,MEDIUM_TEMPO | MEDIUM_SHOT_VOLUME | MEDIUM_CORNER_VOLUME | MEDIUM_CARD_RISK | BALANCED_THREAT,none,none,default no bet; bad or incomplete lineups,DATED_INPUT_ONLY; API_COVERAGE_GATE_V2,NONE,NO_OPERATOR_ACTION,NONE,ATTENTION,OFFICIAL_NO_BET,NO_PICK_NO_STAKE,YES,YES,PENDING_NO_BET_AUDIT,PENDING,,PENDING_POSTMATCH,No execution permission.; api_gate=UNKNOWN; coverage_score=; missing=unknown,NO,NO
2026-07-20,2026-07-20T11:25:46+01:00,2026-07-20|1494213|NO_CLEAR_STAT_MARKET,1494213,Hammarby FF,Degerfors IF,,,3,NO_BET,NO_BET,BLOCKED,NO_CLEAR_STAT_MARKET,NONE,NO_STAKE,NO,REVIEW_ONLY,L6_REVIEW,LOW,LINEUPS_INACTIVE; LOW_LEAGUE_RELIABILITY; PARTIAL_RECENT_STATS; API_COVERAGE_UNKNOWN,-34,PROXY_BRIDGE_INVERSION_BLOCK,MEDIUM_TEMPO | MEDIUM_SHOT_VOLUME | MEDIUM_CORNER_VOLUME | MEDIUM_CARD_RISK | BALANCED_THREAT,none,none,default no bet; bad or incomplete lineups,DATED_INPUT_ONLY; API_COVERAGE_GATE_V2,NONE,NO_OPERATOR_ACTION,NONE,ATTENTION,OFFICIAL_NO_BET,NO_PICK_NO_STAKE,YES,YES,PENDING_NO_BET_AUDIT,PENDING,,PENDING_POSTMATCH,No execution permission.; api_gate=UNKNOWN; coverage_score=; missing=unknown,NO,NO
2026-07-21,2026-07-21T11:02:11+01:00,2026-07-21|DIAGNOSTIC_EMPTY_BY_PROMOTION_GATE|NO_MARKET,DIAGNOSTIC_EMPTY_BY_PROMOTION_GATE,NO_PROMOTED_RAW_CANDIDATES,NO_SCORING_SAFE_ROWS,,,0,NO_BET,DIAGNOSTIC_ONLY,EMPTY_BY_PROMOTION_GATE,NO_MARKET,NONE,NO_STAKE,NO_BET,PROMOTION_GATE_BLOCK,NO_PROMOTED_ROWS,NONE,no promoted raw candidates,0,EMPTY_BY_PROMOTION_GATE,none,none,none,default no bet; no promoted raw candidates,PROMOTION_GATE_DIAGNOSTIC_ONLY,NONE,NO_OPERATOR_ACTION,NONE,ATTENTION,DIAGNOSTIC_NO_PICK,NO_PICK_NO_STAKE,NO,NO,DIAGNOSTIC_NO_FIXTURE,PENDING,,DIAGNOSTIC_ONLY_NO_LEARNING,0 promoted raw candidates; no scoring-safe rows available,NO,NO
2026-07-22,2026-07-22T10:59:39+01:00,2026-07-22|DIAGNOSTIC_EMPTY_BY_PROMOTION_GATE|NO_MARKET,DIAGNOSTIC_EMPTY_BY_PROMOTION_GATE,NO_PROMOTED_RAW_CANDIDATES,NO_SCORING_SAFE_ROWS,,,0,NO_BET,DIAGNOSTIC_ONLY,EMPTY_BY_PROMOTION_GATE,NO_MARKET,NONE,NO_STAKE,NO_BET,PROMOTION_GATE_BLOCK,NO_PROMOTED_ROWS,NONE,no promoted raw candidates,0,EMPTY_BY_PROMOTION_GATE,none,none,none,default no bet; no promoted raw candidates,PROMOTION_GATE_DIAGNOSTIC_ONLY,NONE,NO_OPERATOR_ACTION,NONE,ATTENTION,DIAGNOSTIC_NO_PICK,NO_PICK_NO_STAKE,NO,NO,DIAGNOSTIC_NO_FIXTURE,PENDING,,DIAGNOSTIC_ONLY_NO_LEARNING,0 promoted raw candidates; no scoring-safe rows available,NO,NO
2026-07-23,2026-07-23T10:58:28+01:00,2026-07-23|DIAGNOSTIC_EMPTY_BY_PROMOTION_GATE|NO_MARKET,DIAGNOSTIC_EMPTY_BY_PROMOTION_GATE,NO_PROMOTED_RAW_CANDIDATES,NO_SCORING_SAFE_ROWS,,,0,NO_BET,DIAGNOSTIC_ONLY,EMPTY_BY_PROMOTION_GATE,NO_MARKET,NONE,NO_STAKE,NO_BET,PROMOTION_GATE_BLOCK,NO_PROMOTED_ROWS,NONE,no promoted raw candidates,0,EMPTY_BY_PROMOTION_GATE,none,none,none,default no bet; no promoted raw candidates,PROMOTION_GATE_DIAGNOSTIC_ONLY,NONE,NO_OPERATOR_ACTION,NONE,ATTENTION,DIAGNOSTIC_NO_PICK,NO_PICK_NO_STAKE,NO,NO,DIAGNOSTIC_NO_FIXTURE,PENDING,,DIAGNOSTIC_ONLY_NO_LEARNING,0 promoted raw candidates; no scoring-safe rows available,NO,NO
2026-07-24,2026-07-24T10:55:34+01:00,2026-07-24|DIAGNOSTIC_EMPTY_BY_PROMOTION_GATE|NO_MARKET,DIAGNOSTIC_EMPTY_BY_PROMOTION_GATE,NO_PROMOTED_RAW_CANDIDATES,NO_SCORING_SAFE_ROWS,,,0,NO_BET,DIAGNOSTIC_ONLY,EMPTY_BY_PROMOTION_GATE,NO_MARKET,NONE,NO_STAKE,NO_BET,PROMOTION_GATE_BLOCK,NO_PROMOTED_ROWS,NONE,no promoted raw candidates,0,EMPTY_BY_PROMOTION_GATE,none,none,none,default no bet; no promoted raw candidates,PROMOTION_GATE_DIAGNOSTIC_ONLY,NONE,NO_OPERATOR_ACTION,NONE,ATTENTION,DIAGNOSTIC_NO_PICK,NO_PICK_NO_STAKE,NO,NO,DIAGNOSTIC_NO_FIXTURE,PENDING,,DIAGNOSTIC_ONLY_NO_LEARNING,0 promoted raw candidates; no scoring-safe rows available,NO,NO
2026-07-25,2026-07-25T10:17:53+01:00,2026-07-25|DIAGNOSTIC_EMPTY_BY_PROMOTION_GATE|NO_MARKET,DIAGNOSTIC_EMPTY_BY_PROMOTION_GATE,NO_PROMOTED_RAW_CANDIDATES,NO_SCORING_SAFE_ROWS,,,0,NO_BET,DIAGNOSTIC_ONLY,EMPTY_BY_PROMOTION_GATE,NO_MARKET,NONE,NO_STAKE,NO_BET,PROMOTION_GATE_BLOCK,NO_PROMOTED_ROWS,NONE,no promoted raw candidates,0,EMPTY_BY_PROMOTION_GATE,none,none,none,default no bet; no promoted raw candidates,PROMOTION_GATE_DIAGNOSTIC_ONLY,NONE,NO_OPERATOR_ACTION,NONE,ATTENTION,DIAGNOSTIC_NO_PICK,NO_PICK_NO_STAKE,NO,NO,DIAGNOSTIC_NO_FIXTURE,PENDING,,DIAGNOSTIC_ONLY_NO_LEARNING,0 promoted raw candidates; no scoring-safe rows available,NO,NO
2026-07-26,2026-07-26T10:33:16+01:00,2026-07-26|DIAGNOSTIC_EMPTY_BY_PROMOTION_GATE|NO_MARKET,DIAGNOSTIC_EMPTY_BY_PROMOTION_GATE,NO_PROMOTED_RAW_CANDIDATES,NO_SCORING_SAFE_ROWS,,,0,NO_BET,DIAGNOSTIC_ONLY,EMPTY_BY_PROMOTION_GATE,NO_MARKET,NONE,NO_STAKE,NO_BET,PROMOTION_GATE_BLOCK,NO_PROMOTED_ROWS,NONE,no promoted raw candidates,0,EMPTY_BY_PROMOTION_GATE,none,none,none,default no bet; no promoted raw candidates,PROMOTION_GATE_DIAGNOSTIC_ONLY,NONE,NO_OPERATOR_ACTION,NONE,ATTENTION,DIAGNOSTIC_NO_PICK,NO_PICK_NO_STAKE,NO,NO,DIAGNOSTIC_NO_FIXTURE,PENDING,,DIAGNOSTIC_ONLY_NO_LEARNING,0 promoted raw candidates; no scoring-safe rows available,NO,NO
2026-07-27,2026-07-27T11:54:25+01:00,2026-07-27|1494217|NO_CLEAR_STAT_MARKET,1494217,IF Brommapojkarna,Hammarby FF,,,1,NO_BET,NO_BET,BLOCKED,NO_CLEAR_STAT_MARKET,NONE,NO_STAKE,NO,REVIEW_ONLY,L6_REVIEW,LOW,LINEUPS_INACTIVE; LOW_LEAGUE_RELIABILITY; PARTIAL_RECENT_STATS; API_COVERAGE_UNKNOWN,-34,LOW_FORECAST_CONFIDENCE,MEDIUM_TEMPO | MEDIUM_SHOT_VOLUME | MEDIUM_CORNER_VOLUME | MEDIUM_CARD_RISK | BALANCED_THREAT,none,none,default no bet; low forecast confidence; bad or incomplete lineups,DATED_INPUT_ONLY; API_COVERAGE_GATE_V2,NONE,NO_OPERATOR_ACTION,NONE,ATTENTION,OFFICIAL_NO_BET,NO_PICK_NO_STAKE,YES,YES,PENDING_NO_BET_AUDIT,PENDING,,PENDING_POSTMATCH,No execution permission.; api_gate=UNKNOWN; coverage_score=; missing=unknown,NO,NO
2026-07-27,2026-07-27T11:54:25+01:00,2026-07-27|1494711|NO_CLEAR_STAT_MARKET,1494711,KFUM Oslo,Molde,,,2,NO_BET,NO_BET,BLOCKED,NO_CLEAR_STAT_MARKET,NONE,NO_STAKE,NO,REVIEW_ONLY,L6_REVIEW,LOW,LINEUPS_INACTIVE; LOW_LEAGUE_RELIABILITY; PARTIAL_RECENT_STATS; API_COVERAGE_UNKNOWN,-34,LOW_FORECAST_CONFIDENCE,MEDIUM_TEMPO | MEDIUM_SHOT_VOLUME | MEDIUM_CORNER_VOLUME | MEDIUM_CARD_RISK | BALANCED_THREAT,none,none,default no bet; low forecast confidence; bad or incomplete lineups,DATED_INPUT_ONLY; API_COVERAGE_GATE_V2,NONE,NO_OPERATOR_ACTION,NONE,ATTENTION,OFFICIAL_NO_BET,NO_PICK_NO_STAKE,YES,YES,PENDING_NO_BET_AUDIT,PENDING,,PENDING_POSTMATCH,No execution permission.; api_gate=UNKNOWN; coverage_score=; missing=unknown,NO,NO
2026-07-27,2026-07-27T11:54:25+01:00,2026-07-27|1492307|NO_CLEAR_STAT_MARKET,1492307,Remo,Vitoria,,,3,NO_BET,NO_BET,BLOCKED,NO_CLEAR_STAT_MARKET,NONE,NO_STAKE,NO,REVIEW_ONLY,L6_REVIEW,LOW,LINEUPS_INACTIVE; LOW_LEAGUE_RELIABILITY; PARTIAL_RECENT_STATS; API_COVERAGE_UNKNOWN,-34,PROXY_BRIDGE_INVERSION_BLOCK,MEDIUM_TEMPO | MEDIUM_SHOT_VOLUME | MEDIUM_CORNER_VOLUME | MEDIUM_CARD_RISK | BALANCED_THREAT,none,none,default no bet; bad or incomplete lineups,DATED_INPUT_ONLY; API_COVERAGE_GATE_V2,NONE,NO_OPERATOR_ACTION,NONE,ATTENTION,OFFICIAL_NO_BET,NO_PICK_NO_STAKE,YES,YES,PENDING_NO_BET_AUDIT,PENDING,,PENDING_POSTMATCH,No execution permission.; api_gate=UNKNOWN; coverage_score=; missing=unknown,NO,NO
2026-07-27,2026-07-27T11:54:25+01:00,2026-07-27|1494709|NO_CLEAR_STAT_MARKET,1494709,Aalesund,Viking,,,4,NO_BET,NO_BET,BLOCKED,NO_CLEAR_STAT_MARKET,NONE,NO_STAKE,NO,LIVE_ONLY_OR_SYMBOLIC,L7_SOFT_DOWN,LOW,LINEUPS_INACTIVE; LOW_LEAGUE_RELIABILITY; PARTIAL_RECENT_STATS; API_COVERAGE_UNKNOWN,-34,CANDIDATE_PROVENANCE_CEILING,MEDIUM_TEMPO | MEDIUM_SHOT_VOLUME | MEDIUM_CORNER_VOLUME | MEDIUM_CARD_RISK | BALANCED_THREAT,none,none,default no bet; bad or incomplete lineups,DATED_INPUT_ONLY; API_COVERAGE_GATE_V2,NONE,NO_OPERATOR_ACTION,NONE,ATTENTION,OFFICIAL_NO_BET,NO_PICK_NO_STAKE,YES,YES,PENDING_NO_BET_AUDIT,PENDING,,PENDING_POSTMATCH,No execution permission.; api_gate=UNKNOWN; coverage_score=; missing=unknown,NO,NO
2026-07-28,2026-07-28T11:07:06+01:00,2026-07-28|1494217|NO_CLEAR_STAT_MARKET,1494217,IF Brommapojkarna,Hammarby FF,,,1,NO_BET,NO_BET,BLOCKED,NO_CLEAR_STAT_MARKET,NONE,NO_STAKE,NO,REVIEW_ONLY,L6_REVIEW,LOW,LINEUPS_INACTIVE; LOW_LEAGUE_RELIABILITY; PARTIAL_RECENT_STATS; API_COVERAGE_UNKNOWN,-34,LOW_FORECAST_CONFIDENCE,MEDIUM_TEMPO | MEDIUM_SHOT_VOLUME | MEDIUM_CORNER_VOLUME | MEDIUM_CARD_RISK | BALANCED_THREAT,none,none,default no bet; low forecast confidence; bad or incomplete lineups,DATED_INPUT_ONLY; API_COVERAGE_GATE_V2,NONE,NO_OPERATOR_ACTION,NONE,ATTENTION,OFFICIAL_NO_BET,NO_PICK_NO_STAKE,YES,YES,PENDING_NO_BET_AUDIT,PENDING,,PENDING_POSTMATCH,No execution permission.; api_gate=UNKNOWN; coverage_score=; missing=unknown,NO,NO
2026-07-28,2026-07-28T11:07:06+01:00,2026-07-28|1494711|NO_CLEAR_STAT_MARKET,1494711,KFUM Oslo,Molde,,,2,NO_BET,NO_BET,BLOCKED,NO_CLEAR_STAT_MARKET,NONE,NO_STAKE,NO,REVIEW_ONLY,L6_REVIEW,LOW,LINEUPS_INACTIVE; LOW_LEAGUE_RELIABILITY; PARTIAL_RECENT_STATS; API_COVERAGE_UNKNOWN,-34,LOW_FORECAST_CONFIDENCE,MEDIUM_TEMPO | MEDIUM_SHOT_VOLUME | MEDIUM_CORNER_VOLUME | MEDIUM_CARD_RISK | BALANCED_THREAT,none,none,default no bet; low forecast confidence; bad or incomplete lineups,DATED_INPUT_ONLY; API_COVERAGE_GATE_V2,NONE,NO_OPERATOR_ACTION,NONE,ATTENTION,OFFICIAL_NO_BET,NO_PICK_NO_STAKE,YES,YES,PENDING_NO_BET_AUDIT,PENDING,,PENDING_POSTMATCH,No execution permission.; api_gate=UNKNOWN; coverage_score=; missing=unknown,NO,NO
2026-07-28,2026-07-28T11:07:06+01:00,2026-07-28|1492307|NO_CLEAR_STAT_MARKET,1492307,Remo,Vitoria,,,3,NO_BET,NO_BET,BLOCKED,NO_CLEAR_STAT_MARKET,NONE,NO_STAKE,NO,REVIEW_ONLY,L6_REVIEW,LOW,LINEUPS_INACTIVE; LOW_LEAGUE_RELIABILITY; PARTIAL_RECENT_STATS; API_COVERAGE_UNKNOWN,-34,PROXY_BRIDGE_INVERSION_BLOCK,MEDIUM_TEMPO | MEDIUM_SHOT_VOLUME | MEDIUM_CORNER_VOLUME | MEDIUM_CARD_RISK | BALANCED_THREAT,none,none,default no bet; bad or incomplete lineups,DATED_INPUT_ONLY; API_COVERAGE_GATE_V2,NONE,NO_OPERATOR_ACTION,NONE,ATTENTION,OFFICIAL_NO_BET,NO_PICK_NO_STAKE,YES,YES,PENDING_NO_BET_AUDIT,PENDING,,PENDING_POSTMATCH,No execution permission.; api_gate=UNKNOWN; coverage_score=; missing=unknown,NO,NO
2026-07-28,2026-07-28T11:07:06+01:00,2026-07-28|1494709|NO_CLEAR_STAT_MARKET,1494709,Aalesund,Viking,,,4,NO_BET,NO_BET,BLOCKED,NO_CLEAR_STAT_MARKET,NONE,NO_STAKE,NO,LIVE_ONLY_OR_SYMBOLIC,L7_SOFT_DOWN,LOW,LINEUPS_INACTIVE; LOW_LEAGUE_RELIABILITY; PARTIAL_RECENT_STATS; API_COVERAGE_UNKNOWN,-34,CANDIDATE_PROVENANCE_CEILING,MEDIUM_TEMPO | MEDIUM_SHOT_VOLUME | MEDIUM_CORNER_VOLUME | MEDIUM_CARD_RISK | BALANCED_THREAT,none,none,default no bet; bad or incomplete lineups,DATED_INPUT_ONLY; API_COVERAGE_GATE_V2,NONE,NO_OPERATOR_ACTION,NONE,ATTENTION,OFFICIAL_NO_BET,NO_PICK_NO_STAKE,YES,YES,PENDING_NO_BET_AUDIT,PENDING,,PENDING_POSTMATCH,No execution permission.; api_gate=UNKNOWN; coverage_score=; missing=unknown,NO,NO
2026-07-29,2026-07-29T11:11:02+01:00,2026-07-29|1494217|NO_CLEAR_STAT_MARKET,1494217,IF Brommapojkarna,Hammarby FF,,,1,NO_BET,NO_BET,BLOCKED,NO_CLEAR_STAT_MARKET,NONE,NO_STAKE,NO,REVIEW_ONLY,L6_REVIEW,LOW,LINEUPS_INACTIVE; LOW_LEAGUE_RELIABILITY; PARTIAL_RECENT_STATS; API_COVERAGE_UNKNOWN,-34,LOW_FORECAST_CONFIDENCE,MEDIUM_TEMPO | MEDIUM_SHOT_VOLUME | MEDIUM_CORNER_VOLUME | MEDIUM_CARD_RISK | BALANCED_THREAT,none,none,default no bet; low forecast confidence; bad or incomplete lineups,DATED_INPUT_ONLY; API_COVERAGE_GATE_V2,NONE,NO_OPERATOR_ACTION,NONE,ATTENTION,OFFICIAL_NO_BET,NO_PICK_NO_STAKE,YES,YES,PENDING_NO_BET_AUDIT,PENDING,,PENDING_POSTMATCH,No execution permission.; api_gate=UNKNOWN; coverage_score=; missing=unknown,NO,NO
2026-07-29,2026-07-29T11:11:02+01:00,2026-07-29|1494711|NO_CLEAR_STAT_MARKET,1494711,KFUM Oslo,Molde,,,2,NO_BET,NO_BET,BLOCKED,NO_CLEAR_STAT_MARKET,NONE,NO_STAKE,NO,REVIEW_ONLY,L6_REVIEW,LOW,LINEUPS_INACTIVE; LOW_LEAGUE_RELIABILITY; PARTIAL_RECENT_STATS; API_COVERAGE_UNKNOWN,-34,LOW_FORECAST_CONFIDENCE,MEDIUM_TEMPO | MEDIUM_SHOT_VOLUME | MEDIUM_CORNER_VOLUME | MEDIUM_CARD_RISK | BALANCED_THREAT,none,none,default no bet; low forecast confidence; bad or incomplete lineups,DATED_INPUT_ONLY; API_COVERAGE_GATE_V2,NONE,NO_OPERATOR_ACTION,NONE,ATTENTION,OFFICIAL_NO_BET,NO_PICK_NO_STAKE,YES,YES,PENDING_NO_BET_AUDIT,PENDING,,PENDING_POSTMATCH,No execution permission.; api_gate=UNKNOWN; coverage_score=; missing=unknown,NO,NO
2026-07-29,2026-07-29T11:11:02+01:00,2026-07-29|1492307|NO_CLEAR_STAT_MARKET,1492307,Remo,Vitoria,,,3,NO_BET,NO_BET,BLOCKED,NO_CLEAR_STAT_MARKET,NONE,NO_STAKE,NO,REVIEW_ONLY,L6_REVIEW,LOW,LINEUPS_INACTIVE; LOW_LEAGUE_RELIABILITY; PARTIAL_RECENT_STATS; API_COVERAGE_UNKNOWN,-34,PROXY_BRIDGE_INVERSION_BLOCK,MEDIUM_TEMPO | MEDIUM_SHOT_VOLUME | MEDIUM_CORNER_VOLUME | MEDIUM_CARD_RISK | BALANCED_THREAT,none,none,default no bet; bad or incomplete lineups,DATED_INPUT_ONLY; API_COVERAGE_GATE_V2,NONE,NO_OPERATOR_ACTION,NONE,ATTENTION,OFFICIAL_NO_BET,NO_PICK_NO_STAKE,YES,YES,PENDING_NO_BET_AUDIT,PENDING,,PENDING_POSTMATCH,No execution permission.; api_gate=UNKNOWN; coverage_score=; missing=unknown,NO,NO
2026-07-29,2026-07-29T11:11:02+01:00,2026-07-29|1494709|NO_CLEAR_STAT_MARKET,1494709,Aalesund,Viking,,,4,NO_BET,NO_BET,BLOCKED,NO_CLEAR_STAT_MARKET,NONE,NO_STAKE,NO,LIVE_ONLY_OR_SYMBOLIC,L7_SOFT_DOWN,LOW,LINEUPS_INACTIVE; LOW_LEAGUE_RELIABILITY; PARTIAL_RECENT_STATS; API_COVERAGE_UNKNOWN,-34,CANDIDATE_PROVENANCE_CEILING,MEDIUM_TEMPO | MEDIUM_SHOT_VOLUME | MEDIUM_CORNER_VOLUME | MEDIUM_CARD_RISK | BALANCED_THREAT,none,none,default no bet; bad or incomplete lineups,DATED_INPUT_ONLY; API_COVERAGE_GATE_V2,NONE,NO_OPERATOR_ACTION,NONE,ATTENTION,OFFICIAL_NO_BET,NO_PICK_NO_STAKE,YES,YES,PENDING_NO_BET_AUDIT,PENDING,,PENDING_POSTMATCH,No execution permission.; api_gate=UNKNOWN; coverage_score=; missing=unknown,NO,NO
2026-07-30,2026-07-30T11:01:17+01:00,2026-07-30|1494217|NO_CLEAR_STAT_MARKET,1494217,IF Brommapojkarna,Hammarby FF,,,1,NO_BET,NO_BET,BLOCKED,NO_CLEAR_STAT_MARKET,NONE,NO_STAKE,NO,REVIEW_ONLY,L6_REVIEW,LOW,LINEUPS_INACTIVE; LOW_LEAGUE_RELIABILITY; PARTIAL_RECENT_STATS; API_COVERAGE_UNKNOWN,-34,LOW_FORECAST_CONFIDENCE,MEDIUM_TEMPO | MEDIUM_SHOT_VOLUME | MEDIUM_CORNER_VOLUME | MEDIUM_CARD_RISK | BALANCED_THREAT,none,none,default no bet; low forecast confidence; bad or incomplete lineups,DATED_INPUT_ONLY; API_COVERAGE_GATE_V2,NONE,NO_OPERATOR_ACTION,NONE,ATTENTION,OFFICIAL_NO_BET,NO_PICK_NO_STAKE,YES,YES,PENDING_NO_BET_AUDIT,PENDING,,PENDING_POSTMATCH,No execution permission.; api_gate=UNKNOWN; coverage_score=; missing=unknown,NO,NO
2026-07-30,2026-07-30T11:01:17+01:00,2026-07-30|1494711|NO_CLEAR_STAT_MARKET,1494711,KFUM Oslo,Molde,,,2,NO_BET,NO_BET,BLOCKED,NO_CLEAR_STAT_MARKET,NONE,NO_STAKE,NO,REVIEW_ONLY,L6_REVIEW,LOW,LINEUPS_INACTIVE; LOW_LEAGUE_RELIABILITY; PARTIAL_RECENT_STATS; API_COVERAGE_UNKNOWN,-34,LOW_FORECAST_CONFIDENCE,MEDIUM_TEMPO | MEDIUM_SHOT_VOLUME | MEDIUM_CORNER_VOLUME | MEDIUM_CARD_RISK | BALANCED_THREAT,none,none,default no bet; low forecast confidence; bad or incomplete lineups,DATED_INPUT_ONLY; API_COVERAGE_GATE_V2,NONE,NO_OPERATOR_ACTION,NONE,ATTENTION,OFFICIAL_NO_BET,NO_PICK_NO_STAKE,YES,YES,PENDING_NO_BET_AUDIT,PENDING,,PENDING_POSTMATCH,No execution permission.; api_gate=UNKNOWN; coverage_score=; missing=unknown,NO,NO
2026-07-30,2026-07-30T11:01:17+01:00,2026-07-30|1492307|NO_CLEAR_STAT_MARKET,1492307,Remo,Vitoria,,,3,NO_BET,NO_BET,BLOCKED,NO_CLEAR_STAT_MARKET,NONE,NO_STAKE,NO,REVIEW_ONLY,L6_REVIEW,LOW,LINEUPS_INACTIVE; LOW_LEAGUE_RELIABILITY; PARTIAL_RECENT_STATS; API_COVERAGE_UNKNOWN,-34,PROXY_BRIDGE_INVERSION_BLOCK,MEDIUM_TEMPO | MEDIUM_SHOT_VOLUME | MEDIUM_CORNER_VOLUME | MEDIUM_CARD_RISK | BALANCED_THREAT,none,none,default no bet; bad or incomplete lineups,DATED_INPUT_ONLY; API_COVERAGE_GATE_V2,NONE,NO_OPERATOR_ACTION,NONE,ATTENTION,OFFICIAL_NO_BET,NO_PICK_NO_STAKE,YES,YES,PENDING_NO_BET_AUDIT,PENDING,,PENDING_POSTMATCH,No execution permission.; api_gate=UNKNOWN; coverage_score=; missing=unknown,NO,NO
2026-07-30,2026-07-30T11:01:17+01:00,2026-07-30|1494709|NO_CLEAR_STAT_MARKET,1494709,Aalesund,Viking,,,4,NO_BET,NO_BET,BLOCKED,NO_CLEAR_STAT_MARKET,NONE,NO_STAKE,NO,LIVE_ONLY_OR_SYMBOLIC,L7_SOFT_DOWN,LOW,LINEUPS_INACTIVE; LOW_LEAGUE_RELIABILITY; PARTIAL_RECENT_STATS; API_COVERAGE_UNKNOWN,-34,CANDIDATE_PROVENANCE_CEILING,MEDIUM_TEMPO | MEDIUM_SHOT_VOLUME | MEDIUM_CORNER_VOLUME | MEDIUM_CARD_RISK | BALANCED_THREAT,none,none,default no bet; bad or incomplete lineups,DATED_INPUT_ONLY; API_COVERAGE_GATE_V2,NONE,NO_OPERATOR_ACTION,NONE,ATTENTION,OFFICIAL_NO_BET,NO_PICK_NO_STAKE,YES,YES,PENDING_NO_BET_AUDIT,PENDING,,PENDING_POSTMATCH,No execution permission.; api_gate=UNKNOWN; coverage_score=; missing=unknown,NO,NO
2026-07-31,2026-07-31T11:05:53+01:00,2026-07-31|1494217|NO_CLEAR_STAT_MARKET,1494217,IF Brommapojkarna,Hammarby FF,,,1,NO_BET,NO_BET,BLOCKED,NO_CLEAR_STAT_MARKET,NONE,NO_STAKE,NO,REVIEW_ONLY,L6_REVIEW,LOW,LINEUPS_INACTIVE; LOW_LEAGUE_RELIABILITY; PARTIAL_RECENT_STATS; API_COVERAGE_UNKNOWN,-34,LOW_FORECAST_CONFIDENCE,MEDIUM_TEMPO | MEDIUM_SHOT_VOLUME | MEDIUM_CORNER_VOLUME | MEDIUM_CARD_RISK | BALANCED_THREAT,none,none,default no bet; low forecast confidence; bad or incomplete lineups,DATED_INPUT_ONLY; API_COVERAGE_GATE_V2,NONE,NO_OPERATOR_ACTION,NONE,ATTENTION,OFFICIAL_NO_BET,NO_PICK_NO_STAKE,YES,YES,PENDING_NO_BET_AUDIT,PENDING,,PENDING_POSTMATCH,No execution permission.; api_gate=UNKNOWN; coverage_score=; missing=unknown,NO,NO
2026-07-31,2026-07-31T11:05:53+01:00,2026-07-31|1494711|NO_CLEAR_STAT_MARKET,1494711,KFUM Oslo,Molde,,,2,NO_BET,NO_BET,BLOCKED,NO_CLEAR_STAT_MARKET,NONE,NO_STAKE,NO,REVIEW_ONLY,L6_REVIEW,LOW,LINEUPS_INACTIVE; LOW_LEAGUE_RELIABILITY; PARTIAL_RECENT_STATS; API_COVERAGE_UNKNOWN,-34,LOW_FORECAST_CONFIDENCE,MEDIUM_TEMPO | MEDIUM_SHOT_VOLUME | MEDIUM_CORNER_VOLUME | MEDIUM_CARD_RISK | BALANCED_THREAT,none,none,default no bet; low forecast confidence; bad or incomplete lineups,DATED_INPUT_ONLY; API_COVERAGE_GATE_V2,NONE,NO_OPERATOR_ACTION,NONE,ATTENTION,OFFICIAL_NO_BET,NO_PICK_NO_STAKE,YES,YES,PENDING_NO_BET_AUDIT,PENDING,,PENDING_POSTMATCH,No execution permission.; api_gate=UNKNOWN; coverage_score=; missing=unknown,NO,NO
2026-07-31,2026-07-31T11:05:53+01:00,2026-07-31|1492307|NO_CLEAR_STAT_MARKET,1492307,Remo,Vitoria,,,3,NO_BET,NO_BET,BLOCKED,NO_CLEAR_STAT_MARKET,NONE,NO_STAKE,NO,REVIEW_ONLY,L6_REVIEW,LOW,LINEUPS_INACTIVE; LOW_LEAGUE_RELIABILITY; PARTIAL_RECENT_STATS; API_COVERAGE_UNKNOWN,-34,PROXY_BRIDGE_INVERSION_BLOCK,MEDIUM_TEMPO | MEDIUM_SHOT_VOLUME | MEDIUM_CORNER_VOLUME | MEDIUM_CARD_RISK | BALANCED_THREAT,none,none,default no bet; bad or incomplete lineups,DATED_INPUT_ONLY; API_COVERAGE_GATE_V2,NONE,NO_OPERATOR_ACTION,NONE,ATTENTION,OFFICIAL_NO_BET,NO_PICK_NO_STAKE,YES,YES,PENDING_NO_BET_AUDIT,PENDING,,PENDING_POSTMATCH,No execution permission.; api_gate=UNKNOWN; coverage_score=; missing=unknown,NO,NO
2026-07-31,2026-07-31T11:05:53+01:00,2026-07-31|1494709|NO_CLEAR_STAT_MARKET,1494709,Aalesund,Viking,,,4,NO_BET,NO_BET,BLOCKED,NO_CLEAR_STAT_MARKET,NONE,NO_STAKE,NO,LIVE_ONLY_OR_SYMBOLIC,L7_SOFT_DOWN,LOW,LINEUPS_INACTIVE; LOW_LEAGUE_RELIABILITY; PARTIAL_RECENT_STATS; API_COVERAGE_UNKNOWN,-34,CANDIDATE_PROVENANCE_CEILING,MEDIUM_TEMPO | MEDIUM_SHOT_VOLUME | MEDIUM_CORNER_VOLUME | MEDIUM_CARD_RISK | BALANCED_THREAT,none,none,default no bet; bad or incomplete lineups,DATED_INPUT_ONLY; API_COVERAGE_GATE_V2,NONE,NO_OPERATOR_ACTION,NONE,ATTENTION,OFFICIAL_NO_BET,NO_PICK_NO_STAKE,YES,YES,PENDING_NO_BET_AUDIT,PENDING,,PENDING_POSTMATCH,No execution permission.; api_gate=UNKNOWN; coverage_score=; missing=unknown,NO,NO
2026-08-01,2026-08-01T10:31:46+01:00,2026-08-01|1556628|NO_CLEAR_STAT_MARKET,1556628,Dundee Utd,Rangers,,,1,NO_BET,NO_BET,BLOCKED,NO_CLEAR_STAT_MARKET,NONE,NO_STAKE,NO,LIVE_ONLY_OR_SYMBOLIC,L7_SOFT_DOWN,LOW,LINEUPS_INACTIVE; LOW_LEAGUE_RELIABILITY; PARTIAL_RECENT_STATS; API_COVERAGE_UNKNOWN,-34,CANDIDATE_PROVENANCE_CEILING,MEDIUM_TEMPO | MEDIUM_SHOT_VOLUME | MEDIUM_CORNER_VOLUME | MEDIUM_CARD_RISK | BALANCED_THREAT,none,none,default no bet; bad or incomplete lineups,DATED_INPUT_ONLY; API_COVERAGE_GATE_V2,NONE,NO_OPERATOR_ACTION,NONE,ATTENTION,OFFICIAL_NO_BET,NO_PICK_NO_STAKE,YES,YES,PENDING_NO_BET_AUDIT,PENDING,,PENDING_POSTMATCH,No execution permission.; api_gate=UNKNOWN; coverage_score=; missing=unknown,NO,NO
2026-08-02,2026-08-02T10:33:27+01:00,2026-08-02|1556628|NO_CLEAR_STAT_MARKET,1556628,Dundee Utd,Rangers,,,1,NO_BET,NO_BET,BLOCKED,NO_CLEAR_STAT_MARKET,NONE,NO_STAKE,NO,LIVE_ONLY_OR_SYMBOLIC,L7_SOFT_DOWN,LOW,LINEUPS_INACTIVE; LOW_LEAGUE_RELIABILITY; PARTIAL_RECENT_STATS; API_COVERAGE_UNKNOWN,-34,CANDIDATE_PROVENANCE_CEILING,MEDIUM_TEMPO | MEDIUM_SHOT_VOLUME | MEDIUM_CORNER_VOLUME | MEDIUM_CARD_RISK | BALANCED_THREAT,none,none,default no bet; bad or incomplete lineups,DATED_INPUT_ONLY; API_COVERAGE_GATE_V2,NONE,NO_OPERATOR_ACTION,NONE,ATTENTION,OFFICIAL_NO_BET,NO_PICK_NO_STAKE,YES,YES,PENDING_NO_BET_AUDIT,PENDING,,PENDING_POSTMATCH,No execution permission.; api_gate=UNKNOWN; coverage_score=; missing=unknown,NO,NO
2026-08-03,2026-08-03T11:54:56+01:00,2026-08-03|1556628|NO_CLEAR_STAT_MARKET,1556628,Dundee Utd,Rangers,,,1,NO_BET,NO_BET,BLOCKED,NO_CLEAR_STAT_MARKET,NONE,NO_STAKE,NO,LIVE_ONLY_OR_SYMBOLIC,L7_SOFT_DOWN,LOW,LINEUPS_INACTIVE; LOW_LEAGUE_RELIABILITY; PARTIAL_RECENT_STATS; API_COVERAGE_UNKNOWN,-34,CANDIDATE_PROVENANCE_CEILING,MEDIUM_TEMPO | MEDIUM_SHOT_VOLUME | MEDIUM_CORNER_VOLUME | MEDIUM_CARD_RISK | BALANCED_THREAT,none,none,default no bet; bad or incomplete lineups,DATED_INPUT_ONLY; API_COVERAGE_GATE_V2,NONE,NO_OPERATOR_ACTION,NONE,ATTENTION,OFFICIAL_NO_BET,NO_PICK_NO_STAKE,YES,YES,PENDING_NO_BET_AUDIT,PENDING,,PENDING_POSTMATCH,No execution permission.; api_gate=UNKNOWN; coverage_score=; missing=unknown,NO,NO
2026-08-04,2026-08-04T11:10:48+01:00,2026-08-04|1556628|NO_CLEAR_STAT_MARKET,1556628,Dundee Utd,Rangers,,,1,NO_BET,NO_BET,BLOCKED,NO_CLEAR_STAT_MARKET,NONE,NO_STAKE,NO,LIVE_ONLY_OR_SYMBOLIC,L7_SOFT_DOWN,LOW,LINEUPS_INACTIVE; LOW_LEAGUE_RELIABILITY; PARTIAL_RECENT_STATS; API_COVERAGE_UNKNOWN,-34,CANDIDATE_PROVENANCE_CEILING,MEDIUM_TEMPO | MEDIUM_SHOT_VOLUME | MEDIUM_CORNER_VOLUME | MEDIUM_CARD_RISK | BALANCED_THREAT,none,none,default no bet; bad or incomplete lineups,DATED_INPUT_ONLY; API_COVERAGE_GATE_V2,NONE,NO_OPERATOR_ACTION,NONE,ATTENTION,OFFICIAL_NO_BET,NO_PICK_NO_STAKE,YES,YES,PENDING_NO_BET_AUDIT,PENDING,,PENDING_POSTMATCH,No execution permission.; api_gate=UNKNOWN; coverage_score=; missing=unknown,NO,NO
2026-08-05,2026-08-05T11:07:50+01:00,2026-08-05|1556628|NO_CLEAR_STAT_MARKET,1556628,Dundee Utd,Rangers,,,1,NO_BET,NO_BET,BLOCKED,NO_CLEAR_STAT_MARKET,NONE,NO_STAKE,NO,LIVE_ONLY_OR_SYMBOLIC,L7_SOFT_DOWN,LOW,LINEUPS_INACTIVE; LOW_LEAGUE_RELIABILITY; PARTIAL_RECENT_STATS; API_COVERAGE_UNKNOWN,-34,CANDIDATE_PROVENANCE_CEILING,MEDIUM_TEMPO | MEDIUM_SHOT_VOLUME | MEDIUM_CORNER_VOLUME | MEDIUM_CARD_RISK | BALANCED_THREAT,none,none,default no bet; bad or incomplete lineups,DATED_INPUT_ONLY; API_COVERAGE_GATE_V2,NONE,NO_OPERATOR_ACTION,NONE,ATTENTION,OFFICIAL_NO_BET,NO_PICK_NO_STAKE,YES,YES,PENDING_NO_BET_AUDIT,PENDING,,PENDING_POSTMATCH,No execution permission.; api_gate=UNKNOWN; coverage_score=; missing=unknown,NO,NO
2026-08-06,2026-08-06T11:09:04+01:00,2026-08-06|1556628|NO_CLEAR_STAT_MARKET,1556628,Dundee Utd,Rangers,,,1,NO_BET,NO_BET,BLOCKED,NO_CLEAR_STAT_MARKET,NONE,NO_STAKE,NO,LIVE_ONLY_OR_SYMBOLIC,L7_SOFT_DOWN,LOW,LINEUPS_INACTIVE; LOW_LEAGUE_RELIABILITY; PARTIAL_RECENT_STATS; API_COVERAGE_UNKNOWN,-34,CANDIDATE_PROVENANCE_CEILING,MEDIUM_TEMPO | MEDIUM_SHOT_VOLUME | MEDIUM_CORNER_VOLUME | MEDIUM_CARD_RISK | BALANCED_THREAT,none,none,default no bet; bad or incomplete lineups,DATED_INPUT_ONLY; API_COVERAGE_GATE_V2,NONE,NO_OPERATOR_ACTION,NONE,ATTENTION,OFFICIAL_NO_BET,NO_PICK_NO_STAKE,YES,YES,PENDING_NO_BET_AUDIT,PENDING,,PENDING_POSTMATCH,No execution permission.; api_gate=UNKNOWN; coverage_score=; missing=unknown,NO,NO
2026-08-07,2026-08-07T09:34:48+01:00,2026-08-07|1556628|NO_CLEAR_STAT_MARKET,1556628,Dundee Utd,Rangers,,,1,NO_BET,NO_BET,BLOCKED,NO_CLEAR_STAT_MARKET,NONE,NO_STAKE,NO,LIVE_ONLY_OR_SYMBOLIC,L7_SOFT_DOWN,LOW,LINEUPS_INACTIVE; LOW_LEAGUE_RELIABILITY; PARTIAL_RECENT_STATS; API_COVERAGE_UNKNOWN,-34,CANDIDATE_PROVENANCE_CEILING,MEDIUM_TEMPO | MEDIUM_SHOT_VOLUME | MEDIUM_CORNER_VOLUME | MEDIUM_CARD_RISK | BALANCED_THREAT,none,none,default no bet; bad or incomplete lineups,DATED_INPUT_ONLY; API_COVERAGE_GATE_V2,NONE,NO_OPERATOR_ACTION,NONE,ATTENTION,OFFICIAL_NO_BET,NO_PICK_NO_STAKE,YES,YES,PENDING_NO_BET_AUDIT,PENDING,,PENDING_POSTMATCH,No execution permission.; api_gate=UNKNOWN; coverage_score=; missing=unknown,NO,NO
2026-08-08,2026-08-08T09:06:32+01:00,2026-08-08|1556628|NO_CLEAR_STAT_MARKET,1556628,Dundee Utd,Rangers,,,1,NO_BET,NO_BET,BLOCKED,NO_CLEAR_STAT_MARKET,NONE,NO_STAKE,NO,LIVE_ONLY_OR_SYMBOLIC,L7_SOFT_DOWN,LOW,LINEUPS_INACTIVE; LOW_LEAGUE_RELIABILITY; PARTIAL_RECENT_STATS; API_COVERAGE_UNKNOWN,-34,CANDIDATE_PROVENANCE_CEILING,MEDIUM_TEMPO | MEDIUM_SHOT_VOLUME | MEDIUM_CORNER_VOLUME | MEDIUM_CARD_RISK | BALANCED_THREAT,none,none,default no bet; bad or incomplete lineups,DATED_INPUT_ONLY; API_COVERAGE_GATE_V2,NONE,NO_OPERATOR_ACTION,NONE,ATTENTION,OFFICIAL_NO_BET,NO_PICK_NO_STAKE,YES,YES,PENDING_NO_BET_AUDIT,PENDING,,PENDING_POSTMATCH,No execution permission.; api_gate=UNKNOWN; coverage_score=; missing=unknown,NO,NO
2026-08-09,2026-08-09T09:08:26+01:00,2026-08-09|1556628|NO_CLEAR_STAT_MARKET,1556628,Dundee Utd,Rangers,,,1,NO_BET,NO_BET,BLOCKED,NO_CLEAR_STAT_MARKET,NONE,NO_STAKE,NO,LIVE_ONLY_OR_SYMBOLIC,L7_SOFT_DOWN,LOW,LINEUPS_INACTIVE; LOW_LEAGUE_RELIABILITY; PARTIAL_RECENT_STATS; API_COVERAGE_UNKNOWN,-34,CANDIDATE_PROVENANCE_CEILING,MEDIUM_TEMPO | MEDIUM_SHOT_VOLUME | MEDIUM_CORNER_VOLUME | MEDIUM_CARD_RISK | BALANCED_THREAT,none,none,default no bet; bad or incomplete lineups,DATED_INPUT_ONLY; API_COVERAGE_GATE_V2,NONE,NO_OPERATOR_ACTION,NONE,ATTENTION,OFFICIAL_NO_BET,NO_PICK_NO_STAKE,YES,YES,PENDING_NO_BET_AUDIT,PENDING,,PENDING_POSTMATCH,No execution permission.; api_gate=UNKNOWN; coverage_score=; missing=unknown,NO,NO
2026-08-10,2026-08-10T09:57:48+01:00,2026-08-10|1556628|NO_CLEAR_STAT_MARKET,1556628,Dundee Utd,Rangers,,,1,NO_BET,NO_BET,BLOCKED,NO_CLEAR_STAT_MARKET,NONE,NO_STAKE,NO,LIVE_ONLY_OR_SYMBOLIC,L7_SOFT_DOWN,LOW,LINEUPS_INACTIVE; LOW_LEAGUE_RELIABILITY; PARTIAL_RECENT_STATS; API_COVERAGE_UNKNOWN,-34,CANDIDATE_PROVENANCE_CEILING,MEDIUM_TEMPO | MEDIUM_SHOT_VOLUME | MEDIUM_CORNER_VOLUME | MEDIUM_CARD_RISK | BALANCED_THREAT,none,none,default no bet; bad or incomplete lineups,DATED_INPUT_ONLY; API_COVERAGE_GATE_V2,NONE,NO_OPERATOR_ACTION,NONE,ATTENTION,OFFICIAL_NO_BET,NO_PICK_NO_STAKE,YES,YES,PENDING_NO_BET_AUDIT,PENDING,,PENDING_POSTMATCH,No execution permission.; api_gate=UNKNOWN; coverage_score=; missing=unknown,NO,NO
2026-08-11,2026-08-11T09:30:59+01:00,2026-08-11|1494240|NO_CLEAR_STAT_MARKET,1494240,Vasteras SK FK,Djurgardens IF,,,1,NO_BET,NO_BET,BLOCKED,NO_CLEAR_STAT_MARKET,NONE,NO_STAKE,NO,REVIEW_ONLY,L6_REVIEW,LOW,LINEUPS_INACTIVE; LOW_LEAGUE_RELIABILITY; PARTIAL_RECENT_STATS; API_COVERAGE_UNKNOWN,-34,LOW_FORECAST_CONFIDENCE,MEDIUM_TEMPO | MEDIUM_SHOT_VOLUME | MEDIUM_CORNER_VOLUME | MEDIUM_CARD_RISK | BALANCED_THREAT,none,none,default no bet; low forecast confidence; bad or incomplete lineups,DATED_INPUT_ONLY; API_COVERAGE_GATE_V2,NONE,NO_OPERATOR_ACTION,NONE,ATTENTION,OFFICIAL_NO_BET,NO_PICK_NO_STAKE,YES,YES,PENDING_NO_BET_AUDIT,PENDING,,PENDING_POSTMATCH,No execution permission.; api_gate=UNKNOWN; coverage_score=; missing=unknown,NO,NO
2026-08-12,2026-08-12T09:48:00+01:00,2026-08-12|1607170|NO_CLEAR_STAT_MARKET,1607170,Kairat Almaty,Levski Sofia,,,1,NO_BET,NO_BET,BLOCKED,NO_CLEAR_STAT_MARKET,NONE,NO_STAKE,NO,REVIEW_ONLY,L6_REVIEW,LOW,LINEUPS_INACTIVE; LOW_LEAGUE_RELIABILITY; PARTIAL_RECENT_STATS; API_COVERAGE_UNKNOWN,-34,PROXY_BRIDGE_INVERSION_BLOCK,MEDIUM_TEMPO | MEDIUM_SHOT_VOLUME | MEDIUM_CORNER_VOLUME | MEDIUM_CARD_RISK | BALANCED_THREAT,none,none,default no bet; bad or incomplete lineups,DATED_INPUT_ONLY; API_COVERAGE_GATE_V2,NONE,NO_OPERATOR_ACTION,NONE,ATTENTION,OFFICIAL_NO_BET,NO_PICK_NO_STAKE,YES,YES,PENDING_NO_BET_AUDIT,PENDING,,PENDING_POSTMATCH,No execution permission.; api_gate=UNKNOWN; coverage_score=; missing=unknown,NO,NO
2026-08-13,2026-08-13T09:51:27+01:00,2026-08-13|1607197|NO_CLEAR_STAT_MARKET,1607197,RB Bragantino,Atletico-MG,,,1,NO_BET,NO_BET,BLOCKED,NO_CLEAR_STAT_MARKET,NONE,NO_STAKE,NO,REVIEW_ONLY,L6_REVIEW,LOW,LINEUPS_INACTIVE; LOW_LEAGUE_RELIABILITY; PARTIAL_RECENT_STATS; API_COVERAGE_UNKNOWN,-34,PROXY_BRIDGE_INVERSION_BLOCK,MEDIUM_TEMPO | MEDIUM_SHOT_VOLUME | MEDIUM_CORNER_VOLUME | MEDIUM_CARD_RISK | BALANCED_THREAT,none,none,default no bet; bad or incomplete lineups,DATED_INPUT_ONLY; API_COVERAGE_GATE_V2,NONE,NO_OPERATOR_ACTION,NONE,ATTENTION,OFFICIAL_NO_BET,NO_PICK_NO_STAKE,YES,YES,PENDING_NO_BET_AUDIT,PENDING,,PENDING_POSTMATCH,No execution permission.; api_gate=UNKNOWN; coverage_score=; missing=unknown,NO,NO
2026-08-14,2026-08-14T09:45:26+01:00,2026-08-14|DIAGNOSTIC_EMPTY_BY_PROMOTION_GATE|NO_MARKET,DIAGNOSTIC_EMPTY_BY_PROMOTION_GATE,NO_PROMOTED_RAW_CANDIDATES,NO_SCORING_SAFE_ROWS,,,0,NO_BET,DIAGNOSTIC_ONLY,EMPTY_BY_PROMOTION_GATE,NO_MARKET,NONE,NO_STAKE,NO_BET,PROMOTION_GATE_BLOCK,NO_PROMOTED_ROWS,NONE,no promoted raw candidates,0,EMPTY_BY_PROMOTION_GATE,none,none,none,default no bet; no promoted raw candidates,PROMOTION_GATE_DIAGNOSTIC_ONLY,NONE,NO_OPERATOR_ACTION,NONE,ATTENTION,DIAGNOSTIC_NO_PICK,NO_PICK_NO_STAKE,NO,NO,DIAGNOSTIC_NO_FIXTURE,PENDING,,DIAGNOSTIC_ONLY_NO_LEARNING,0 promoted raw candidates; no scoring-safe rows available,NO,NO
2026-08-15,2026-08-15T08:53:00+01:00,2026-08-15|DIAGNOSTIC_EMPTY_BY_PROMOTION_GATE|NO_MARKET,DIAGNOSTIC_EMPTY_BY_PROMOTION_GATE,NO_PROMOTED_RAW_CANDIDATES,NO_SCORING_SAFE_ROWS,,,0,NO_BET,DIAGNOSTIC_ONLY,EMPTY_BY_PROMOTION_GATE,NO_MARKET,NONE,NO_STAKE,NO_BET,PROMOTION_GATE_BLOCK,NO_PROMOTED_ROWS,NONE,no promoted raw candidates,0,EMPTY_BY_PROMOTION_GATE,none,none,none,default no bet; no promoted raw candidates,PROMOTION_GATE_DIAGNOSTIC_ONLY,NONE,NO_OPERATOR_ACTION,NONE,ATTENTION,DIAGNOSTIC_NO_PICK,NO_PICK_NO_STAKE,NO,NO,DIAGNOSTIC_NO_FIXTURE,PENDING,,DIAGNOSTIC_ONLY_NO_LEARNING,0 promoted raw candidates; no scoring-safe rows available,NO,NO
2026-08-16,2026-08-16T08:54:06+01:00,2026-08-16|DIAGNOSTIC_EMPTY_BY_PROMOTION_GATE|NO_MARKET,DIAGNOSTIC_EMPTY_BY_PROMOTION_GATE,NO_PROMOTED_RAW_CANDIDATES,NO_SCORING_SAFE_ROWS,,,0,NO_BET,DIAGNOSTIC_ONLY,EMPTY_BY_PROMOTION_GATE,NO_MARKET,NONE,NO_STAKE,NO_BET,PROMOTION_GATE_BLOCK,NO_PROMOTED_ROWS,NONE,no promoted raw candidates,0,EMPTY_BY_PROMOTION_GATE,none,none,none,default no bet; no promoted raw candidates,PROMOTION_GATE_DIAGNOSTIC_ONLY,NONE,NO_OPERATOR_ACTION,NONE,ATTENTION,DIAGNOSTIC_NO_PICK,NO_PICK_NO_STAKE,NO,NO,DIAGNOSTIC_NO_FIXTURE,PENDING,,DIAGNOSTIC_ONLY_NO_LEARNING,0 promoted raw candidates; no scoring-safe rows available,NO,NO
2026-08-17,2026-08-17T09:07:29+01:00,2026-08-17|DIAGNOSTIC_EMPTY_BY_PROMOTION_GATE|NO_MARKET,DIAGNOSTIC_EMPTY_BY_PROMOTION_GATE,NO_PROMOTED_RAW_CANDIDATES,NO_SCORING_SAFE_ROWS,,,0,NO_BET,DIAGNOSTIC_ONLY,EMPTY_BY_PROMOTION_GATE,NO_MARKET,NONE,NO_STAKE,NO_BET,PROMOTION_GATE_BLOCK,NO_PROMOTED_ROWS,NONE,no promoted raw candidates,0,EMPTY_BY_PROMOTION_GATE,none,none,none,default no bet; no promoted raw candidates,PROMOTION_GATE_DIAGNOSTIC_ONLY,NONE,NO_OPERATOR_ACTION,NONE,ATTENTION,DIAGNOSTIC_NO_PICK,NO_PICK_NO_STAKE,NO,NO,DIAGNOSTIC_NO_FIXTURE,PENDING,,DIAGNOSTIC_ONLY_NO_LEARNING,0 promoted raw candidates; no scoring-safe rows available,NO,NO
2026-08-18,2026-08-18T09:03:41+01:00,2026-08-18|DIAGNOSTIC_EMPTY_BY_PROMOTION_GATE|NO_MARKET,DIAGNOSTIC_EMPTY_BY_PROMOTION_GATE,NO_PROMOTED_RAW_CANDIDATES,NO_SCORING_SAFE_ROWS,,,0,NO_BET,DIAGNOSTIC_ONLY,EMPTY_BY_PROMOTION_GATE,NO_MARKET,NONE,NO_STAKE,NO_BET,PROMOTION_GATE_BLOCK,NO_PROMOTED_ROWS,NONE,no promoted raw candidates,0,EMPTY_BY_PROMOTION_GATE,none,none,none,default no bet; no promoted raw candidates,PROMOTION_GATE_DIAGNOSTIC_ONLY,NONE,NO_OPERATOR_ACTION,NONE,ATTENTION,DIAGNOSTIC_NO_PICK,NO_PICK_NO_STAKE,NO,NO,DIAGNOSTIC_NO_FIXTURE,PENDING,,DIAGNOSTIC_ONLY_NO_LEARNING,0 promoted raw candidates; no scoring-safe rows available,NO,NO
2026-08-19,2026-08-19T09:03:36+01:00,2026-08-19|1622621|NO_CLEAR_STAT_MARKET,1622621,Fenerbahçe,Lyon,,,1,NO_BET,NO_BET,BLOCKED,NO_CLEAR_STAT_MARKET,NONE,NO_STAKE,NO,REVIEW_ONLY,L6_REVIEW,LOW,LINEUPS_INACTIVE; LOW_LEAGUE_RELIABILITY; PARTIAL_RECENT_STATS; API_COVERAGE_UNKNOWN,-34,LOW_FORECAST_CONFIDENCE,MEDIUM_TEMPO | MEDIUM_SHOT_VOLUME | MEDIUM_CORNER_VOLUME | MEDIUM_CARD_RISK | BALANCED_THREAT,none,none,default no bet; low forecast confidence; bad or incomplete lineups,DATED_INPUT_ONLY; API_COVERAGE_GATE_V2,NONE,NO_OPERATOR_ACTION,NONE,ATTENTION,OFFICIAL_NO_BET,NO_PICK_NO_STAKE,YES,YES,PENDING_NO_BET_AUDIT,PENDING,,PENDING_POSTMATCH,No execution permission.; api_gate=UNKNOWN; coverage_score=; missing=unknown,NO,NO
2026-08-19,2026-08-19T09:03:36+01:00,2026-08-19|1622620|NO_CLEAR_STAT_MARKET,1622620,Dinamo Zagreb,Viking,,,2,NO_BET,NO_BET,BLOCKED,NO_CLEAR_STAT_MARKET,NONE,NO_STAKE,NO,REVIEW_ONLY,L6_REVIEW,LOW,LINEUPS_INACTIVE; LOW_LEAGUE_RELIABILITY; PARTIAL_RECENT_STATS; API_COVERAGE_UNKNOWN,-34,LOW_FORECAST_CONFIDENCE,MEDIUM_TEMPO | MEDIUM_SHOT_VOLUME | MEDIUM_CORNER_VOLUME | MEDIUM_CARD_RISK | BALANCED_THREAT,none,none,default no bet; low forecast confidence; bad or incomplete lineups,DATED_INPUT_ONLY; API_COVERAGE_GATE_V2,NONE,NO_OPERATOR_ACTION,NONE,ATTENTION,OFFICIAL_NO_BET,NO_PICK_NO_STAKE,YES,YES,PENDING_NO_BET_AUDIT,PENDING,,PENDING_POSTMATCH,No execution permission.; api_gate=UNKNOWN; coverage_score=; missing=unknown,NO,NO
2026-08-19,2026-08-19T09:03:36+01:00,2026-08-19|1547770|NO_CLEAR_STAT_MARKET,1547770,Independ. Rivadavia,Fluminense,,,3,NO_BET,NO_BET,BLOCKED,NO_CLEAR_STAT_MARKET,NONE,NO_STAKE,NO,REVIEW_ONLY,L6_REVIEW,LOW,LINEUPS_INACTIVE; LOW_LEAGUE_RELIABILITY; PARTIAL_RECENT_STATS; API_COVERAGE_UNKNOWN,-34,PROXY_BRIDGE_INVERSION_BLOCK,MEDIUM_TEMPO | MEDIUM_SHOT_VOLUME | MEDIUM_CORNER_VOLUME | MEDIUM_CARD_RISK | BALANCED_THREAT,none,none,default no bet; bad or incomplete lineups,DATED_INPUT_ONLY; API_COVERAGE_GATE_V2,NONE,NO_OPERATOR_ACTION,NONE,ATTENTION,OFFICIAL_NO_BET,NO_PICK_NO_STAKE,YES,YES,PENDING_NO_BET_AUDIT,PENDING,,PENDING_POSTMATCH,No execution permission.; api_gate=UNKNOWN; coverage_score=; missing=unknown,NO,NO
2026-08-20,2026-08-20T09:06:00+01:00,2026-08-20|1622621|NO_CLEAR_STAT_MARKET,1622621,Fenerbahçe,Lyon,,,1,NO_BET,NO_BET,BLOCKED,NO_CLEAR_STAT_MARKET,NONE,NO_STAKE,NO,REVIEW_ONLY,L6_REVIEW,LOW,LINEUPS_INACTIVE; LOW_LEAGUE_RELIABILITY; PARTIAL_RECENT_STATS; API_COVERAGE_UNKNOWN,-34,LOW_FORECAST_CONFIDENCE,MEDIUM_TEMPO | MEDIUM_SHOT_VOLUME | MEDIUM_CORNER_VOLUME | MEDIUM_CARD_RISK | BALANCED_THREAT,none,none,default no bet; low forecast confidence; bad or incomplete lineups,DATED_INPUT_ONLY; API_COVERAGE_GATE_V2,NONE,NO_OPERATOR_ACTION,NONE,ATTENTION,OFFICIAL_NO_BET,NO_PICK_NO_STAKE,YES,YES,PENDING_NO_BET_AUDIT,PENDING,,PENDING_POSTMATCH,No execution permission.; api_gate=UNKNOWN; coverage_score=; missing=unknown,NO,NO
2026-08-20,2026-08-20T09:06:00+01:00,2026-08-20|1622620|NO_CLEAR_STAT_MARKET,1622620,Dinamo Zagreb,Viking,,,2,NO_BET,NO_BET,BLOCKED,NO_CLEAR_STAT_MARKET,NONE,NO_STAKE,NO,REVIEW_ONLY,L6_REVIEW,LOW,LINEUPS_INACTIVE; LOW_LEAGUE_RELIABILITY; PARTIAL_RECENT_STATS; API_COVERAGE_UNKNOWN,-34,LOW_FORECAST_CONFIDENCE,MEDIUM_TEMPO | MEDIUM_SHOT_VOLUME | MEDIUM_CORNER_VOLUME | MEDIUM_CARD_RISK | BALANCED_THREAT,none,none,default no bet; low forecast confidence; bad or incomplete lineups,DATED_INPUT_ONLY; API_COVERAGE_GATE_V2,NONE,NO_OPERATOR_ACTION,NONE,ATTENTION,OFFICIAL_NO_BET,NO_PICK_NO_STAKE,YES,YES,PENDING_NO_BET_AUDIT,PENDING,,PENDING_POSTMATCH,No execution permission.; api_gate=UNKNOWN; coverage_score=; missing=unknown,NO,NO
2026-08-20,2026-08-20T09:06:00+01:00,2026-08-20|1547770|NO_CLEAR_STAT_MARKET,1547770,Independ. Rivadavia,Fluminense,,,3,NO_BET,NO_BET,BLOCKED,NO_CLEAR_STAT_MARKET,NONE,NO_STAKE,NO,REVIEW_ONLY,L6_REVIEW,LOW,LINEUPS_INACTIVE; LOW_LEAGUE_RELIABILITY; PARTIAL_RECENT_STATS; API_COVERAGE_UNKNOWN,-34,PROXY_BRIDGE_INVERSION_BLOCK,MEDIUM_TEMPO | MEDIUM_SHOT_VOLUME | MEDIUM_CORNER_VOLUME | MEDIUM_CARD_RISK | BALANCED_THREAT,none,none,default no bet; bad or incomplete lineups,DATED_INPUT_ONLY; API_COVERAGE_GATE_V2,NONE,NO_OPERATOR_ACTION,NONE,ATTENTION,OFFICIAL_NO_BET,NO_PICK_NO_STAKE,YES,YES,PENDING_NO_BET_AUDIT,PENDING,,PENDING_POSTMATCH,No execution permission.; api_gate=UNKNOWN; coverage_score=; missing=unknown,NO,NO
2026-08-21,2026-08-21T09:05:42+01:00,2026-08-21|1622621|NO_CLEAR_STAT_MARKET,1622621,Fenerbahçe,Lyon,,,1,NO_BET,NO_BET,BLOCKED,NO_CLEAR_STAT_MARKET,NONE,NO_STAKE,NO,REVIEW_ONLY,L6_REVIEW,LOW,LINEUPS_INACTIVE; LOW_LEAGUE_RELIABILITY; PARTIAL_RECENT_STATS; API_COVERAGE_UNKNOWN,-34,LOW_FORECAST_CONFIDENCE,MEDIUM_TEMPO | MEDIUM_SHOT_VOLUME | MEDIUM_CORNER_VOLUME | MEDIUM_CARD_RISK | BALANCED_THREAT,none,none,default no bet; low forecast confidence; bad or incomplete lineups,DATED_INPUT_ONLY; API_COVERAGE_GATE_V2,NONE,NO_OPERATOR_ACTION,NONE,ATTENTION,OFFICIAL_NO_BET,NO_PICK_NO_STAKE,YES,YES,PENDING_NO_BET_AUDIT,PENDING,,PENDING_POSTMATCH,No execution permission.; api_gate=UNKNOWN; coverage_score=; missing=unknown,NO,NO
2026-08-21,2026-08-21T09:05:42+01:00,2026-08-21|1622620|NO_CLEAR_STAT_MARKET,1622620,Dinamo Zagreb,Viking,,,2,NO_BET,NO_BET,BLOCKED,NO_CLEAR_STAT_MARKET,NONE,NO_STAKE,NO,REVIEW_ONLY,L6_REVIEW,LOW,LINEUPS_INACTIVE; LOW_LEAGUE_RELIABILITY; PARTIAL_RECENT_STATS; API_COVERAGE_UNKNOWN,-34,LOW_FORECAST_CONFIDENCE,MEDIUM_TEMPO | MEDIUM_SHOT_VOLUME | MEDIUM_CORNER_VOLUME | MEDIUM_CARD_RISK | BALANCED_THREAT,none,none,default no bet; low forecast confidence; bad or incomplete lineups,DATED_INPUT_ONLY; API_COVERAGE_GATE_V2,NONE,NO_OPERATOR_ACTION,NONE,ATTENTION,OFFICIAL_NO_BET,NO_PICK_NO_STAKE,YES,YES,PENDING_NO_BET_AUDIT,PENDING,,PENDING_POSTMATCH,No execution permission.; api_gate=UNKNOWN; coverage_score=; missing=unknown,NO,NO
2026-08-21,2026-08-21T09:05:42+01:00,2026-08-21|1547770|NO_CLEAR_STAT_MARKET,1547770,Independ. Rivadavia,Fluminense,,,3,NO_BET,NO_BET,BLOCKED,NO_CLEAR_STAT_MARKET,NONE,NO_STAKE,NO,REVIEW_ONLY,L6_REVIEW,LOW,LINEUPS_INACTIVE; LOW_LEAGUE_RELIABILITY; PARTIAL_RECENT_STATS; API_COVERAGE_UNKNOWN,-34,PROXY_BRIDGE_INVERSION_BLOCK,MEDIUM_TEMPO | MEDIUM_SHOT_VOLUME | MEDIUM_CORNER_VOLUME | MEDIUM_CARD_RISK | BALANCED_THREAT,none,none,default no bet; bad or incomplete lineups,DATED_INPUT_ONLY; API_COVERAGE_GATE_V2,NONE,NO_OPERATOR_ACTION,NONE,ATTENTION,OFFICIAL_NO_BET,NO_PICK_NO_STAKE,YES,YES,PENDING_NO_BET_AUDIT,PENDING,,PENDING_POSTMATCH,No execution permission.; api_gate=UNKNOWN; coverage_score=; missing=unknown,NO,NO
2026-08-22,2026-08-22T08:55:05+01:00,2026-08-22|1622621|NO_CLEAR_STAT_MARKET,1622621,Fenerbahçe,Lyon,,,1,NO_BET,NO_BET,BLOCKED,NO_CLEAR_STAT_MARKET,NONE,NO_STAKE,NO,REVIEW_ONLY,L6_REVIEW,LOW,LINEUPS_INACTIVE; LOW_LEAGUE_RELIABILITY; PARTIAL_RECENT_STATS; API_COVERAGE_UNKNOWN,-34,LOW_FORECAST_CONFIDENCE,MEDIUM_TEMPO | MEDIUM_SHOT_VOLUME | MEDIUM_CORNER_VOLUME | MEDIUM_CARD_RISK | BALANCED_THREAT,none,none,default no bet; low forecast confidence; bad or incomplete lineups,DATED_INPUT_ONLY; API_COVERAGE_GATE_V2,NONE,NO_OPERATOR_ACTION,NONE,ATTENTION,OFFICIAL_NO_BET,NO_PICK_NO_STAKE,YES,YES,PENDING_NO_BET_AUDIT,PENDING,,PENDING_POSTMATCH,No execution permission.; api_gate=UNKNOWN; coverage_score=; missing=unknown,NO,NO
2026-08-22,2026-08-22T08:55:05+01:00,2026-08-22|1622620|NO_CLEAR_STAT_MARKET,1622620,Dinamo Zagreb,Viking,,,2,NO_BET,NO_BET,BLOCKED,NO_CLEAR_STAT_MARKET,NONE,NO_STAKE,NO,REVIEW_ONLY,L6_REVIEW,LOW,LINEUPS_INACTIVE; LOW_LEAGUE_RELIABILITY; PARTIAL_RECENT_STATS; API_COVERAGE_UNKNOWN,-34,LOW_FORECAST_CONFIDENCE,MEDIUM_TEMPO | MEDIUM_SHOT_VOLUME | MEDIUM_CORNER_VOLUME | MEDIUM_CARD_RISK | BALANCED_THREAT,none,none,default no bet; low forecast confidence; bad or incomplete lineups,DATED_INPUT_ONLY; API_COVERAGE_GATE_V2,NONE,NO_OPERATOR_ACTION,NONE,ATTENTION,OFFICIAL_NO_BET,NO_PICK_NO_STAKE,YES,YES,PENDING_NO_BET_AUDIT,PENDING,,PENDING_POSTMATCH,No execution permission.; api_gate=UNKNOWN; coverage_score=; missing=unknown,NO,NO
2026-08-22,2026-08-22T08:55:05+01:00,2026-08-22|1547770|NO_CLEAR_STAT_MARKET,1547770,Independ. Rivadavia,Fluminense,,,3,NO_BET,NO_BET,BLOCKED,NO_CLEAR_STAT_MARKET,NONE,NO_STAKE,NO,REVIEW_ONLY,L6_REVIEW,LOW,LINEUPS_INACTIVE; LOW_LEAGUE_RELIABILITY; PARTIAL_RECENT_STATS; API_COVERAGE_UNKNOWN,-34,PROXY_BRIDGE_INVERSION_BLOCK,MEDIUM_TEMPO | MEDIUM_SHOT_VOLUME | MEDIUM_CORNER_VOLUME | MEDIUM_CARD_RISK | BALANCED_THREAT,none,none,default no bet; bad or incomplete lineups,DATED_INPUT_ONLY; API_COVERAGE_GATE_V2,NONE,NO_OPERATOR_ACTION,NONE,ATTENTION,OFFICIAL_NO_BET,NO_PICK_NO_STAKE,YES,YES,PENDING_NO_BET_AUDIT,PENDING,,PENDING_POSTMATCH,No execution permission.; api_gate=UNKNOWN; coverage_score=; missing=unknown,NO,NO
2026-08-23,2026-08-23T08:56:56+01:00,2026-08-23|1622621|NO_CLEAR_STAT_MARKET,1622621,Fenerbahçe,Lyon,,,1,NO_BET,NO_BET,BLOCKED,NO_CLEAR_STAT_MARKET,NONE,NO_STAKE,NO,REVIEW_ONLY,L6_REVIEW,LOW,LINEUPS_INACTIVE; LOW_LEAGUE_RELIABILITY; PARTIAL_RECENT_STATS; API_COVERAGE_UNKNOWN,-34,LOW_FORECAST_CONFIDENCE,MEDIUM_TEMPO | MEDIUM_SHOT_VOLUME | MEDIUM_CORNER_VOLUME | MEDIUM_CARD_RISK | BALANCED_THREAT,none,none,default no bet; low forecast confidence; bad or incomplete lineups,DATED_INPUT_ONLY; API_COVERAGE_GATE_V2,NONE,NO_OPERATOR_ACTION,NONE,ATTENTION,OFFICIAL_NO_BET,NO_PICK_NO_STAKE,YES,YES,PENDING_NO_BET_AUDIT,PENDING,,PENDING_POSTMATCH,No execution permission.; api_gate=UNKNOWN; coverage_score=; missing=unknown,NO,NO
2026-08-23,2026-08-23T08:56:56+01:00,2026-08-23|1622620|NO_CLEAR_STAT_MARKET,1622620,Dinamo Zagreb,Viking,,,2,NO_BET,NO_BET,BLOCKED,NO_CLEAR_STAT_MARKET,NONE,NO_STAKE,NO,REVIEW_ONLY,L6_REVIEW,LOW,LINEUPS_INACTIVE; LOW_LEAGUE_RELIABILITY; PARTIAL_RECENT_STATS; API_COVERAGE_UNKNOWN,-34,LOW_FORECAST_CONFIDENCE,MEDIUM_TEMPO | MEDIUM_SHOT_VOLUME | MEDIUM_CORNER_VOLUME | MEDIUM_CARD_RISK | BALANCED_THREAT,none,none,default no bet; low forecast confidence; bad or incomplete lineups,DATED_INPUT_ONLY; API_COVERAGE_GATE_V2,NONE,NO_OPERATOR_ACTION,NONE,ATTENTION,OFFICIAL_NO_BET,NO_PICK_NO_STAKE,YES,YES,PENDING_NO_BET_AUDIT,PENDING,,PENDING_POSTMATCH,No execution permission.; api_gate=UNKNOWN; coverage_score=; missing=unknown,NO,NO
2026-08-23,2026-08-23T08:56:56+01:00,2026-08-23|1547770|NO_CLEAR_STAT_MARKET,1547770,Independ. Rivadavia,Fluminense,,,3,NO_BET,NO_BET,BLOCKED,NO_CLEAR_STAT_MARKET,NONE,NO_STAKE,NO,REVIEW_ONLY,L6_REVIEW,LOW,LINEUPS_INACTIVE; LOW_LEAGUE_RELIABILITY; PARTIAL_RECENT_STATS; API_COVERAGE_UNKNOWN,-34,PROXY_BRIDGE_INVERSION_BLOCK,MEDIUM_TEMPO | MEDIUM_SHOT_VOLUME | MEDIUM_CORNER_VOLUME | MEDIUM_CARD_RISK | BALANCED_THREAT,none,none,default no bet; bad or incomplete lineups,DATED_INPUT_ONLY; API_COVERAGE_GATE_V2,NONE,NO_OPERATOR_ACTION,NONE,ATTENTION,OFFICIAL_NO_BET,NO_PICK_NO_STAKE,YES,YES,PENDING_NO_BET_AUDIT,PENDING,,PENDING_POSTMATCH,No execution permission.; api_gate=UNKNOWN; coverage_score=; missing=unknown,NO,NO
2026-08-24,2026-08-24T09:11:10+01:00,2026-08-24|1622621|NO_CLEAR_STAT_MARKET,1622621,Fenerbahçe,Lyon,,,1,NO_BET,NO_BET,BLOCKED,NO_CLEAR_STAT_MARKET,NONE,NO_STAKE,NO,REVIEW_ONLY,L6_REVIEW,LOW,LINEUPS_INACTIVE; LOW_LEAGUE_RELIABILITY; PARTIAL_RECENT_STATS; API_COVERAGE_UNKNOWN,-34,LOW_FORECAST_CONFIDENCE,MEDIUM_TEMPO | MEDIUM_SHOT_VOLUME | MEDIUM_CORNER_VOLUME | MEDIUM_CARD_RISK | BALANCED_THREAT,none,none,default no bet; low forecast confidence; bad or incomplete lineups,DATED_INPUT_ONLY; API_COVERAGE_GATE_V2,NONE,NO_OPERATOR_ACTION,NONE,ATTENTION,OFFICIAL_NO_BET,NO_PICK_NO_STAKE,YES,YES,PENDING_NO_BET_AUDIT,PENDING,,PENDING_POSTMATCH,No execution permission.; api_gate=UNKNOWN; coverage_score=; missing=unknown,NO,NO
2026-08-24,2026-08-24T09:11:10+01:00,2026-08-24|1622620|NO_CLEAR_STAT_MARKET,1622620,Dinamo Zagreb,Viking,,,2,NO_BET,NO_BET,BLOCKED,NO_CLEAR_STAT_MARKET,NONE,NO_STAKE,NO,REVIEW_ONLY,L6_REVIEW,LOW,LINEUPS_INACTIVE; LOW_LEAGUE_RELIABILITY; PARTIAL_RECENT_STATS; API_COVERAGE_UNKNOWN,-34,LOW_FORECAST_CONFIDENCE,MEDIUM_TEMPO | MEDIUM_SHOT_VOLUME | MEDIUM_CORNER_VOLUME | MEDIUM_CARD_RISK | BALANCED_THREAT,none,none,default no bet; low forecast confidence; bad or incomplete lineups,DATED_INPUT_ONLY; API_COVERAGE_GATE_V2,NONE,NO_OPERATOR_ACTION,NONE,ATTENTION,OFFICIAL_NO_BET,NO_PICK_NO_STAKE,YES,YES,PENDING_NO_BET_AUDIT,PENDING,,PENDING_POSTMATCH,No execution permission.; api_gate=UNKNOWN; coverage_score=; missing=unknown,NO,NO
2026-08-24,2026-08-24T09:11:10+01:00,2026-08-24|1547770|NO_CLEAR_STAT_MARKET,1547770,Independ. Rivadavia,Fluminense,,,3,NO_BET,NO_BET,BLOCKED,NO_CLEAR_STAT_MARKET,NONE,NO_STAKE,NO,REVIEW_ONLY,L6_REVIEW,LOW,LINEUPS_INACTIVE; LOW_LEAGUE_RELIABILITY; PARTIAL_RECENT_STATS; API_COVERAGE_UNKNOWN,-34,PROXY_BRIDGE_INVERSION_BLOCK,MEDIUM_TEMPO | MEDIUM_SHOT_VOLUME | MEDIUM_CORNER_VOLUME | MEDIUM_CARD_RISK | BALANCED_THREAT,none,none,default no bet; bad or incomplete lineups,DATED_INPUT_ONLY; API_COVERAGE_GATE_V2,NONE,NO_OPERATOR_ACTION,NONE,ATTENTION,OFFICIAL_NO_BET,NO_PICK_NO_STAKE,YES,YES,PENDING_NO_BET_AUDIT,PENDING,,PENDING_POSTMATCH,No execution permission.; api_gate=UNKNOWN; coverage_score=; missing=unknown,NO,NO
